SUB	whole-first-rel-pitch-5	motif	1	true
TR	rel-pitch-5-to-rest	1	true	n1 n2	(and (duration>= (duration n1) 1) (not (rest? n1)) (= (note-category n1) C) (= (relative-pitch n1) 5) (duration>= (duration n2) 1) (rest? n2))	(multiply-duration 1.0 (transpose-diatonic 1 n1))	n2
TR	rel-pitch-5-to-5	1	true	n1 n2	(and (duration>= (duration n1) 1) (not (rest? n1)) (= (note-category n1) C) (= (relative-pitch n1) 5) (duration>= (duration n2) 1) (not (rest? n2)) (= (note-category n2) C) (= (relative-pitch n2) 5) (pitch>= n1 n2))	(multiply-duration 0.25 (transpose-diatonic 2 n1))	(multiply-duration 0.25 (transpose-diatonic 1 n1))	(multiply-duration 0.375 (transpose-diatonic -2 n1))	(multiply-duration 0.125 (make-rest n1))	(multiply-duration 0.25 (make-rest n2))	(multiply-duration 0.125 (transpose-diatonic #3 n2))	(multiply-duration 0.0625 (transpose-diatonic 4 n2))	(multiply-duration 0.0625 (transpose-diatonic #3 n2))	(multiply-duration 0.125 (transpose-diatonic 2 n2))	(multiply-duration 0.125 (transpose-diatonic 1 n2))	(multiply-duration 0.125 (transpose-diatonic #-1 n2))	(multiply-duration 0.125 (transpose-diatonic -2 n2))
TR	rel-pitch-5-to-3	1	true	n1 n2	(and (duration>= (duration n1) 1) (not (rest? n1)) (= (note-category n1) C) (= (relative-pitch n1) 5) (duration>= (duration n2) 1) (not (rest? n2)) (= (note-category n2) C) (= (relative-pitch n2) 3) (pitch< n1 n2))	(multiply-duration 0.25 (make-rest n1))	(multiply-duration 0.125 (transpose-diatonic 1 n1))	(multiply-duration 0.125 (transpose-diatonic 2 n1))	(multiply-duration 0.125 (transpose-diatonic 3 n1))	(multiply-duration 0.125 (transpose-diatonic 2 n1))	(multiply-duration 0.125 (transpose-diatonic 1 n1))	(multiply-duration 0.125 (make-rest n1))	(multiply-duration 0.25 (transpose-diatonic 3 n2))	(multiply-duration 0.125 (transpose-diatonic 1 n2))	(multiply-duration 0.125 (transpose-diatonic -1 n2))	(multiply-duration 0.125 (transpose-diatonic -2 n2))	(multiply-duration 0.125 (transpose-diatonic -1 n2))	(multiply-duration 0.125 (transpose-diatonic 1 n2))	(multiply-duration 0.125 (make-rest n2))
TR	rel-pitch-5-to-5	1	true	n1 n2	(and (duration>= (duration n1) 1) (not (rest? n1)) (= (note-category n1) C) (= (relative-pitch n1) 5) (duration>= (duration n2) 1) (not (rest? n2)) (= (note-category n2) C) (= (relative-pitch n2) 5) (pitch>= n1 n2))	(multiply-duration 0.25 (transpose-diatonic 1 n1))	(multiply-duration 0.25 (make-rest n1))	(multiply-duration 0.125 (transpose-diatonic 2 n1))	(multiply-duration 0.0625 (transpose-diatonic b3 n1))	(multiply-duration 0.0625 (transpose-diatonic 2 n1))	(multiply-duration 0.125 (transpose-diatonic 1 n1))	(multiply-duration 0.125 (transpose-diatonic -1 n1))	(multiply-duration 0.125 (transpose-diatonic #-1 n2))	(multiply-duration 0.125 (transpose-diatonic -2 n2))	(multiply-duration 0.08333333333333333 (transpose-diatonic b-2 n2))	(multiply-duration 0.08333333333333333 (transpose-diatonic #-1 n2))	(multiply-duration 0.08333333333333333 (transpose-diatonic 2 n2))	(multiply-duration 0.125 (transpose-diatonic 4 n2))	(multiply-duration 0.125 (transpose-diatonic 3 n2))	(multiply-duration 0.125 (transpose-diatonic #3 n2))	(multiply-duration 0.125 (transpose-diatonic 2 n2))
TR	rel-pitch-5-to-3	1	true	n1 n2	(and (duration>= (duration n1) 1) (not (rest? n1)) (= (note-category n1) C) (= (relative-pitch n1) 5) (duration>= (duration n2) 1) (not (rest? n2)) (= (note-category n2) C) (= (relative-pitch n2) 3) (pitch< n1 n2))	(multiply-duration 0.125 (make-rest n1))	(multiply-duration 0.125 (transpose-diatonic -4 n1))	(multiply-duration 0.125 (transpose-diatonic -2 n1))	(multiply-duration 0.125 (transpose-diatonic 1 n1))	(multiply-duration 0.125 (transpose-diatonic b3 n1))	(multiply-duration 0.125 (make-rest n1))	(multiply-duration 0.25 (transpose-diatonic 3 n1))	(multiply-duration 0.25 (make-rest n2))	(multiply-duration 0.125 (transpose-diatonic 3 n2))	(multiply-duration 0.125 (transpose-diatonic 1 n2))	(multiply-duration 0.125 (transpose-diatonic -1 n2))	(multiply-duration 0.0625 (transpose-diatonic 1 n2))	(multiply-duration 0.0625 (transpose-diatonic -1 n2))	(multiply-duration 0.125 (transpose-diatonic -2 n2))	(multiply-duration 0.125 (transpose-diatonic 2 n2))
TR	rel-pitch-5-to-5	1	true	n1 n2	(and (duration>= (duration n1) 1) (not (rest? n1)) (= (note-category n1) C) (= (relative-pitch n1) 5) (duration>= (duration n2) 1) (not (rest? n2)) (= (note-category n2) C) (= (relative-pitch n2) 5) (pitch>= n1 n2))	(multiply-duration 0.5 (make-rest n1))	(multiply-duration 0.125 (transpose-diatonic 2 n1))	(multiply-duration 0.0625 (transpose-diatonic b3 n1))	(multiply-duration 0.0625 (transpose-diatonic 2 n1))	(multiply-duration 0.125 (transpose-diatonic 1 n1))	(multiply-duration 0.125 (transpose-diatonic -1 n1))	(multiply-duration 0.125 (transpose-diatonic #-1 n2))	(multiply-duration 0.125 (transpose-diatonic -2 n2))	(multiply-duration 0.08333333333333333 (transpose-diatonic b-2 n2))	(multiply-duration 0.08333333333333333 (transpose-diatonic #-1 n2))	(multiply-duration 0.08333333333333333 (transpose-diatonic 2 n2))	(multiply-duration 0.125 (transpose-diatonic 4 n2))	(multiply-duration 0.125 (transpose-diatonic 3 n2))	(multiply-duration 0.125 (transpose-diatonic #-1 n2))	(multiply-duration 0.125 (transpose-diatonic 3 n2))
TR	rel-pitch-5-to-3	1	true	n1 n2	(and (duration>= (duration n1) 1) (not (rest? n1)) (= (note-category n1) C) (= (relative-pitch n1) 5) (duration>= (duration n2) 1) (not (rest? n2)) (= (note-category n2) C) (= (relative-pitch n2) 3) (pitch< n1 n2))	(multiply-duration 0.125 (transpose-diatonic 4 n1))	(multiply-duration 0.125 (make-rest n1))	(multiply-duration 0.25 (transpose-diatonic 1 n1))	(multiply-duration 0.25 (transpose-diatonic -2 n1))	(multiply-duration 0.125 (transpose-diatonic -3 n1))	(multiply-duration 0.125 (make-rest n1))	(multiply-duration 0.25 (make-rest n2))	(multiply-duration 0.125 (transpose-diatonic 3 n2))	(multiply-duration 0.125 (transpose-diatonic 1 n2))	(multiply-duration 0.125 (make-rest n2))	(multiply-duration 0.125 (transpose-diatonic -1 n2))	(multiply-duration 0.125 (transpose-diatonic -2 n2))	(multiply-duration 0.125 (make-rest n2))
TR	rel-pitch-5-to-1	1	true	n1 n2	(and (duration>= (duration n1) 1) (not (rest? n1)) (= (note-category n1) C) (= (relative-pitch n1) 5) (duration>= (duration n2) 1) (not (rest? n2)) (= (note-category n2) C) (= (relative-pitch n2) 1) (pitch>= n1 n2))	(multiply-duration 0.125 (transpose-diatonic 1 n1))	(multiply-duration 0.125 (transpose-diatonic -2 n1))	(multiply-duration 0.125 (transpose-diatonic 1 n1))	(multiply-duration 0.125 (transpose-diatonic 2 n1))	(multiply-duration 0.125 (transpose-diatonic 3 n1))	(multiply-duration 0.125 (transpose-diatonic 2 n1))	(multiply-duration 0.125 (transpose-diatonic 1 n1))	(multiply-duration 0.125 (make-rest n1))	(multiply-duration 0.25 (make-rest n2))	(multiply-duration 0.125 (transpose-diatonic 1 n2))	(multiply-duration 0.125 (transpose-diatonic 2 n2))	(multiply-duration 0.125 (transpose-diatonic 3 n2))	(multiply-duration 0.125 (transpose-diatonic 2 n2))	(multiply-duration 0.125 (transpose-diatonic 1 n2))	(multiply-duration 0.125 (transpose-diatonic -2 n2))
TR	rel-pitch-5-to-3	1	true	n1 n2	(and (duration>= (duration n1) 1) (not (rest? n1)) (= (note-category n1) C) (= (relative-pitch n1) 5) (duration>= (duration n2) 1) (not (rest? n2)) (= (note-category n2) C) (= (relative-pitch n2) 3) (pitch< n1 n2))	(multiply-duration 0.125 (make-rest n1))	(multiply-duration 0.125 (transpose-diatonic 1 n1))	(multiply-duration 0.125 (transpose-diatonic 2 n1))	(multiply-duration 0.125 (transpose-diatonic 3 n1))	(multiply-duration 0.125 (transpose-diatonic 4 n1))	(multiply-duration 0.125 (transpose-diatonic 2 n1))	(multiply-duration 0.25 (make-rest n1))	(multiply-duration 0.125 (make-rest n2))	(multiply-duration 0.0625 (transpose-diatonic 3 n2))	(multiply-duration 0.0625 (transpose-diatonic b3 n2))	(multiply-duration 0.125 (transpose-diatonic 2 n2))	(multiply-duration 0.125 (transpose-diatonic #1 n2))	(multiply-duration 0.125 (transpose-diatonic 1 n2))	(multiply-duration 0.125 (transpose-diatonic -5 n2))	(multiply-duration 0.25 (transpose-diatonic 2 n2))
TR	rel-pitch-5-to-5	1	true	n1 n2	(and (duration>= (duration n1) 1) (not (rest? n1)) (= (note-category n1) C) (= (relative-pitch n1) 5) (duration>= (duration n2) 1) (not (rest? n2)) (= (note-category n2) C) (= (relative-pitch n2) 5) (pitch>= n1 n2))	(multiply-duration 0.5 (make-rest n1))	(multiply-duration 0.125 (transpose-diatonic 2 n1))	(multiply-duration 0.0625 (transpose-diatonic b3 n1))	(multiply-duration 0.0625 (transpose-diatonic 2 n1))	(multiply-duration 0.125 (transpose-diatonic 1 n1))	(multiply-duration 0.125 (transpose-diatonic -1 n1))	(multiply-duration 0.125 (transpose-diatonic #-1 n2))	(multiply-duration 0.125 (transpose-diatonic -2 n2))	(multiply-duration 0.08333333333333333 (transpose-diatonic b-2 n2))	(multiply-duration 0.08333333333333333 (transpose-diatonic #-1 n2))	(multiply-duration 0.08333333333333333 (transpose-diatonic 2 n2))	(multiply-duration 0.125 (transpose-diatonic 4 n2))	(multiply-duration 0.125 (transpose-diatonic 3 n2))	(multiply-duration 0.125 (transpose-diatonic #3 n2))	(multiply-duration 0.125 (transpose-diatonic 2 n2))
TR	rel-pitch-5-to-1	1	true	n1 n2	(and (duration>= (duration n1) 1) (not (rest? n1)) (= (note-category n1) C) (= (relative-pitch n1) 5) (duration>= (duration n2) 1) (not (rest? n2)) (= (note-category n2) C) (= (relative-pitch n2) 1) (pitch>= n1 n2))	(multiply-duration 0.125 (make-rest n1))	(multiply-duration 0.0625 (transpose-diatonic -2 n1))	(multiply-duration 0.0625 (transpose-diatonic -1 n1))	(multiply-duration 0.08333333333333333 (transpose-diatonic 2 n1))	(multiply-duration 0.08333333333333333 (transpose-diatonic 4 n1))	(multiply-duration 0.08333333333333333 (transpose-diatonic 6 n1))	(multiply-duration 0.125 (transpose-diatonic 5 n1))	(multiply-duration 0.125 (transpose-diatonic 2 n1))	(multiply-duration 0.125 (transpose-diatonic -1 n1))	(multiply-duration 0.125 (transpose-diatonic -3 n1))	(multiply-duration 0.125 (transpose-diatonic #3 n2))	(multiply-duration 0.125 (transpose-diatonic 2 n2))	(multiply-duration 0.125 (transpose-diatonic 1 n2))	(multiply-duration 0.125 (transpose-diatonic #-1 n2))	(multiply-duration 0.125 (transpose-diatonic -1 n2))	(multiply-duration 0.125 (transpose-diatonic 2 n2))	(multiply-duration 0.25 (make-rest n2))
TR	rel-pitch-5-to-5	1	true	n1 n2	(and (duration>= (duration n1) 1) (not (rest? n1)) (= (note-category n1) C) (= (relative-pitch n1) 5) (duration>= (duration n2) 1) (not (rest? n2)) (= (note-category n2) C) (= (relative-pitch n2) 5) (pitch>= n1 n2))	(multiply-duration 0.5 (make-rest n1))	(multiply-duration 0.125 (transpose-diatonic 2 n1))	(multiply-duration 0.0625 (transpose-diatonic b3 n1))	(multiply-duration 0.0625 (transpose-diatonic 2 n1))	(multiply-duration 0.125 (transpose-diatonic 1 n1))	(multiply-duration 0.125 (transpose-diatonic -1 n1))	(multiply-duration 0.125 (transpose-diatonic #-1 n2))	(multiply-duration 0.125 (transpose-diatonic -2 n2))	(multiply-duration 0.08333333333333333 (transpose-diatonic b-2 n2))	(multiply-duration 0.08333333333333333 (transpose-diatonic #-1 n2))	(multiply-duration 0.08333333333333333 (transpose-diatonic 2 n2))	(multiply-duration 0.25 (transpose-diatonic 4 n2))	(multiply-duration 0.125 (transpose-diatonic #3 n2))	(multiply-duration 0.125 (make-rest n2))
TR	rel-pitch-5-to-3	1	true	n1 n2	(and (duration>= (duration n1) 1) (not (rest? n1)) (= (note-category n1) C) (= (relative-pitch n1) 5) (duration>= (duration n2) 1) (not (rest? n2)) (= (note-category n2) C) (= (relative-pitch n2) 3) (pitch< n1 n2))	(multiply-duration 0.125 (make-rest n1))	(multiply-duration 0.125 (transpose-diatonic 1 n1))	(multiply-duration 0.125 (transpose-diatonic 2 n1))	(multiply-duration 0.125 (transpose-diatonic 3 n1))	(multiply-duration 0.125 (make-rest n1))	(multiply-duration 0.125 (transpose-diatonic 2 n1))	(multiply-duration 0.125 (transpose-diatonic 1 n1))	(multiply-duration 0.125 (make-rest n1))	(multiply-duration 0.375 (transpose-diatonic 3 n2))	(multiply-duration 0.125 (transpose-diatonic 1 n2))	(multiply-duration 0.125 (transpose-diatonic -1 n2))	(multiply-duration 0.0625 (transpose-diatonic 1 n2))	(multiply-duration 0.0625 (transpose-diatonic -1 n2))	(multiply-duration 0.125 (transpose-diatonic -2 n2))	(multiply-duration 0.125 (transpose-diatonic 2 n2))
TR	rel-pitch-5	1	true	n1	(and (duration>= (duration n1) 1) (not (rest? n1)) (= (note-category n1) C) (= (relative-pitch n1) 5))	(multiply-duration 1.0 (transpose-diatonic 1 n1))
TR	rel-pitch-5	1	true	n1	(and (duration>= (duration n1) 1) (not (rest? n1)) (= (note-category n1) C) (= (relative-pitch n1) 5))	(multiply-duration 0.25 (make-rest n1))	(multiply-duration 0.125 (transpose-diatonic #3 n1))	(multiply-duration 0.0625 (transpose-diatonic 4 n1))	(multiply-duration 0.0625 (transpose-diatonic #3 n1))	(multiply-duration 0.125 (transpose-diatonic 2 n1))	(multiply-duration 0.125 (transpose-diatonic 1 n1))	(multiply-duration 0.125 (transpose-diatonic #-1 n1))	(multiply-duration 0.125 (transpose-diatonic -2 n1))
TR	rel-pitch-5	1	true	n1	(and (duration>= (duration n1) 1) (not (rest? n1)) (= (note-category n1) C) (= (relative-pitch n1) 5))	(multiply-duration 0.25 (transpose-diatonic 2 n1))	(multiply-duration 0.25 (transpose-diatonic 1 n1))	(multiply-duration 0.375 (transpose-diatonic -2 n1))	(multiply-duration 0.125 (make-rest n1))
TR	rel-pitch-5	1	true	n1	(and (duration>= (duration n1) 1) (not (rest? n1)) (= (note-category n1) C) (= (relative-pitch n1) 5))	(multiply-duration 0.25 (make-rest n1))	(multiply-duration 0.125 (transpose-diatonic 1 n1))	(multiply-duration 0.125 (transpose-diatonic 2 n1))	(multiply-duration 0.125 (transpose-diatonic 3 n1))	(multiply-duration 0.125 (transpose-diatonic 2 n1))	(multiply-duration 0.125 (transpose-diatonic 1 n1))	(multiply-duration 0.125 (make-rest n1))
TR	rel-pitch-5	1	true	n1	(and (duration>= (duration n1) 1) (not (rest? n1)) (= (note-category n1) C) (= (relative-pitch n1) 5))	(multiply-duration 0.125 (transpose-diatonic -1 n1))	(multiply-duration 0.125 (transpose-diatonic -3 n1))	(multiply-duration 0.125 (transpose-diatonic -2 n1))	(multiply-duration 0.125 (transpose-diatonic 2 n1))	(multiply-duration 0.125 (make-rest n1))	(multiply-duration 0.125 (transpose-diatonic -2 n1))	(multiply-duration 0.125 (transpose-diatonic 4 n1))	(multiply-duration 0.125 (transpose-diatonic 2 n1))
TR	rel-pitch-5	2	true	n1	(and (duration>= (duration n1) 1) (not (rest? n1)) (= (note-category n1) C) (= (relative-pitch n1) 5))	(multiply-duration 0.125 (transpose-diatonic #-1 n1))	(multiply-duration 0.125 (transpose-diatonic -2 n1))	(multiply-duration 0.08333333333333333 (transpose-diatonic b-2 n1))	(multiply-duration 0.08333333333333333 (transpose-diatonic #-1 n1))	(multiply-duration 0.08333333333333333 (transpose-diatonic 2 n1))	(multiply-duration 0.125 (transpose-diatonic 4 n1))	(multiply-duration 0.125 (transpose-diatonic 3 n1))	(multiply-duration 0.125 (transpose-diatonic #3 n1))	(multiply-duration 0.125 (transpose-diatonic 2 n1))
TR	rel-pitch-5	1	true	n1	(and (duration>= (duration n1) 1) (not (rest? n1)) (= (note-category n1) C) (= (relative-pitch n1) 5))	(multiply-duration 0.25 (transpose-diatonic 1 n1))	(multiply-duration 0.25 (make-rest n1))	(multiply-duration 0.125 (transpose-diatonic 2 n1))	(multiply-duration 0.0625 (transpose-diatonic b3 n1))	(multiply-duration 0.0625 (transpose-diatonic 2 n1))	(multiply-duration 0.125 (transpose-diatonic 1 n1))	(multiply-duration 0.125 (transpose-diatonic -1 n1))
TR	rel-pitch-5	1	true	n1	(and (duration>= (duration n1) 1) (not (rest? n1)) (= (note-category n1) C) (= (relative-pitch n1) 5))	(multiply-duration 0.125 (make-rest n1))	(multiply-duration 0.125 (transpose-diatonic -4 n1))	(multiply-duration 0.125 (transpose-diatonic -2 n1))	(multiply-duration 0.125 (transpose-diatonic 1 n1))	(multiply-duration 0.125 (transpose-diatonic b3 n1))	(multiply-duration 0.125 (make-rest n1))	(multiply-duration 0.25 (transpose-diatonic 3 n1))
TR	rel-pitch-5	1	true	n1	(and (duration>= (duration n1) 1) (not (rest? n1)) (= (note-category n1) C) (= (relative-pitch n1) 5))	(multiply-duration 0.125 (transpose-diatonic -1 n1))	(multiply-duration 0.125 (transpose-diatonic -3 n1))	(multiply-duration 0.125 (transpose-diatonic -2 n1))	(multiply-duration 0.5 (transpose-diatonic b6 n1))	(multiply-duration 0.125 (transpose-diatonic b5 n1))
TR	rel-pitch-5	1	true	n1	(and (duration>= (duration n1) 1) (not (rest? n1)) (= (note-category n1) C) (= (relative-pitch n1) 5))	(multiply-duration 0.125 (transpose-diatonic #-1 n1))	(multiply-duration 0.125 (transpose-diatonic -2 n1))	(multiply-duration 0.08333333333333333 (transpose-diatonic b-2 n1))	(multiply-duration 0.08333333333333333 (transpose-diatonic #-1 n1))	(multiply-duration 0.08333333333333333 (transpose-diatonic 2 n1))	(multiply-duration 0.125 (transpose-diatonic 4 n1))	(multiply-duration 0.125 (transpose-diatonic 3 n1))	(multiply-duration 0.125 (transpose-diatonic #-1 n1))	(multiply-duration 0.125 (transpose-diatonic 3 n1))
TR	rel-pitch-5	3	true	n1	(and (duration>= (duration n1) 1) (not (rest? n1)) (= (note-category n1) C) (= (relative-pitch n1) 5))	(multiply-duration 0.5 (make-rest n1))	(multiply-duration 0.125 (transpose-diatonic 2 n1))	(multiply-duration 0.0625 (transpose-diatonic b3 n1))	(multiply-duration 0.0625 (transpose-diatonic 2 n1))	(multiply-duration 0.125 (transpose-diatonic 1 n1))	(multiply-duration 0.125 (transpose-diatonic -1 n1))
TR	rel-pitch-5	1	true	n1	(and (duration>= (duration n1) 1) (not (rest? n1)) (= (note-category n1) C) (= (relative-pitch n1) 5))	(multiply-duration 0.125 (transpose-diatonic 4 n1))	(multiply-duration 0.125 (make-rest n1))	(multiply-duration 0.25 (transpose-diatonic 1 n1))	(multiply-duration 0.25 (transpose-diatonic -2 n1))	(multiply-duration 0.125 (transpose-diatonic -3 n1))	(multiply-duration 0.125 (make-rest n1))
TR	rel-pitch-5	1	true	n1	(and (duration>= (duration n1) 1) (not (rest? n1)) (= (note-category n1) C) (= (relative-pitch n1) 5))	(multiply-duration 0.125 (transpose-diatonic 1 n1))	(multiply-duration 0.125 (transpose-diatonic -2 n1))	(multiply-duration 0.125 (transpose-diatonic 1 n1))	(multiply-duration 0.125 (transpose-diatonic 2 n1))	(multiply-duration 0.125 (transpose-diatonic 3 n1))	(multiply-duration 0.125 (transpose-diatonic 2 n1))	(multiply-duration 0.125 (transpose-diatonic 1 n1))	(multiply-duration 0.125 (make-rest n1))
TR	rel-pitch-5	1	true	n1	(and (duration>= (duration n1) 1) (not (rest? n1)) (= (note-category n1) C) (= (relative-pitch n1) 5))	(multiply-duration 0.125 (transpose-diatonic 2 n1))	(multiply-duration 0.375 (transpose-diatonic 3 n1))	(multiply-duration 0.375 (transpose-diatonic 2 n1))	(multiply-duration 0.125 (transpose-diatonic 1 n1))
TR	rel-pitch-5	1	true	n1	(and (duration>= (duration n1) 1) (not (rest? n1)) (= (note-category n1) C) (= (relative-pitch n1) 5))	(multiply-duration 0.125 (transpose-diatonic -5 n1))	(multiply-duration 0.5 (make-rest n1))	(multiply-duration 0.125 (make-rest n1))	(multiply-duration 0.125 (transpose-diatonic 3 n1))	(multiply-duration 0.125 (transpose-diatonic 4 n1))
TR	rel-pitch-5	1	true	n1	(and (duration>= (duration n1) 1) (not (rest? n1)) (= (note-category n1) C) (= (relative-pitch n1) 5))	(multiply-duration 0.25 (transpose-diatonic 4 n1))	(multiply-duration 0.25 (transpose-diatonic #3 n1))	(multiply-duration 0.375 (transpose-diatonic -1 n1))	(multiply-duration 0.125 (transpose-diatonic #-1 n1))
TR	rel-pitch-5	1	true	n1	(and (duration>= (duration n1) 1) (not (rest? n1)) (= (note-category n1) C) (= (relative-pitch n1) 5))	(multiply-duration 0.125 (make-rest n1))	(multiply-duration 0.125 (transpose-diatonic 1 n1))	(multiply-duration 0.125 (transpose-diatonic 2 n1))	(multiply-duration 0.125 (transpose-diatonic 3 n1))	(multiply-duration 0.125 (transpose-diatonic 4 n1))	(multiply-duration 0.125 (transpose-diatonic 2 n1))	(multiply-duration 0.25 (make-rest n1))
TR	rel-pitch-5	1	true	n1	(and (duration>= (duration n1) 1) (not (rest? n1)) (= (note-category n1) C) (= (relative-pitch n1) 5))	(multiply-duration 0.125 (transpose-diatonic -1 n1))	(multiply-duration 0.875 (make-rest n1))
TR	rel-pitch-5	1	true	n1	(and (duration>= (duration n1) 1) (not (rest? n1)) (= (note-category n1) C) (= (relative-pitch n1) 5))	(multiply-duration 0.25 (make-rest n1))	(multiply-duration 0.125 (transpose-diatonic 4 n1))	(multiply-duration 0.125 (transpose-diatonic #3 n1))	(multiply-duration 0.125 (transpose-diatonic 2 n1))	(multiply-duration 0.125 (transpose-diatonic 1 n1))	(multiply-duration 0.125 (transpose-diatonic #-1 n1))	(multiply-duration 0.125 (transpose-diatonic -2 n1))
TR	rel-pitch-5	1	true	n1	(and (duration>= (duration n1) 1) (not (rest? n1)) (= (note-category n1) C) (= (relative-pitch n1) 5))	(multiply-duration 0.125 (transpose-diatonic 3 n1))	(multiply-duration 0.0625 (transpose-diatonic 4 n1))	(multiply-duration 0.0625 (transpose-diatonic 3 n1))	(multiply-duration 0.125 (transpose-diatonic 1 n1))	(multiply-duration 0.125 (transpose-diatonic -2 n1))	(multiply-duration 0.125 (transpose-diatonic -3 n1))	(multiply-duration 0.125 (transpose-diatonic -4 n1))	(multiply-duration 0.25 (make-rest n1))
TR	rel-pitch-5	1	true	n1	(and (duration>= (duration n1) 1) (not (rest? n1)) (= (note-category n1) C) (= (relative-pitch n1) 5))	(multiply-duration 0.125 (make-rest n1))	(multiply-duration 0.0625 (transpose-diatonic -2 n1))	(multiply-duration 0.0625 (transpose-diatonic -1 n1))	(multiply-duration 0.08333333333333333 (transpose-diatonic 2 n1))	(multiply-duration 0.08333333333333333 (transpose-diatonic 4 n1))	(multiply-duration 0.08333333333333333 (transpose-diatonic 6 n1))	(multiply-duration 0.125 (transpose-diatonic 5 n1))	(multiply-duration 0.125 (transpose-diatonic 2 n1))	(multiply-duration 0.125 (transpose-diatonic -1 n1))	(multiply-duration 0.125 (transpose-diatonic -3 n1))
TR	rel-pitch-5	1	true	n1	(and (duration>= (duration n1) 1) (not (rest? n1)) (= (note-category n1) C) (= (relative-pitch n1) 5))	(multiply-duration 0.25 (transpose-diatonic #-2 n1))	(multiply-duration 0.125 (transpose-diatonic 1 n1))	(multiply-duration 0.125 (transpose-diatonic #-2 n1))	(multiply-duration 0.125 (transpose-diatonic b1 n1))	(multiply-duration 0.375 (make-rest n1))
TR	rel-pitch-5	1	true	n1	(and (duration>= (duration n1) 1) (not (rest? n1)) (= (note-category n1) C) (= (relative-pitch n1) 5))	(multiply-duration 0.125 (transpose-diatonic 2 n1))	(multiply-duration 0.125 (transpose-diatonic -1 n1))	(multiply-duration 0.125 (transpose-diatonic 1 n1))	(multiply-duration 0.125 (transpose-diatonic 2 n1))	(multiply-duration 0.375 (transpose-diatonic 3 n1))	(multiply-duration 0.125 (make-rest n1))
TR	rel-pitch-5	1	true	n1	(and (duration>= (duration n1) 1) (not (rest? n1)) (= (note-category n1) C) (= (relative-pitch n1) 5))	(multiply-duration 0.08333333333333333 (transpose-diatonic b-2 n1))	(multiply-duration 0.08333333333333333 (transpose-diatonic #-1 n1))	(multiply-duration 0.08333333333333333 (transpose-diatonic 2 n1))	(multiply-duration 0.125 (transpose-diatonic 4 n1))	(multiply-duration 0.125 (transpose-diatonic 3 n1))	(multiply-duration 0.125 (transpose-diatonic #3 n1))	(multiply-duration 0.125 (transpose-diatonic -1 n1))	(multiply-duration 0.25 (transpose-diatonic -3 n1))
TR	rel-pitch-5	1	true	n1	(and (duration>= (duration n1) 1) (not (rest? n1)) (= (note-category n1) C) (= (relative-pitch n1) 5))	(multiply-duration 0.125 (transpose-diatonic #-1 n1))	(multiply-duration 0.125 (transpose-diatonic -2 n1))	(multiply-duration 0.08333333333333333 (transpose-diatonic b-2 n1))	(multiply-duration 0.08333333333333333 (transpose-diatonic #-1 n1))	(multiply-duration 0.08333333333333333 (transpose-diatonic 2 n1))	(multiply-duration 0.25 (transpose-diatonic 4 n1))	(multiply-duration 0.125 (transpose-diatonic #3 n1))	(multiply-duration 0.125 (make-rest n1))
TR	rel-pitch-5	1	true	n1	(and (duration>= (duration n1) 1) (not (rest? n1)) (= (note-category n1) C) (= (relative-pitch n1) 5))	(multiply-duration 0.125 (make-rest n1))	(multiply-duration 0.125 (transpose-diatonic 1 n1))	(multiply-duration 0.125 (transpose-diatonic 2 n1))	(multiply-duration 0.125 (transpose-diatonic 3 n1))	(multiply-duration 0.125 (make-rest n1))	(multiply-duration 0.125 (transpose-diatonic 2 n1))	(multiply-duration 0.125 (transpose-diatonic 1 n1))	(multiply-duration 0.125 (make-rest n1))
SUB	whole-first-rel-pitch-3	motif	1	true
TR	rel-pitch-3-to-1	1	true	n1 n2	(and (duration>= (duration n1) 1) (not (rest? n1)) (= (note-category n1) C) (= (relative-pitch n1) 3) (duration>= (duration n2) 1) (not (rest? n2)) (= (note-category n2) C) (= (relative-pitch n2) 1) (pitch>= n1 n2))	(multiply-duration 0.5 (make-rest n1))	(multiply-duration 0.125 (transpose-diatonic 1 n1))	(multiply-duration 0.375 (transpose-diatonic b1 n1))	(multiply-duration 0.75 (make-rest n2))	(multiply-duration 0.25 (transpose-diatonic 1 n2))
TR	rel-pitch-3-to-3	1	true	n1 n2	(and (duration>= (duration n1) 1) (not (rest? n1)) (= (note-category n1) C) (= (relative-pitch n1) 3) (duration>= (duration n2) 1) (not (rest? n2)) (= (note-category n2) C) (= (relative-pitch n2) 3) (pitch>= n1 n2))	(multiply-duration 0.041666666666666664 (transpose-diatonic 3 n1))	(multiply-duration 0.041666666666666664 (transpose-diatonic 4 n1))	(multiply-duration 0.041666666666666664 (transpose-diatonic 3 n1))	(multiply-duration 0.125 (transpose-diatonic 1 n1))	(multiply-duration 0.041666666666666664 (transpose-diatonic 2 n1))	(multiply-duration 0.041666666666666664 (transpose-diatonic 3 n1))	(multiply-duration 0.041666666666666664 (transpose-diatonic 2 n1))	(multiply-duration 0.125 (transpose-diatonic -1 n1))	(multiply-duration 0.125 (transpose-diatonic 1 n1))	(multiply-duration 0.125 (transpose-diatonic -5 n1))	(multiply-duration 0.125 (transpose-diatonic -4 n1))	(multiply-duration 0.125 (transpose-diatonic -3 n1))	(multiply-duration 0.125 (transpose-diatonic 1 n2))	(multiply-duration 0.125 (transpose-diatonic -2 n2))	(multiply-duration 0.125 (transpose-diatonic -1 n2))	(multiply-duration 0.625 (transpose-diatonic 2 n2))
TR	rel-pitch-3-to-5	1	true	n1 n2	(and (duration>= (duration n1) 1) (not (rest? n1)) (= (note-category n1) C) (= (relative-pitch n1) 3) (duration>= (duration n2) 1) (not (rest? n2)) (= (note-category n2) C) (= (relative-pitch n2) 5) (pitch>= n1 n2))	(multiply-duration 0.375 (transpose-diatonic 3 n1))	(multiply-duration 0.0625 (transpose-diatonic 5 n1))	(multiply-duration 0.0625 (transpose-diatonic 3 n1))	(multiply-duration 0.125 (transpose-diatonic 1 n1))	(multiply-duration 0.125 (transpose-diatonic -2 n1))	(multiply-duration 0.125 (transpose-diatonic #-3 n1))	(multiply-duration 0.125 (make-rest n1))	(multiply-duration 0.125 (transpose-diatonic -1 n2))	(multiply-duration 0.125 (transpose-diatonic -3 n2))	(multiply-duration 0.125 (transpose-diatonic -2 n2))	(multiply-duration 0.5 (transpose-diatonic b6 n2))	(multiply-duration 0.125 (transpose-diatonic b5 n2))
TR	rel-pitch-3-to-1	1	true	n1 n2	(and (duration>= (duration n1) 1) (not (rest? n1)) (= (note-category n1) C) (= (relative-pitch n1) 3) (duration>= (duration n2) 1) (not (rest? n2)) (= (note-category n2) C) (= (relative-pitch n2) 1) (pitch>= n1 n2))	(multiply-duration 0.125 (transpose-diatonic 1 n1))	(multiply-duration 0.125 (transpose-diatonic 2 n1))	(multiply-duration 0.125 (transpose-diatonic 3 n1))	(multiply-duration 0.125 (transpose-diatonic 1 n1))	(multiply-duration 0.125 (transpose-diatonic -1 n1))	(multiply-duration 0.0625 (transpose-diatonic 1 n1))	(multiply-duration 0.0625 (transpose-diatonic -1 n1))	(multiply-duration 0.125 (transpose-diatonic -2 n1))	(multiply-duration 0.125 (make-rest n1))	(multiply-duration 0.25 (transpose-diatonic 3 n2))	(multiply-duration 0.375 (make-rest n2))	(multiply-duration 0.0625 (transpose-diatonic 1 n2))	(multiply-duration 0.0625 (transpose-diatonic -1 n2))	(multiply-duration 0.125 (transpose-diatonic #-2 n2))	(multiply-duration 0.125 (make-rest n2))
TR	rel-pitch-3-to-5	1	true	n1 n2	(and (duration>= (duration n1) 1) (not (rest? n1)) (= (note-category n1) C) (= (relative-pitch n1) 3) (duration>= (duration n2) 1) (not (rest? n2)) (= (note-category n2) C) (= (relative-pitch n2) 5) (pitch< n1 n2))	(multiply-duration 0.25 (transpose-diatonic 3 n1))	(multiply-duration 0.125 (make-rest n1))	(multiply-duration 0.125 (transpose-diatonic 2 n1))	(multiply-duration 0.125 (transpose-diatonic 1 n1))	(multiply-duration 0.125 (transpose-diatonic -1 n1))	(multiply-duration 0.08333333333333333 (transpose-diatonic b-1 n1))	(multiply-duration 0.08333333333333333 (transpose-diatonic 1 n1))	(multiply-duration 0.08333333333333333 (transpose-diatonic 3 n1))	(multiply-duration 0.25 (transpose-diatonic 4 n2))	(multiply-duration 0.25 (transpose-diatonic #3 n2))	(multiply-duration 0.375 (transpose-diatonic -1 n2))	(multiply-duration 0.125 (transpose-diatonic #-1 n2))
TR	rel-pitch-3-to-7	1	true	n1 n2	(and (duration>= (duration n1) 1) (not (rest? n1)) (= (note-category n1) C) (= (relative-pitch n1) 3) (duration>= (duration n2) 1) (not (rest? n2)) (= (note-category n2) C) (= (relative-pitch n2) 7) (pitch< n1 n2))	(multiply-duration 0.125 (transpose-diatonic 3 n1))	(multiply-duration 0.125 (transpose-diatonic 1 n1))	(multiply-duration 0.75 (make-rest n1))	(multiply-duration 0.25 (make-rest n2))	(multiply-duration 0.125 (transpose-diatonic -3 n2))	(multiply-duration 0.125 (transpose-diatonic #-2 n2))	(multiply-duration 0.125 (transpose-diatonic #-1 n2))	(multiply-duration 0.125 (transpose-diatonic 1 n2))	(multiply-duration 0.125 (transpose-diatonic 2 n2))	(multiply-duration 0.125 (make-rest n2))
TR	rel-pitch-3-to-b3	1	true	n1 n2	(and (duration>= (duration n1) 1) (not (rest? n1)) (= (note-category n1) C) (= (relative-pitch n1) 3) (duration>= (duration n2) 1) (not (rest? n2)) (= (note-category n2) C) (= (relative-pitch n2) b3) (pitch>= n1 n2))	(multiply-duration 0.5 (make-rest n1))	(multiply-duration 0.25 (transpose-diatonic 1 n1))	(multiply-duration 0.125 (transpose-diatonic b1 n1))	(multiply-duration 0.125 (transpose-diatonic b1 n1))	(multiply-duration 0.25 (transpose-diatonic #1 n2))	(multiply-duration 0.25 (make-rest n2))	(multiply-duration 0.125 (transpose-diatonic #-2 n2))	(multiply-duration 0.125 (transpose-diatonic #-1 n2))	(multiply-duration 0.125 (transpose-diatonic #1 n2))	(multiply-duration 0.125 (transpose-diatonic #2 n2))
TR	rel-pitch-3-to-5	1	true	n1 n2	(and (duration>= (duration n1) 1) (not (rest? n1)) (= (note-category n1) C) (= (relative-pitch n1) 3) (duration>= (duration n2) 1) (not (rest? n2)) (= (note-category n2) C) (= (relative-pitch n2) 5) (pitch>= n1 n2))	(multiply-duration 0.125 (transpose-diatonic #3 n1))	(multiply-duration 0.125 (transpose-diatonic #3 n1))	(multiply-duration 0.125 (transpose-diatonic 3 n1))	(multiply-duration 0.125 (transpose-diatonic 2 n1))	(multiply-duration 0.125 (transpose-diatonic 1 n1))	(multiply-duration 0.125 (make-rest n1))	(multiply-duration 0.125 (transpose-diatonic -4 n1))	(multiply-duration 0.125 (transpose-diatonic -3 n1))	(multiply-duration 0.125 (transpose-diatonic 2 n2))	(multiply-duration 0.125 (transpose-diatonic -1 n2))	(multiply-duration 0.125 (transpose-diatonic 1 n2))	(multiply-duration 0.125 (transpose-diatonic 2 n2))	(multiply-duration 0.375 (transpose-diatonic 3 n2))	(multiply-duration 0.125 (make-rest n2))
TR	rel-pitch-3-to-3	1	true	n1 n2	(and (duration>= (duration n1) 1) (not (rest? n1)) (= (note-category n1) C) (= (relative-pitch n1) 3) (duration>= (duration n2) 1) (not (rest? n2)) (= (note-category n2) C) (= (relative-pitch n2) 3) (pitch>= n1 n2))	(multiply-duration 0.125 (transpose-diatonic -2 n1))	(multiply-duration 0.125 (transpose-diatonic #-1 n1))	(multiply-duration 0.125 (transpose-diatonic 1 n1))	(multiply-duration 0.125 (transpose-diatonic 2 n1))	(multiply-duration 0.375 (transpose-diatonic #3 n1))	(multiply-duration 0.125 (transpose-diatonic 1 n1))	(multiply-duration 0.125 (transpose-diatonic 4 n2))	(multiply-duration 0.25 (make-rest n2))	(multiply-duration 0.125 (transpose-diatonic 3 n2))	(multiply-duration 0.125 (transpose-diatonic 2 n2))	(multiply-duration 0.125 (transpose-diatonic b-1 n2))	(multiply-duration 0.08333333333333333 (transpose-diatonic -1 n2))	(multiply-duration 0.08333333333333333 (transpose-diatonic 2 n2))	(multiply-duration 0.08333333333333333 (transpose-diatonic 4 n2))
TR	rel-pitch-3-to-5	1	true	n1 n2	(and (duration>= (duration n1) 1) (not (rest? n1)) (= (note-category n1) C) (= (relative-pitch n1) 3) (duration>= (duration n2) 1) (not (rest? n2)) (= (note-category n2) C) (= (relative-pitch n2) 5) (pitch< n1 n2))	(multiply-duration 0.5 (make-rest n1))	(multiply-duration 0.125 (transpose-diatonic 3 n1))	(multiply-duration 0.125 (transpose-diatonic 2 n1))	(multiply-duration 0.125 (transpose-diatonic 1 n1))	(multiply-duration 0.125 (transpose-diatonic -1 n1))	(multiply-duration 0.08333333333333333 (transpose-diatonic b-2 n2))	(multiply-duration 0.08333333333333333 (transpose-diatonic #-1 n2))	(multiply-duration 0.08333333333333333 (transpose-diatonic 2 n2))	(multiply-duration 0.125 (transpose-diatonic 4 n2))	(multiply-duration 0.125 (transpose-diatonic 3 n2))	(multiply-duration 0.125 (transpose-diatonic #3 n2))	(multiply-duration 0.125 (transpose-diatonic -1 n2))	(multiply-duration 0.25 (transpose-diatonic -3 n2))
TR	rel-pitch-3-to-3	1	true	n1 n2	(and (duration>= (duration n1) 1) (not (rest? n1)) (= (note-category n1) C) (= (relative-pitch n1) 3) (duration>= (duration n2) 1) (not (rest? n2)) (= (note-category n2) C) (= (relative-pitch n2) 3) (pitch>= n1 n2))	(multiply-duration 0.125 (transpose-diatonic -1 n1))	(multiply-duration 0.125 (transpose-diatonic #-1 n1))	(multiply-duration 0.125 (transpose-diatonic 2 n1))	(multiply-duration 0.125 (transpose-diatonic #1 n1))	(multiply-duration 0.125 (transpose-diatonic 1 n1))	(multiply-duration 0.125 (transpose-diatonic 5 n1))	(multiply-duration 0.125 (transpose-diatonic #3 n1))	(multiply-duration 0.125 (transpose-diatonic 1 n1))	(multiply-duration 0.125 (transpose-diatonic 3 n2))	(multiply-duration 0.125 (transpose-diatonic -1 n2))	(multiply-duration 0.125 (transpose-diatonic 2 n2))	(multiply-duration 0.125 (transpose-diatonic -1 n2))	(multiply-duration 0.125 (transpose-diatonic 1 n2))	(multiply-duration 0.125 (transpose-diatonic 4 n2))	(multiply-duration 0.125 (transpose-diatonic -2 n2))	(multiply-duration 0.125 (transpose-diatonic -1 n2))
TR	rel-pitch-3	1	true	n1	(and (duration>= (duration n1) 1) (not (rest? n1)) (= (note-category n1) C) (= (relative-pitch n1) 3))	(multiply-duration 0.5 (make-rest n1))	(multiply-duration 0.125 (transpose-diatonic 1 n1))	(multiply-duration 0.375 (transpose-diatonic b1 n1))
TR	rel-pitch-3	1	true	n1	(and (duration>= (duration n1) 1) (not (rest? n1)) (= (note-category n1) C) (= (relative-pitch n1) 3))	(multiply-duration 0.25 (transpose-diatonic 3 n1))	(multiply-duration 0.125 (transpose-diatonic 1 n1))	(multiply-duration 0.125 (transpose-diatonic -1 n1))	(multiply-duration 0.125 (transpose-diatonic -2 n1))	(multiply-duration 0.125 (transpose-diatonic -1 n1))	(multiply-duration 0.125 (transpose-diatonic 1 n1))	(multiply-duration 0.125 (make-rest n1))
TR	rel-pitch-3	1	true	n1	(and (duration>= (duration n1) 1) (not (rest? n1)) (= (note-category n1) C) (= (relative-pitch n1) 3))	(multiply-duration 0.25 (make-rest n1))	(multiply-duration 0.125 (transpose-diatonic 3 n1))	(multiply-duration 0.125 (transpose-diatonic 1 n1))	(multiply-duration 0.125 (transpose-diatonic -1 n1))	(multiply-duration 0.0625 (transpose-diatonic 1 n1))	(multiply-duration 0.0625 (transpose-diatonic -1 n1))	(multiply-duration 0.125 (transpose-diatonic -2 n1))	(multiply-duration 0.125 (transpose-diatonic 2 n1))
TR	rel-pitch-3	1	true	n1	(and (duration>= (duration n1) 1) (not (rest? n1)) (= (note-category n1) C) (= (relative-pitch n1) 3))	(multiply-duration 0.125 (transpose-diatonic 1 n1))	(multiply-duration 0.125 (transpose-diatonic -2 n1))	(multiply-duration 0.125 (transpose-diatonic -1 n1))	(multiply-duration 0.625 (transpose-diatonic 2 n1))
TR	rel-pitch-3	1	true	n1	(and (duration>= (duration n1) 1) (not (rest? n1)) (= (note-category n1) C) (= (relative-pitch n1) 3))	(multiply-duration 0.041666666666666664 (transpose-diatonic 3 n1))	(multiply-duration 0.041666666666666664 (transpose-diatonic 4 n1))	(multiply-duration 0.041666666666666664 (transpose-diatonic 3 n1))	(multiply-duration 0.125 (transpose-diatonic 1 n1))	(multiply-duration 0.041666666666666664 (transpose-diatonic 2 n1))	(multiply-duration 0.041666666666666664 (transpose-diatonic 3 n1))	(multiply-duration 0.041666666666666664 (transpose-diatonic 2 n1))	(multiply-duration 0.125 (transpose-diatonic -1 n1))	(multiply-duration 0.125 (transpose-diatonic 1 n1))	(multiply-duration 0.125 (transpose-diatonic -5 n1))	(multiply-duration 0.125 (transpose-diatonic -4 n1))	(multiply-duration 0.125 (transpose-diatonic -3 n1))
TR	rel-pitch-3	1	true	n1	(and (duration>= (duration n1) 1) (not (rest? n1)) (= (note-category n1) C) (= (relative-pitch n1) 3))	(multiply-duration 0.375 (transpose-diatonic 3 n1))	(multiply-duration 0.0625 (transpose-diatonic 5 n1))	(multiply-duration 0.0625 (transpose-diatonic 3 n1))	(multiply-duration 0.125 (transpose-diatonic 1 n1))	(multiply-duration 0.125 (transpose-diatonic -2 n1))	(multiply-duration 0.125 (transpose-diatonic #-3 n1))	(multiply-duration 0.125 (make-rest n1))
TR	rel-pitch-3	1	true	n1	(and (duration>= (duration n1) 1) (not (rest? n1)) (= (note-category n1) C) (= (relative-pitch n1) 3))	(multiply-duration 0.25 (make-rest n1))	(multiply-duration 0.125 (transpose-diatonic 3 n1))	(multiply-duration 0.125 (transpose-diatonic 1 n1))	(multiply-duration 0.125 (make-rest n1))	(multiply-duration 0.125 (transpose-diatonic -1 n1))	(multiply-duration 0.125 (transpose-diatonic -2 n1))	(multiply-duration 0.125 (make-rest n1))
TR	rel-pitch-3	1	true	n1	(and (duration>= (duration n1) 1) (not (rest? n1)) (= (note-category n1) C) (= (relative-pitch n1) 3))	(multiply-duration 0.125 (transpose-diatonic 1 n1))	(multiply-duration 0.125 (transpose-diatonic 2 n1))	(multiply-duration 0.125 (transpose-diatonic 3 n1))	(multiply-duration 0.125 (transpose-diatonic 1 n1))	(multiply-duration 0.125 (transpose-diatonic -1 n1))	(multiply-duration 0.0625 (transpose-diatonic 1 n1))	(multiply-duration 0.0625 (transpose-diatonic -1 n1))	(multiply-duration 0.125 (transpose-diatonic -2 n1))	(multiply-duration 0.125 (make-rest n1))
TR	rel-pitch-3	1	true	n1	(and (duration>= (duration n1) 1) (not (rest? n1)) (= (note-category n1) C) (= (relative-pitch n1) 3))	(multiply-duration 0.25 (transpose-diatonic 3 n1))	(multiply-duration 0.125 (make-rest n1))	(multiply-duration 0.125 (transpose-diatonic 2 n1))	(multiply-duration 0.125 (transpose-diatonic 1 n1))	(multiply-duration 0.125 (transpose-diatonic -1 n1))	(multiply-duration 0.08333333333333333 (transpose-diatonic b-1 n1))	(multiply-duration 0.08333333333333333 (transpose-diatonic 1 n1))	(multiply-duration 0.08333333333333333 (transpose-diatonic 3 n1))
TR	rel-pitch-3	1	true	n1	(and (duration>= (duration n1) 1) (not (rest? n1)) (= (note-category n1) C) (= (relative-pitch n1) 3))	(multiply-duration 0.125 (make-rest n1))	(multiply-duration 0.0625 (transpose-diatonic 3 n1))	(multiply-duration 0.0625 (transpose-diatonic b3 n1))	(multiply-duration 0.125 (transpose-diatonic 2 n1))	(multiply-duration 0.125 (transpose-diatonic #1 n1))	(multiply-duration 0.125 (transpose-diatonic 1 n1))	(multiply-duration 0.125 (transpose-diatonic -5 n1))	(multiply-duration 0.25 (transpose-diatonic 2 n1))
TR	rel-pitch-3	1	true	n1	(and (duration>= (duration n1) 1) (not (rest? n1)) (= (note-category n1) C) (= (relative-pitch n1) 3))	(multiply-duration 0.125 (transpose-diatonic 3 n1))	(multiply-duration 0.125 (transpose-diatonic 1 n1))	(multiply-duration 0.75 (make-rest n1))
TR	rel-pitch-3	1	true	n1	(and (duration>= (duration n1) 1) (not (rest? n1)) (= (note-category n1) C) (= (relative-pitch n1) 3))	(multiply-duration 0.125 (transpose-diatonic 3 n1))	(multiply-duration 0.0625 (transpose-diatonic 4 n1))	(multiply-duration 0.0625 (transpose-diatonic 3 n1))	(multiply-duration 0.125 (transpose-diatonic 1 n1))	(multiply-duration 0.125 (transpose-diatonic -1 n1))	(multiply-duration 0.125 (transpose-diatonic -2 n1))	(multiply-duration 0.125 (transpose-diatonic -1 n1))	(multiply-duration 0.125 (transpose-diatonic 1 n1))	(multiply-duration 0.125 (make-rest n1))
TR	rel-pitch-3	1	true	n1	(and (duration>= (duration n1) 1) (not (rest? n1)) (= (note-category n1) C) (= (relative-pitch n1) 3))	(multiply-duration 0.5 (make-rest n1))	(multiply-duration 0.25 (transpose-diatonic 1 n1))	(multiply-duration 0.125 (transpose-diatonic b1 n1))	(multiply-duration 0.125 (transpose-diatonic b1 n1))
TR	rel-pitch-3	1	true	n1	(and (duration>= (duration n1) 1) (not (rest? n1)) (= (note-category n1) C) (= (relative-pitch n1) 3))	(multiply-duration 0.125 (transpose-diatonic #3 n1))	(multiply-duration 0.125 (transpose-diatonic #3 n1))	(multiply-duration 0.125 (transpose-diatonic 3 n1))	(multiply-duration 0.125 (transpose-diatonic 2 n1))	(multiply-duration 0.125 (transpose-diatonic 1 n1))	(multiply-duration 0.125 (make-rest n1))	(multiply-duration 0.125 (transpose-diatonic -4 n1))	(multiply-duration 0.125 (transpose-diatonic -3 n1))
TR	rel-pitch-3	1	true	n1	(and (duration>= (duration n1) 1) (not (rest? n1)) (= (note-category n1) C) (= (relative-pitch n1) 3))	(multiply-duration 0.125 (transpose-diatonic 4 n1))	(multiply-duration 0.25 (make-rest n1))	(multiply-duration 0.125 (transpose-diatonic 3 n1))	(multiply-duration 0.125 (transpose-diatonic 2 n1))	(multiply-duration 0.125 (transpose-diatonic b-1 n1))	(multiply-duration 0.08333333333333333 (transpose-diatonic -1 n1))	(multiply-duration 0.08333333333333333 (transpose-diatonic 2 n1))	(multiply-duration 0.08333333333333333 (transpose-diatonic 4 n1))
TR	rel-pitch-3	1	true	n1	(and (duration>= (duration n1) 1) (not (rest? n1)) (= (note-category n1) C) (= (relative-pitch n1) 3))	(multiply-duration 0.125 (transpose-diatonic -2 n1))	(multiply-duration 0.125 (transpose-diatonic #-1 n1))	(multiply-duration 0.125 (transpose-diatonic 1 n1))	(multiply-duration 0.125 (transpose-diatonic 2 n1))	(multiply-duration 0.375 (transpose-diatonic #3 n1))	(multiply-duration 0.125 (transpose-diatonic 1 n1))
TR	rel-pitch-3	1	true	n1	(and (duration>= (duration n1) 1) (not (rest? n1)) (= (note-category n1) C) (= (relative-pitch n1) 3))	(multiply-duration 0.5 (make-rest n1))	(multiply-duration 0.125 (transpose-diatonic 3 n1))	(multiply-duration 0.125 (transpose-diatonic 2 n1))	(multiply-duration 0.125 (transpose-diatonic 1 n1))	(multiply-duration 0.125 (transpose-diatonic -1 n1))
TR	rel-pitch-3	1	true	n1	(and (duration>= (duration n1) 1) (not (rest? n1)) (= (note-category n1) C) (= (relative-pitch n1) 3))	(multiply-duration 0.125 (transpose-diatonic 3 n1))	(multiply-duration 0.125 (transpose-diatonic -1 n1))	(multiply-duration 0.125 (transpose-diatonic 2 n1))	(multiply-duration 0.125 (transpose-diatonic -1 n1))	(multiply-duration 0.125 (transpose-diatonic 1 n1))	(multiply-duration 0.125 (transpose-diatonic 4 n1))	(multiply-duration 0.125 (transpose-diatonic -2 n1))	(multiply-duration 0.125 (transpose-diatonic -1 n1))
TR	rel-pitch-3	1	true	n1	(and (duration>= (duration n1) 1) (not (rest? n1)) (= (note-category n1) C) (= (relative-pitch n1) 3))	(multiply-duration 0.125 (transpose-diatonic -1 n1))	(multiply-duration 0.125 (transpose-diatonic #-1 n1))	(multiply-duration 0.125 (transpose-diatonic 2 n1))	(multiply-duration 0.125 (transpose-diatonic #1 n1))	(multiply-duration 0.125 (transpose-diatonic 1 n1))	(multiply-duration 0.125 (transpose-diatonic 5 n1))	(multiply-duration 0.125 (transpose-diatonic #3 n1))	(multiply-duration 0.125 (transpose-diatonic 1 n1))
TR	rel-pitch-3	1	true	n1	(and (duration>= (duration n1) 1) (not (rest? n1)) (= (note-category n1) C) (= (relative-pitch n1) 3))	(multiply-duration 0.375 (transpose-diatonic 3 n1))	(multiply-duration 0.125 (transpose-diatonic 1 n1))	(multiply-duration 0.125 (transpose-diatonic -1 n1))	(multiply-duration 0.0625 (transpose-diatonic 1 n1))	(multiply-duration 0.0625 (transpose-diatonic -1 n1))	(multiply-duration 0.125 (transpose-diatonic -2 n1))	(multiply-duration 0.125 (transpose-diatonic 2 n1))
SUB	whole-first-rel-pitch-7	motif	1	true
TR	rel-pitch-7-to-1	1	true	n1 n2	(and (duration>= (duration n1) 1) (not (rest? n1)) (= (note-category n1) C) (= (relative-pitch n1) 7) (duration>= (duration n2) 1) (not (rest? n2)) (= (note-category n2) C) (= (relative-pitch n2) 1) (pitch>= n1 n2))	(multiply-duration 0.0625 (make-rest n1))	(multiply-duration 0.0625 (transpose-diatonic -3 n1))	(multiply-duration 0.0625 (transpose-diatonic -1 n1))	(multiply-duration 0.0625 (transpose-diatonic 2 n1))	(multiply-duration 0.125 (transpose-diatonic 4 n1))	(multiply-duration 0.125 (transpose-diatonic 3 n1))	(multiply-duration 0.125 (transpose-diatonic 2 n1))	(multiply-duration 0.125 (transpose-diatonic -1 n1))	(multiply-duration 0.125 (transpose-diatonic -3 n1))	(multiply-duration 0.125 (transpose-diatonic -5 n1))	(multiply-duration 0.375 (transpose-diatonic 3 n2))	(multiply-duration 0.125 (transpose-diatonic 1 n2))	(multiply-duration 0.125 (transpose-diatonic 3 n2))	(multiply-duration 0.125 (transpose-diatonic 1 n2))	(multiply-duration 0.25 (make-rest n2))
TR	rel-pitch-7-to-7	1	true	n1 n2	(and (duration>= (duration n1) 1) (not (rest? n1)) (= (note-category n1) C) (= (relative-pitch n1) 7) (duration>= (duration n2) 1) (not (rest? n2)) (= (note-category n2) C) (= (relative-pitch n2) 7) (pitch< n1 n2))	(multiply-duration 0.125 (transpose-diatonic 4 n1))	(multiply-duration 0.125 (transpose-diatonic -2 n1))	(multiply-duration 0.125 (transpose-diatonic -1 n1))	(multiply-duration 0.125 (transpose-diatonic 1 n1))	(multiply-duration 0.125 (transpose-diatonic 3 n1))	(multiply-duration 0.125 (transpose-diatonic 1 n1))	(multiply-duration 0.125 (transpose-diatonic 2 n1))	(multiply-duration 0.125 (transpose-diatonic 3 n1))	(multiply-duration 0.125 (transpose-diatonic 1 n2))	(multiply-duration 0.5 (make-rest n2))	(multiply-duration 0.0625 (transpose-diatonic -3 n2))	(multiply-duration 0.0625 (transpose-diatonic -2 n2))	(multiply-duration 0.125 (transpose-diatonic 1 n2))	(multiply-duration 0.125 (transpose-diatonic 2 n2))
TR	rel-pitch-7-to-7	1	true	n1 n2	(and (duration>= (duration n1) 1) (not (rest? n1)) (= (note-category n1) C) (= (relative-pitch n1) 7) (duration>= (duration n2) 1) (not (rest? n2)) (= (note-category n2) C) (= (relative-pitch n2) 7) (pitch< n1 n2))	(multiply-duration 0.125 (transpose-diatonic 1 n1))	(multiply-duration 0.125 (transpose-diatonic -1 n1))	(multiply-duration 0.5 (make-rest n1))	(multiply-duration 0.125 (make-rest n1))	(multiply-duration 0.0625 (transpose-diatonic 1 n1))	(multiply-duration 0.0625 (transpose-diatonic 2 n1))	(multiply-duration 0.125 (transpose-diatonic -3 n2))	(multiply-duration 0.125 (transpose-diatonic -1 n2))	(multiply-duration 0.125 (transpose-diatonic 2 n2))	(multiply-duration 0.125 (transpose-diatonic 1 n2))	(multiply-duration 0.125 (transpose-diatonic -1 n2))	(multiply-duration 0.0625 (transpose-diatonic 1 n2))	(multiply-duration 0.0625 (transpose-diatonic -1 n2))	(multiply-duration 0.125 (transpose-diatonic -3 n2))	(multiply-duration 0.125 (make-rest n2))
TR	rel-pitch-7-to-b3	1	true	n1 n2	(and (duration>= (duration n1) 1) (not (rest? n1)) (= (note-category n1) C) (= (relative-pitch n1) 7) (duration>= (duration n2) 1) (not (rest? n2)) (= (note-category n2) C) (= (relative-pitch n2) b3) (pitch< n1 n2))	(multiply-duration 0.25 (transpose-diatonic -1 n1))	(multiply-duration 0.75 (make-rest n1))	(multiply-duration 0.125 (transpose-diatonic #2 n2))	(multiply-duration 0.0625 (transpose-diatonic #3 n2))	(multiply-duration 0.0625 (transpose-diatonic #2 n2))	(multiply-duration 0.125 (transpose-diatonic #1 n2))	(multiply-duration 0.125 (transpose-diatonic #1 n2))	(multiply-duration 0.125 (make-rest n2))	(multiply-duration 0.125 (transpose-diatonic #-2 n2))	(multiply-duration 0.125 (transpose-diatonic #-1 n2))	(multiply-duration 0.125 (transpose-diatonic #1 n2))
TR	rel-pitch-7-to-5	1	true	n1 n2	(and (duration>= (duration n1) 1) (not (rest? n1)) (= (note-category n1) C) (= (relative-pitch n1) 7) (duration>= (duration n2) 1) (not (rest? n2)) (= (note-category n2) C) (= (relative-pitch n2) 5) (pitch< n1 n2))	(multiply-duration 0.125 (transpose-diatonic 4 n1))	(multiply-duration 0.125 (transpose-diatonic -2 n1))	(multiply-duration 0.125 (transpose-diatonic -1 n1))	(multiply-duration 0.125 (transpose-diatonic 1 n1))	(multiply-duration 0.125 (transpose-diatonic 3 n1))	(multiply-duration 0.125 (transpose-diatonic 1 n1))	(multiply-duration 0.125 (transpose-diatonic 2 n1))	(multiply-duration 0.125 (transpose-diatonic 3 n1))	(multiply-duration 0.125 (transpose-diatonic -1 n2))	(multiply-duration 0.875 (make-rest n2))
TR	rel-pitch-7-to-7	1	true	n1 n2	(and (duration>= (duration n1) 1) (not (rest? n1)) (= (note-category n1) C) (= (relative-pitch n1) 7) (duration>= (duration n2) 1) (not (rest? n2)) (= (note-category n2) C) (= (relative-pitch n2) 7) (pitch< n1 n2))	(multiply-duration 0.125 (transpose-diatonic 4 n1))	(multiply-duration 0.125 (transpose-diatonic #-2 n1))	(multiply-duration 0.125 (transpose-diatonic 2 n1))	(multiply-duration 0.125 (transpose-diatonic 4 n1))	(multiply-duration 0.125 (transpose-diatonic #1 n1))	(multiply-duration 0.125 (transpose-diatonic #-2 n1))	(multiply-duration 0.125 (transpose-diatonic 1 n1))	(multiply-duration 0.125 (transpose-diatonic #-2 n1))	(multiply-duration 0.125 (transpose-diatonic -4 n2))	(multiply-duration 0.125 (transpose-diatonic -1 n2))	(multiply-duration 0.125 (make-rest n2))	(multiply-duration 0.125 (transpose-diatonic #-3 n2))	(multiply-duration 0.375 (transpose-diatonic b4 n2))	(multiply-duration 0.125 (transpose-diatonic b3 n2))
TR	rel-pitch-7-to-7	1	true	n1 n2	(and (duration>= (duration n1) 1) (not (rest? n1)) (= (note-category n1) C) (= (relative-pitch n1) 7) (duration>= (duration n2) 1) (not (rest? n2)) (= (note-category n2) C) (= (relative-pitch n2) 7) (pitch>= n1 n2))	(multiply-duration 0.125 (transpose-diatonic 1 n1))	(multiply-duration 0.125 (transpose-diatonic -1 n1))	(multiply-duration 0.125 (transpose-diatonic 1 n1))	(multiply-duration 0.5 (transpose-diatonic -1 n1))	(multiply-duration 0.125 (make-rest n1))	(multiply-duration 0.75 (make-rest n2))	(multiply-duration 0.25 (transpose-diatonic #-1 n2))
TR	rel-pitch-7	1	true	n1	(and (duration>= (duration n1) 1) (not (rest? n1)) (= (note-category n1) C) (= (relative-pitch n1) 7))	(multiply-duration 0.0625 (make-rest n1))	(multiply-duration 0.0625 (transpose-diatonic -3 n1))	(multiply-duration 0.0625 (transpose-diatonic -1 n1))	(multiply-duration 0.0625 (transpose-diatonic 2 n1))	(multiply-duration 0.125 (transpose-diatonic 4 n1))	(multiply-duration 0.125 (transpose-diatonic 3 n1))	(multiply-duration 0.125 (transpose-diatonic 2 n1))	(multiply-duration 0.125 (transpose-diatonic -1 n1))	(multiply-duration 0.125 (transpose-diatonic -3 n1))	(multiply-duration 0.125 (transpose-diatonic -5 n1))
TR	rel-pitch-7	1	true	n1	(and (duration>= (duration n1) 1) (not (rest? n1)) (= (note-category n1) C) (= (relative-pitch n1) 7))	(multiply-duration 0.125 (transpose-diatonic 1 n1))	(multiply-duration 0.5 (make-rest n1))	(multiply-duration 0.0625 (transpose-diatonic -3 n1))	(multiply-duration 0.0625 (transpose-diatonic -2 n1))	(multiply-duration 0.125 (transpose-diatonic 1 n1))	(multiply-duration 0.125 (transpose-diatonic 2 n1))
TR	rel-pitch-7	2	true	n1	(and (duration>= (duration n1) 1) (not (rest? n1)) (= (note-category n1) C) (= (relative-pitch n1) 7))	(multiply-duration 0.125 (transpose-diatonic 4 n1))	(multiply-duration 0.125 (transpose-diatonic -2 n1))	(multiply-duration 0.125 (transpose-diatonic -1 n1))	(multiply-duration 0.125 (transpose-diatonic 1 n1))	(multiply-duration 0.125 (transpose-diatonic 3 n1))	(multiply-duration 0.125 (transpose-diatonic 1 n1))	(multiply-duration 0.125 (transpose-diatonic 2 n1))	(multiply-duration 0.125 (transpose-diatonic 3 n1))
TR	rel-pitch-7	1	true	n1	(and (duration>= (duration n1) 1) (not (rest? n1)) (= (note-category n1) C) (= (relative-pitch n1) 7))	(multiply-duration 0.125 (transpose-diatonic -3 n1))	(multiply-duration 0.125 (transpose-diatonic -1 n1))	(multiply-duration 0.125 (transpose-diatonic 2 n1))	(multiply-duration 0.125 (transpose-diatonic 1 n1))	(multiply-duration 0.125 (transpose-diatonic -1 n1))	(multiply-duration 0.0625 (transpose-diatonic 1 n1))	(multiply-duration 0.0625 (transpose-diatonic -1 n1))	(multiply-duration 0.125 (transpose-diatonic -3 n1))	(multiply-duration 0.125 (make-rest n1))
TR	rel-pitch-7	1	true	n1	(and (duration>= (duration n1) 1) (not (rest? n1)) (= (note-category n1) C) (= (relative-pitch n1) 7))	(multiply-duration 0.125 (transpose-diatonic 1 n1))	(multiply-duration 0.125 (transpose-diatonic -1 n1))	(multiply-duration 0.5 (make-rest n1))	(multiply-duration 0.125 (make-rest n1))	(multiply-duration 0.0625 (transpose-diatonic 1 n1))	(multiply-duration 0.0625 (transpose-diatonic 2 n1))
TR	rel-pitch-7	1	true	n1	(and (duration>= (duration n1) 1) (not (rest? n1)) (= (note-category n1) C) (= (relative-pitch n1) 7))	(multiply-duration 0.25 (transpose-diatonic -1 n1))	(multiply-duration 0.75 (make-rest n1))
TR	rel-pitch-7	1	true	n1	(and (duration>= (duration n1) 1) (not (rest? n1)) (= (note-category n1) C) (= (relative-pitch n1) 7))	(multiply-duration 0.25 (make-rest n1))	(multiply-duration 0.125 (transpose-diatonic -3 n1))	(multiply-duration 0.125 (transpose-diatonic #-2 n1))	(multiply-duration 0.125 (transpose-diatonic #-1 n1))	(multiply-duration 0.125 (transpose-diatonic 1 n1))	(multiply-duration 0.125 (transpose-diatonic 2 n1))	(multiply-duration 0.125 (make-rest n1))
TR	rel-pitch-7	1	true	n1	(and (duration>= (duration n1) 1) (not (rest? n1)) (= (note-category n1) C) (= (relative-pitch n1) 7))	(multiply-duration 0.125 (transpose-diatonic -4 n1))	(multiply-duration 0.125 (transpose-diatonic -1 n1))	(multiply-duration 0.125 (make-rest n1))	(multiply-duration 0.125 (transpose-diatonic #-3 n1))	(multiply-duration 0.375 (transpose-diatonic b4 n1))	(multiply-duration 0.125 (transpose-diatonic b3 n1))
TR	rel-pitch-7	1	true	n1	(and (duration>= (duration n1) 1) (not (rest? n1)) (= (note-category n1) C) (= (relative-pitch n1) 7))	(multiply-duration 0.125 (transpose-diatonic 4 n1))	(multiply-duration 0.125 (transpose-diatonic #-2 n1))	(multiply-duration 0.125 (transpose-diatonic 2 n1))	(multiply-duration 0.125 (transpose-diatonic 4 n1))	(multiply-duration 0.125 (transpose-diatonic #1 n1))	(multiply-duration 0.125 (transpose-diatonic #-2 n1))	(multiply-duration 0.125 (transpose-diatonic 1 n1))	(multiply-duration 0.125 (transpose-diatonic #-2 n1))
TR	rel-pitch-7	1	true	n1	(and (duration>= (duration n1) 1) (not (rest? n1)) (= (note-category n1) C) (= (relative-pitch n1) 7))	(multiply-duration 0.75 (make-rest n1))	(multiply-duration 0.25 (transpose-diatonic #-1 n1))
TR	rel-pitch-7	1	true	n1	(and (duration>= (duration n1) 1) (not (rest? n1)) (= (note-category n1) C) (= (relative-pitch n1) 7))	(multiply-duration 0.125 (transpose-diatonic 1 n1))	(multiply-duration 0.125 (transpose-diatonic -1 n1))	(multiply-duration 0.125 (transpose-diatonic 1 n1))	(multiply-duration 0.5 (transpose-diatonic -1 n1))	(multiply-duration 0.125 (make-rest n1))
SUB	whole-first-rel-pitch-1	motif	1	true
TR	rel-pitch-1-to-1	1	true	n1 n2	(and (duration>= (duration n1) 1) (not (rest? n1)) (= (note-category n1) C) (= (relative-pitch n1) 1) (duration>= (duration n2) 1) (not (rest? n2)) (= (note-category n2) C) (= (relative-pitch n2) 1) (pitch< n1 n2))	(multiply-duration 0.125 (transpose-diatonic 3 n1))	(multiply-duration 0.125 (transpose-diatonic -3 n1))	(multiply-duration 0.125 (transpose-diatonic 2 n1))	(multiply-duration 0.125 (transpose-diatonic 1 n1))	(multiply-duration 0.5 (make-rest n1))	(multiply-duration 0.25 (transpose-diatonic 2 n2))	(multiply-duration 0.125 (transpose-diatonic 1 n2))	(multiply-duration 0.125 (transpose-diatonic -1 n2))	(multiply-duration 0.125 (transpose-diatonic -2 n2))	(multiply-duration 0.375 (make-rest n2))
TR	rel-pitch-1-to-1	1	true	n1 n2	(and (duration>= (duration n1) 1) (not (rest? n1)) (= (note-category n1) C) (= (relative-pitch n1) 1) (duration>= (duration n2) 1) (not (rest? n2)) (= (note-category n2) C) (= (relative-pitch n2) 1) (pitch< n1 n2))	(multiply-duration 0.125 (transpose-diatonic 3 n1))	(multiply-duration 0.125 (transpose-diatonic 4 n1))	(multiply-duration 0.125 (transpose-diatonic 5 n1))	(multiply-duration 0.125 (transpose-diatonic 3 n1))	(multiply-duration 0.125 (make-rest n1))	(multiply-duration 0.125 (transpose-diatonic 1 n1))	(multiply-duration 0.125 (transpose-diatonic -3 n1))	(multiply-duration 0.125 (transpose-diatonic -4 n1))	(multiply-duration 0.125 (transpose-diatonic #-2 n2))	(multiply-duration 0.125 (make-rest n2))	(multiply-duration 0.125 (transpose-diatonic #-2 n2))	(multiply-duration 0.5 (transpose-diatonic 4 n2))	(multiply-duration 0.125 (transpose-diatonic 3 n2))
TR	rel-pitch-1-to-1	1	true	n1 n2	(and (duration>= (duration n1) 1) (not (rest? n1)) (= (note-category n1) C) (= (relative-pitch n1) 1) (duration>= (duration n2) 1) (not (rest? n2)) (= (note-category n2) C) (= (relative-pitch n2) 1) (pitch< n1 n2))	(multiply-duration 0.125 (transpose-diatonic #-1 n1))	(multiply-duration 0.125 (transpose-diatonic #2 n1))	(multiply-duration 0.125 (transpose-diatonic 1 n1))	(multiply-duration 0.125 (transpose-diatonic -1 n1))	(multiply-duration 0.125 (transpose-diatonic #-2 n1))	(multiply-duration 0.125 (transpose-diatonic 1 n1))	(multiply-duration 0.125 (transpose-diatonic #2 n1))	(multiply-duration 0.125 (transpose-diatonic 3 n1))	(multiply-duration 0.5 (transpose-diatonic b2 n2))	(multiply-duration 0.375 (transpose-diatonic 1 n2))	(multiply-duration 0.125 (transpose-diatonic -1 n2))
TR	rel-pitch-1-to-5	1	true	n1 n2	(and (duration>= (duration n1) 1) (not (rest? n1)) (= (note-category n1) C) (= (relative-pitch n1) 1) (duration>= (duration n2) 1) (not (rest? n2)) (= (note-category n2) C) (= (relative-pitch n2) 5) (pitch>= n1 n2))	(multiply-duration 0.125 (transpose-diatonic 3 n1))	(multiply-duration 0.125 (transpose-diatonic #-3 n1))	(multiply-duration 0.125 (transpose-diatonic 1 n1))	(multiply-duration 0.125 (transpose-diatonic 3 n1))	(multiply-duration 0.125 (transpose-diatonic #-1 n1))	(multiply-duration 0.375 (make-rest n1))	(multiply-duration 0.125 (transpose-diatonic -1 n2))	(multiply-duration 0.125 (transpose-diatonic -3 n2))	(multiply-duration 0.125 (transpose-diatonic -2 n2))	(multiply-duration 0.125 (transpose-diatonic 2 n2))	(multiply-duration 0.125 (make-rest n2))	(multiply-duration 0.125 (transpose-diatonic -2 n2))	(multiply-duration 0.125 (transpose-diatonic 4 n2))	(multiply-duration 0.125 (transpose-diatonic 2 n2))
TR	rel-pitch-1-to-5	1	true	n1 n2	(and (duration>= (duration n1) 1) (not (rest? n1)) (= (note-category n1) C) (= (relative-pitch n1) 1) (duration>= (duration n2) 1) (not (rest? n2)) (= (note-category n2) C) (= (relative-pitch n2) 5) (pitch>= n1 n2))	(multiply-duration 0.0625 (transpose-diatonic 4 n1))	(multiply-duration 0.0625 (transpose-diatonic 3 n1))	(multiply-duration 0.0625 (transpose-diatonic 2 n1))	(multiply-duration 0.0625 (transpose-diatonic 1 n1))	(multiply-duration 0.0625 (transpose-diatonic -1 n1))	(multiply-duration 0.0625 (transpose-diatonic 2 n1))	(multiply-duration 0.0625 (transpose-diatonic 4 n1))	(multiply-duration 0.0625 (transpose-diatonic #5 n1))	(multiply-duration 0.0625 (transpose-diatonic 5 n1))	(multiply-duration 0.0625 (transpose-diatonic 4 n1))	(multiply-duration 0.0625 (transpose-diatonic 3 n1))	(multiply-duration 0.0625 (transpose-diatonic 2 n1))	(multiply-duration 0.0625 (transpose-diatonic 1 n1))	(multiply-duration 0.0625 (transpose-diatonic #-3 n1))	(multiply-duration 0.0625 (transpose-diatonic -3 n1))	(multiply-duration 0.0625 (transpose-diatonic -4 n1))	(multiply-duration 0.125 (transpose-diatonic -5 n2))	(multiply-duration 0.5 (make-rest n2))	(multiply-duration 0.125 (make-rest n2))	(multiply-duration 0.125 (transpose-diatonic 3 n2))	(multiply-duration 0.125 (transpose-diatonic 4 n2))
TR	rel-pitch-1-to-1	1	true	n1 n2	(and (duration>= (duration n1) 1) (not (rest? n1)) (= (note-category n1) C) (= (relative-pitch n1) 1) (duration>= (duration n2) 1) (not (rest? n2)) (= (note-category n2) C) (= (relative-pitch n2) 1) (pitch< n1 n2))	(multiply-duration 0.375 (transpose-diatonic 4 n1))	(multiply-duration 0.125 (transpose-diatonic 3 n1))	(multiply-duration 0.125 (transpose-diatonic #-1 n1))	(multiply-duration 0.375 (transpose-diatonic 1 n1))	(multiply-duration 0.1875 (make-rest n2))	(multiply-duration 0.0625 (transpose-diatonic #-4 n2))	(multiply-duration 0.0625 (transpose-diatonic -3 n2))	(multiply-duration 0.0625 (transpose-diatonic -2 n2))	(multiply-duration 0.0625 (transpose-diatonic -1 n2))	(multiply-duration 0.0625 (transpose-diatonic 2 n2))	(multiply-duration 0.0625 (transpose-diatonic 4 n2))	(multiply-duration 0.0625 (transpose-diatonic 2 n2))	(multiply-duration 0.0625 (transpose-diatonic b3 n2))	(multiply-duration 0.0625 (transpose-diatonic 3 n2))	(multiply-duration 0.0625 (transpose-diatonic 1 n2))	(multiply-duration 0.0625 (transpose-diatonic b2 n2))	(multiply-duration 0.0625 (transpose-diatonic 2 n2))	(multiply-duration 0.0625 (transpose-diatonic 1 n2))
TR	rel-pitch-1-to-1	1	true	n1 n2	(and (duration>= (duration n1) 1) (not (rest? n1)) (= (note-category n1) C) (= (relative-pitch n1) 1) (duration>= (duration n2) 1) (not (rest? n2)) (= (note-category n2) C) (= (relative-pitch n2) 1) (pitch< n1 n2))	(multiply-duration 0.125 (transpose-diatonic #-1 n1))	(multiply-duration 0.125 (transpose-diatonic #2 n1))	(multiply-duration 0.125 (transpose-diatonic 1 n1))	(multiply-duration 0.125 (transpose-diatonic -1 n1))	(multiply-duration 0.125 (transpose-diatonic #-2 n1))	(multiply-duration 0.125 (transpose-diatonic 1 n1))	(multiply-duration 0.125 (transpose-diatonic #2 n1))	(multiply-duration 0.125 (transpose-diatonic 3 n1))	(multiply-duration 0.125 (transpose-diatonic 2 n2))	(multiply-duration 0.125 (transpose-diatonic b2 n2))	(multiply-duration 0.125 (transpose-diatonic 1 n2))	(multiply-duration 0.125 (transpose-diatonic #-1 n2))	(multiply-duration 0.125 (transpose-diatonic -1 n2))	(multiply-duration 0.125 (transpose-diatonic -5 n2))	(multiply-duration 0.041666666666666664 (transpose-diatonic 1 n2))	(multiply-duration 0.041666666666666664 (transpose-diatonic 2 n2))	(multiply-duration 0.041666666666666664 (transpose-diatonic 1 n2))	(multiply-duration 0.125 (transpose-diatonic -1 n2))
TR	rel-pitch-1-to-5	1	true	n1 n2	(and (duration>= (duration n1) 1) (not (rest? n1)) (= (note-category n1) C) (= (relative-pitch n1) 1) (duration>= (duration n2) 1) (not (rest? n2)) (= (note-category n2) C) (= (relative-pitch n2) 5) (pitch>= n1 n2))	(multiply-duration 0.5 (make-rest n1))	(multiply-duration 0.375 (transpose-diatonic b-1 n1))	(multiply-duration 0.125 (make-rest n1))	(multiply-duration 0.25 (make-rest n2))	(multiply-duration 0.125 (transpose-diatonic 4 n2))	(multiply-duration 0.125 (transpose-diatonic #3 n2))	(multiply-duration 0.125 (transpose-diatonic 2 n2))	(multiply-duration 0.125 (transpose-diatonic 1 n2))	(multiply-duration 0.125 (transpose-diatonic #-1 n2))	(multiply-duration 0.125 (transpose-diatonic -2 n2))
TR	rel-pitch-1-to-5	1	true	n1 n2	(and (duration>= (duration n1) 1) (not (rest? n1)) (= (note-category n1) C) (= (relative-pitch n1) 1) (duration>= (duration n2) 1) (not (rest? n2)) (= (note-category n2) C) (= (relative-pitch n2) 5) (pitch>= n1 n2))	(multiply-duration 0.25 (transpose-diatonic 3 n1))	(multiply-duration 0.125 (transpose-diatonic -1 n1))	(multiply-duration 0.125 (transpose-diatonic 2 n1))	(multiply-duration 0.125 (transpose-diatonic 1 n1))	(multiply-duration 0.125 (transpose-diatonic -3 n1))	(multiply-duration 0.25 (make-rest n1))	(multiply-duration 0.125 (transpose-diatonic 3 n2))	(multiply-duration 0.0625 (transpose-diatonic 4 n2))	(multiply-duration 0.0625 (transpose-diatonic 3 n2))	(multiply-duration 0.125 (transpose-diatonic 1 n2))	(multiply-duration 0.125 (transpose-diatonic -2 n2))	(multiply-duration 0.125 (transpose-diatonic -3 n2))	(multiply-duration 0.125 (transpose-diatonic -4 n2))	(multiply-duration 0.25 (make-rest n2))
TR	rel-pitch-1-to-3	1	true	n1 n2	(and (duration>= (duration n1) 1) (not (rest? n1)) (= (note-category n1) C) (= (relative-pitch n1) 1) (duration>= (duration n2) 1) (not (rest? n2)) (= (note-category n2) C) (= (relative-pitch n2) 3) (pitch>= n1 n2))	(multiply-duration 0.125 (transpose-diatonic 2 n1))	(multiply-duration 0.125 (make-rest n1))	(multiply-duration 0.25 (transpose-diatonic 1 n1))	(multiply-duration 0.375 (transpose-diatonic -3 n1))	(multiply-duration 0.125 (make-rest n1))	(multiply-duration 0.125 (transpose-diatonic 3 n2))	(multiply-duration 0.0625 (transpose-diatonic 4 n2))	(multiply-duration 0.0625 (transpose-diatonic 3 n2))	(multiply-duration 0.125 (transpose-diatonic 1 n2))	(multiply-duration 0.125 (transpose-diatonic -1 n2))	(multiply-duration 0.125 (transpose-diatonic -2 n2))	(multiply-duration 0.125 (transpose-diatonic -1 n2))	(multiply-duration 0.125 (transpose-diatonic 1 n2))	(multiply-duration 0.125 (make-rest n2))
TR	rel-pitch-1-to-5	1	true	n1 n2	(and (duration>= (duration n1) 1) (not (rest? n1)) (= (note-category n1) C) (= (relative-pitch n1) 1) (duration>= (duration n2) 1) (not (rest? n2)) (= (note-category n2) C) (= (relative-pitch n2) 5) (pitch>= n1 n2))	(multiply-duration 0.041666666666666664 (transpose-diatonic 2 n1))	(multiply-duration 0.041666666666666664 (transpose-diatonic 3 n1))	(multiply-duration 0.041666666666666664 (transpose-diatonic 2 n1))	(multiply-duration 0.125 (transpose-diatonic -1 n1))	(multiply-duration 0.125 (transpose-diatonic 1 n1))	(multiply-duration 0.125 (transpose-diatonic 2 n1))	(multiply-duration 0.125 (transpose-diatonic 3 n1))	(multiply-duration 0.375 (make-rest n1))	(multiply-duration 0.25 (transpose-diatonic #-2 n2))	(multiply-duration 0.125 (transpose-diatonic 1 n2))	(multiply-duration 0.125 (transpose-diatonic #-2 n2))	(multiply-duration 0.125 (transpose-diatonic b1 n2))	(multiply-duration 0.375 (make-rest n2))
TR	rel-pitch-1-to-1	1	true	n1 n2	(and (duration>= (duration n1) 1) (not (rest? n1)) (= (note-category n1) C) (= (relative-pitch n1) 1) (duration>= (duration n2) 1) (not (rest? n2)) (= (note-category n2) C) (= (relative-pitch n2) 1) (pitch< n1 n2))	(multiply-duration 0.375 (make-rest n1))	(multiply-duration 0.125 (transpose-diatonic -3 n1))	(multiply-duration 0.125 (transpose-diatonic 1 n1))	(multiply-duration 0.125 (transpose-diatonic 2 n1))	(multiply-duration 0.125 (transpose-diatonic 3 n1))	(multiply-duration 0.125 (transpose-diatonic 4 n1))	(multiply-duration 0.25 (transpose-diatonic 4 n2))	(multiply-duration 0.125 (transpose-diatonic 3 n2))	(multiply-duration 0.125 (transpose-diatonic 2 n2))	(multiply-duration 0.125 (transpose-diatonic 1 n2))	(multiply-duration 0.125 (transpose-diatonic -1 n2))	(multiply-duration 0.125 (transpose-diatonic #-2 n2))	(multiply-duration 0.125 (make-rest n2))
TR	rel-pitch-1-to-1	1	true	n1 n2	(and (duration>= (duration n1) 1) (not (rest? n1)) (= (note-category n1) C) (= (relative-pitch n1) 1) (duration>= (duration n2) 1) (not (rest? n2)) (= (note-category n2) C) (= (relative-pitch n2) 1) (pitch< n1 n2))	(multiply-duration 0.25 (transpose-diatonic -1 n1))	(multiply-duration 0.125 (transpose-diatonic 2 n1))	(multiply-duration 0.125 (transpose-diatonic -1 n1))	(multiply-duration 0.125 (transpose-diatonic 1 n1))	(multiply-duration 0.125 (transpose-diatonic 2 n1))	(multiply-duration 0.125 (transpose-diatonic 3 n1))	(multiply-duration 0.125 (transpose-diatonic 5 n1))	(multiply-duration 0.25 (make-rest n2))	(multiply-duration 0.125 (transpose-diatonic 1 n2))	(multiply-duration 0.125 (transpose-diatonic 2 n2))	(multiply-duration 0.125 (transpose-diatonic 3 n2))	(multiply-duration 0.125 (transpose-diatonic 2 n2))	(multiply-duration 0.125 (transpose-diatonic 1 n2))	(multiply-duration 0.125 (make-rest n2))
TR	rel-pitch-1	1	true	n1	(and (duration>= (duration n1) 1) (not (rest? n1)) (= (note-category n1) C) (= (relative-pitch n1) 1))	(multiply-duration 0.75 (make-rest n1))	(multiply-duration 0.25 (transpose-diatonic 1 n1))
TR	rel-pitch-1	1	true	n1	(and (duration>= (duration n1) 1) (not (rest? n1)) (= (note-category n1) C) (= (relative-pitch n1) 1))	(multiply-duration 0.375 (transpose-diatonic 3 n1))	(multiply-duration 0.125 (transpose-diatonic 1 n1))	(multiply-duration 0.125 (transpose-diatonic 3 n1))	(multiply-duration 0.125 (transpose-diatonic 1 n1))	(multiply-duration 0.25 (make-rest n1))
TR	rel-pitch-1	1	true	n1	(and (duration>= (duration n1) 1) (not (rest? n1)) (= (note-category n1) C) (= (relative-pitch n1) 1))	(multiply-duration 0.25 (transpose-diatonic 2 n1))	(multiply-duration 0.125 (transpose-diatonic 1 n1))	(multiply-duration 0.125 (transpose-diatonic -1 n1))	(multiply-duration 0.125 (transpose-diatonic -2 n1))	(multiply-duration 0.375 (make-rest n1))
TR	rel-pitch-1	1	true	n1	(and (duration>= (duration n1) 1) (not (rest? n1)) (= (note-category n1) C) (= (relative-pitch n1) 1))	(multiply-duration 0.125 (transpose-diatonic 3 n1))	(multiply-duration 0.125 (transpose-diatonic -3 n1))	(multiply-duration 0.125 (transpose-diatonic 2 n1))	(multiply-duration 0.125 (transpose-diatonic 1 n1))	(multiply-duration 0.5 (make-rest n1))
TR	rel-pitch-1	1	true	n1	(and (duration>= (duration n1) 1) (not (rest? n1)) (= (note-category n1) C) (= (relative-pitch n1) 1))	(multiply-duration 0.125 (transpose-diatonic #-2 n1))	(multiply-duration 0.125 (make-rest n1))	(multiply-duration 0.125 (transpose-diatonic #-2 n1))	(multiply-duration 0.5 (transpose-diatonic 4 n1))	(multiply-duration 0.125 (transpose-diatonic 3 n1))
TR	rel-pitch-1	1	true	n1	(and (duration>= (duration n1) 1) (not (rest? n1)) (= (note-category n1) C) (= (relative-pitch n1) 1))	(multiply-duration 0.125 (transpose-diatonic 3 n1))	(multiply-duration 0.125 (transpose-diatonic 4 n1))	(multiply-duration 0.125 (transpose-diatonic 5 n1))	(multiply-duration 0.125 (transpose-diatonic 3 n1))	(multiply-duration 0.125 (make-rest n1))	(multiply-duration 0.125 (transpose-diatonic 1 n1))	(multiply-duration 0.125 (transpose-diatonic -3 n1))	(multiply-duration 0.125 (transpose-diatonic -4 n1))
TR	rel-pitch-1	1	true	n1	(and (duration>= (duration n1) 1) (not (rest? n1)) (= (note-category n1) C) (= (relative-pitch n1) 1))	(multiply-duration 0.5 (transpose-diatonic b2 n1))	(multiply-duration 0.375 (transpose-diatonic 1 n1))	(multiply-duration 0.125 (transpose-diatonic -1 n1))
TR	rel-pitch-1	2	true	n1	(and (duration>= (duration n1) 1) (not (rest? n1)) (= (note-category n1) C) (= (relative-pitch n1) 1))	(multiply-duration 0.125 (transpose-diatonic #-1 n1))	(multiply-duration 0.125 (transpose-diatonic #2 n1))	(multiply-duration 0.125 (transpose-diatonic 1 n1))	(multiply-duration 0.125 (transpose-diatonic -1 n1))	(multiply-duration 0.125 (transpose-diatonic #-2 n1))	(multiply-duration 0.125 (transpose-diatonic 1 n1))	(multiply-duration 0.125 (transpose-diatonic #2 n1))	(multiply-duration 0.125 (transpose-diatonic 3 n1))
TR	rel-pitch-1	1	true	n1	(and (duration>= (duration n1) 1) (not (rest? n1)) (= (note-category n1) C) (= (relative-pitch n1) 1))	(multiply-duration 0.125 (transpose-diatonic 3 n1))	(multiply-duration 0.125 (transpose-diatonic #-3 n1))	(multiply-duration 0.125 (transpose-diatonic 1 n1))	(multiply-duration 0.125 (transpose-diatonic 3 n1))	(multiply-duration 0.125 (transpose-diatonic #-1 n1))	(multiply-duration 0.375 (make-rest n1))
TR	rel-pitch-1	1	true	n1	(and (duration>= (duration n1) 1) (not (rest? n1)) (= (note-category n1) C) (= (relative-pitch n1) 1))	(multiply-duration 0.25 (make-rest n1))	(multiply-duration 0.125 (transpose-diatonic 1 n1))	(multiply-duration 0.125 (transpose-diatonic 2 n1))	(multiply-duration 0.125 (transpose-diatonic 3 n1))	(multiply-duration 0.125 (transpose-diatonic 2 n1))	(multiply-duration 0.125 (transpose-diatonic 1 n1))	(multiply-duration 0.125 (transpose-diatonic -2 n1))
TR	rel-pitch-1	1	true	n1	(and (duration>= (duration n1) 1) (not (rest? n1)) (= (note-category n1) C) (= (relative-pitch n1) 1))	(multiply-duration 0.25 (transpose-diatonic 3 n1))	(multiply-duration 0.375 (make-rest n1))	(multiply-duration 0.0625 (transpose-diatonic 1 n1))	(multiply-duration 0.0625 (transpose-diatonic -1 n1))	(multiply-duration 0.125 (transpose-diatonic #-2 n1))	(multiply-duration 0.125 (make-rest n1))
TR	rel-pitch-1	1	true	n1	(and (duration>= (duration n1) 1) (not (rest? n1)) (= (note-category n1) C) (= (relative-pitch n1) 1))	(multiply-duration 0.0625 (transpose-diatonic 4 n1))	(multiply-duration 0.0625 (transpose-diatonic 3 n1))	(multiply-duration 0.0625 (transpose-diatonic 2 n1))	(multiply-duration 0.0625 (transpose-diatonic 1 n1))	(multiply-duration 0.0625 (transpose-diatonic -1 n1))	(multiply-duration 0.0625 (transpose-diatonic 2 n1))	(multiply-duration 0.0625 (transpose-diatonic 4 n1))	(multiply-duration 0.0625 (transpose-diatonic #5 n1))	(multiply-duration 0.0625 (transpose-diatonic 5 n1))	(multiply-duration 0.0625 (transpose-diatonic 4 n1))	(multiply-duration 0.0625 (transpose-diatonic 3 n1))	(multiply-duration 0.0625 (transpose-diatonic 2 n1))	(multiply-duration 0.0625 (transpose-diatonic 1 n1))	(multiply-duration 0.0625 (transpose-diatonic #-3 n1))	(multiply-duration 0.0625 (transpose-diatonic -3 n1))	(multiply-duration 0.0625 (transpose-diatonic -4 n1))
TR	rel-pitch-1	1	true	n1	(and (duration>= (duration n1) 1) (not (rest? n1)) (= (note-category n1) C) (= (relative-pitch n1) 1))	(multiply-duration 0.1875 (make-rest n1))	(multiply-duration 0.0625 (transpose-diatonic #-4 n1))	(multiply-duration 0.0625 (transpose-diatonic -3 n1))	(multiply-duration 0.0625 (transpose-diatonic -2 n1))	(multiply-duration 0.0625 (transpose-diatonic -1 n1))	(multiply-duration 0.0625 (transpose-diatonic 2 n1))	(multiply-duration 0.0625 (transpose-diatonic 4 n1))	(multiply-duration 0.0625 (transpose-diatonic 2 n1))	(multiply-duration 0.0625 (transpose-diatonic b3 n1))	(multiply-duration 0.0625 (transpose-diatonic 3 n1))	(multiply-duration 0.0625 (transpose-diatonic 1 n1))	(multiply-duration 0.0625 (transpose-diatonic b2 n1))	(multiply-duration 0.0625 (transpose-diatonic 2 n1))	(multiply-duration 0.0625 (transpose-diatonic 1 n1))
TR	rel-pitch-1	1	true	n1	(and (duration>= (duration n1) 1) (not (rest? n1)) (= (note-category n1) C) (= (relative-pitch n1) 1))	(multiply-duration 0.375 (transpose-diatonic 4 n1))	(multiply-duration 0.125 (transpose-diatonic 3 n1))	(multiply-duration 0.125 (transpose-diatonic #-1 n1))	(multiply-duration 0.375 (transpose-diatonic 1 n1))
TR	rel-pitch-1	1	true	n1	(and (duration>= (duration n1) 1) (not (rest? n1)) (= (note-category n1) C) (= (relative-pitch n1) 1))	(multiply-duration 0.125 (transpose-diatonic 2 n1))	(multiply-duration 0.125 (transpose-diatonic b2 n1))	(multiply-duration 0.125 (transpose-diatonic 1 n1))	(multiply-duration 0.125 (transpose-diatonic #-1 n1))	(multiply-duration 0.125 (transpose-diatonic -1 n1))	(multiply-duration 0.125 (transpose-diatonic -5 n1))	(multiply-duration 0.041666666666666664 (transpose-diatonic 1 n1))	(multiply-duration 0.041666666666666664 (transpose-diatonic 2 n1))	(multiply-duration 0.041666666666666664 (transpose-diatonic 1 n1))	(multiply-duration 0.125 (transpose-diatonic -1 n1))
TR	rel-pitch-1	1	true	n1	(and (duration>= (duration n1) 1) (not (rest? n1)) (= (note-category n1) C) (= (relative-pitch n1) 1))	(multiply-duration 0.5 (make-rest n1))	(multiply-duration 0.375 (transpose-diatonic b-1 n1))	(multiply-duration 0.125 (make-rest n1))
TR	rel-pitch-1	1	true	n1	(and (duration>= (duration n1) 1) (not (rest? n1)) (= (note-category n1) C) (= (relative-pitch n1) 1))	(multiply-duration 0.25 (transpose-diatonic 3 n1))	(multiply-duration 0.125 (transpose-diatonic -1 n1))	(multiply-duration 0.125 (transpose-diatonic 2 n1))	(multiply-duration 0.125 (transpose-diatonic 1 n1))	(multiply-duration 0.125 (transpose-diatonic -3 n1))	(multiply-duration 0.25 (make-rest n1))
TR	rel-pitch-1	1	true	n1	(and (duration>= (duration n1) 1) (not (rest? n1)) (= (note-category n1) C) (= (relative-pitch n1) 1))	(multiply-duration 0.125 (transpose-diatonic 2 n1))	(multiply-duration 0.125 (make-rest n1))	(multiply-duration 0.25 (transpose-diatonic 1 n1))	(multiply-duration 0.375 (transpose-diatonic -3 n1))	(multiply-duration 0.125 (make-rest n1))
TR	rel-pitch-1	1	true	n1	(and (duration>= (duration n1) 1) (not (rest? n1)) (= (note-category n1) C) (= (relative-pitch n1) 1))	(multiply-duration 0.125 (transpose-diatonic #3 n1))	(multiply-duration 0.125 (transpose-diatonic 2 n1))	(multiply-duration 0.125 (transpose-diatonic 1 n1))	(multiply-duration 0.125 (transpose-diatonic #-1 n1))	(multiply-duration 0.125 (transpose-diatonic -1 n1))	(multiply-duration 0.125 (transpose-diatonic 2 n1))	(multiply-duration 0.25 (make-rest n1))
TR	rel-pitch-1	1	true	n1	(and (duration>= (duration n1) 1) (not (rest? n1)) (= (note-category n1) C) (= (relative-pitch n1) 1))	(multiply-duration 0.041666666666666664 (transpose-diatonic 2 n1))	(multiply-duration 0.041666666666666664 (transpose-diatonic 3 n1))	(multiply-duration 0.041666666666666664 (transpose-diatonic 2 n1))	(multiply-duration 0.125 (transpose-diatonic -1 n1))	(multiply-duration 0.125 (transpose-diatonic 1 n1))	(multiply-duration 0.125 (transpose-diatonic 2 n1))	(multiply-duration 0.125 (transpose-diatonic 3 n1))	(multiply-duration 0.375 (make-rest n1))
TR	rel-pitch-1	1	true	n1	(and (duration>= (duration n1) 1) (not (rest? n1)) (= (note-category n1) C) (= (relative-pitch n1) 1))	(multiply-duration 0.25 (transpose-diatonic 4 n1))	(multiply-duration 0.125 (transpose-diatonic 3 n1))	(multiply-duration 0.125 (transpose-diatonic 2 n1))	(multiply-duration 0.125 (transpose-diatonic 1 n1))	(multiply-duration 0.125 (transpose-diatonic -1 n1))	(multiply-duration 0.125 (transpose-diatonic #-2 n1))	(multiply-duration 0.125 (make-rest n1))
TR	rel-pitch-1	1	true	n1	(and (duration>= (duration n1) 1) (not (rest? n1)) (= (note-category n1) C) (= (relative-pitch n1) 1))	(multiply-duration 0.375 (make-rest n1))	(multiply-duration 0.125 (transpose-diatonic -3 n1))	(multiply-duration 0.125 (transpose-diatonic 1 n1))	(multiply-duration 0.125 (transpose-diatonic 2 n1))	(multiply-duration 0.125 (transpose-diatonic 3 n1))	(multiply-duration 0.125 (transpose-diatonic 4 n1))
TR	rel-pitch-1	1	true	n1	(and (duration>= (duration n1) 1) (not (rest? n1)) (= (note-category n1) C) (= (relative-pitch n1) 1))	(multiply-duration 0.25 (make-rest n1))	(multiply-duration 0.125 (transpose-diatonic 1 n1))	(multiply-duration 0.125 (transpose-diatonic 2 n1))	(multiply-duration 0.125 (transpose-diatonic 3 n1))	(multiply-duration 0.125 (transpose-diatonic 2 n1))	(multiply-duration 0.125 (transpose-diatonic 1 n1))	(multiply-duration 0.125 (make-rest n1))
TR	rel-pitch-1	1	true	n1	(and (duration>= (duration n1) 1) (not (rest? n1)) (= (note-category n1) C) (= (relative-pitch n1) 1))	(multiply-duration 0.25 (transpose-diatonic -1 n1))	(multiply-duration 0.125 (transpose-diatonic 2 n1))	(multiply-duration 0.125 (transpose-diatonic -1 n1))	(multiply-duration 0.125 (transpose-diatonic 1 n1))	(multiply-duration 0.125 (transpose-diatonic 2 n1))	(multiply-duration 0.125 (transpose-diatonic 3 n1))	(multiply-duration 0.125 (transpose-diatonic 5 n1))
SUB	whole-first-rel-pitch-b3	motif	1	true
TR	rel-pitch-b3	1	true	n1	(and (duration>= (duration n1) 1) (not (rest? n1)) (= (note-category n1) C) (= (relative-pitch n1) b3))	(multiply-duration 0.125 (transpose-diatonic #2 n1))	(multiply-duration 0.0625 (transpose-diatonic #3 n1))	(multiply-duration 0.0625 (transpose-diatonic #2 n1))	(multiply-duration 0.125 (transpose-diatonic #1 n1))	(multiply-duration 0.125 (transpose-diatonic #1 n1))	(multiply-duration 0.125 (make-rest n1))	(multiply-duration 0.125 (transpose-diatonic #-2 n1))	(multiply-duration 0.125 (transpose-diatonic #-1 n1))	(multiply-duration 0.125 (transpose-diatonic #1 n1))
TR	rel-pitch-b3	1	true	n1	(and (duration>= (duration n1) 1) (not (rest? n1)) (= (note-category n1) C) (= (relative-pitch n1) b3))	(multiply-duration 0.25 (transpose-diatonic #1 n1))	(multiply-duration 0.25 (make-rest n1))	(multiply-duration 0.125 (transpose-diatonic #-2 n1))	(multiply-duration 0.125 (transpose-diatonic #-1 n1))	(multiply-duration 0.125 (transpose-diatonic #1 n1))	(multiply-duration 0.125 (transpose-diatonic #2 n1))
SUB	whole-first-rel-pitch-rest	motif	1	true
TR	rel-pitch-rest-to-rest	3	true	n1 n2	(and (duration>= (duration n1) 1) (rest? n1) (duration>= (duration n2) 1) (rest? n2))	n1	n2
TR	rel-pitch-rest-to-5	1	true	n1 n2	(and (duration>= (duration n1) 1) (rest? n1) (duration>= (duration n2) 1) (not (rest? n2)) (= (note-category n2) C) (= (relative-pitch n2) 5))	n1	(multiply-duration 0.125 (transpose-diatonic 2 n2))	(multiply-duration 0.375 (transpose-diatonic 3 n2))	(multiply-duration 0.375 (transpose-diatonic 2 n2))	(multiply-duration 0.125 (transpose-diatonic 1 n2))
TR	rel-pitch-rest	8	true	n1	(and (duration>= (duration n1) 1) (rest? n1))	n1
SUB	half-first-rel-pitch-5	motif	1	true
TR	rel-pitch-5-to-1	1	true	n1 n2	(and (duration>= (duration n1) 2) (not (rest? n1)) (= (note-category n1) C) (= (relative-pitch n1) 5) (duration>= (duration n2) 2) (not (rest? n2)) (= (note-category n2) C) (= (relative-pitch n2) 1) (pitch>= n1 n2))	(multiply-duration 1.0 (transpose-diatonic 1 n1))	(multiply-duration 1.0 (transpose-diatonic b2 n2))
TR	rel-pitch-5-to-1	1	true	n1 n2	(and (duration>= (duration n1) 2) (not (rest? n1)) (= (note-category n1) C) (= (relative-pitch n1) 5) (duration>= (duration n2) 2) (not (rest? n2)) (= (note-category n2) C) (= (relative-pitch n2) 1) (pitch>= n1 n2))	(multiply-duration 0.5 (transpose-diatonic 2 n1))	(multiply-duration 0.5 (transpose-diatonic 1 n1))	(multiply-duration 0.75 (transpose-diatonic 1 n2))	(multiply-duration 0.25 (make-rest n2))
TR	rel-pitch-5-to-3	1	true	n1 n2	(and (duration>= (duration n1) 2) (not (rest? n1)) (= (note-category n1) C) (= (relative-pitch n1) 5) (duration>= (duration n2) 2) (not (rest? n2)) (= (note-category n2) C) (= (relative-pitch n2) 3) (pitch< n1 n2))	(multiply-duration 0.5 (make-rest n1))	(multiply-duration 0.25 (transpose-diatonic 1 n1))	(multiply-duration 0.25 (transpose-diatonic 2 n1))	(multiply-duration 0.25 (transpose-diatonic 2 n2))	(multiply-duration 0.25 (transpose-diatonic b1 n2))	(multiply-duration 0.25 (transpose-diatonic b-1 n2))	(multiply-duration 0.25 (make-rest n2))
TR	rel-pitch-5-to-3	1	true	n1 n2	(and (duration>= (duration n1) 2) (not (rest? n1)) (= (note-category n1) C) (= (relative-pitch n1) 5) (duration>= (duration n2) 2) (not (rest? n2)) (= (note-category n2) C) (= (relative-pitch n2) 3) (pitch>= n1 n2))	(multiply-duration 0.5 (transpose-diatonic 1 n1))	(multiply-duration 0.5 (make-rest n1))	(multiply-duration 0.25 (transpose-diatonic 2 n2))	(multiply-duration 0.125 (transpose-diatonic 3 n2))	(multiply-duration 0.125 (transpose-diatonic 2 n2))	(multiply-duration 0.25 (transpose-diatonic 1 n2))	(multiply-duration 0.25 (transpose-diatonic -1 n2))
TR	rel-pitch-5-to-7	1	true	n1 n2	(and (duration>= (duration n1) 2) (not (rest? n1)) (= (note-category n1) C) (= (relative-pitch n1) 5) (duration>= (duration n2) 2) (not (rest? n2)) (= (note-category n2) C) (= (relative-pitch n2) 7) (pitch>= n1 n2))	(multiply-duration 0.5 (make-rest n1))	(multiply-duration 0.25 (transpose-diatonic 1 n1))	(multiply-duration 0.25 (transpose-diatonic -2 n1))	(multiply-duration 0.25 (transpose-diatonic -1 n2))	(multiply-duration 0.125 (transpose-diatonic 1 n2))	(multiply-duration 0.125 (transpose-diatonic -1 n2))	(multiply-duration 0.25 (transpose-diatonic -2 n2))	(multiply-duration 0.25 (transpose-diatonic 2 n2))
TR	rel-pitch-5-to-3	1	true	n1 n2	(and (duration>= (duration n1) 2) (not (rest? n1)) (= (note-category n1) C) (= (relative-pitch n1) 5) (duration>= (duration n2) 2) (not (rest? n2)) (= (note-category n2) C) (= (relative-pitch n2) 3) (pitch< n1 n2))	(multiply-duration 0.25 (transpose-diatonic -1 n1))	(multiply-duration 0.25 (transpose-diatonic -3 n1))	(multiply-duration 0.25 (transpose-diatonic -2 n1))	(multiply-duration 0.25 (transpose-diatonic b6 n1))	(multiply-duration 0.75 (transpose-diatonic b1 n2))	(multiply-duration 0.25 (transpose-diatonic b-1 n2))
TR	rel-pitch-5-to-1	1	true	n1 n2	(and (duration>= (duration n1) 2) (not (rest? n1)) (= (note-category n1) C) (= (relative-pitch n1) 5) (duration>= (duration n2) 2) (not (rest? n2)) (= (note-category n2) C) (= (relative-pitch n2) 1) (pitch>= n1 n2))	(multiply-duration 0.75 (transpose-diatonic 1 n1))	(multiply-duration 0.125 (transpose-diatonic 3 n1))	(multiply-duration 0.125 (transpose-diatonic 1 n1))	(multiply-duration 0.25 (transpose-diatonic 3 n2))	(multiply-duration 0.25 (transpose-diatonic 1 n2))	(multiply-duration 0.25 (transpose-diatonic #-1 n2))	(multiply-duration 0.25 (make-rest n2))
TR	rel-pitch-5-to-5	1	true	n1 n2	(and (duration>= (duration n1) 2) (not (rest? n1)) (= (note-category n1) C) (= (relative-pitch n1) 5) (duration>= (duration n2) 2) (not (rest? n2)) (= (note-category n2) C) (= (relative-pitch n2) 5) (pitch>= n1 n2))	(multiply-duration 0.5 (make-rest n1))	(multiply-duration 0.25 (transpose-diatonic 1 n1))	(multiply-duration 0.25 (transpose-diatonic -2 n1))	(multiply-duration 0.25 (make-rest n2))	(multiply-duration 0.25 (transpose-diatonic 2 n2))	(multiply-duration 0.25 (transpose-diatonic 1 n2))	(multiply-duration 0.25 (make-rest n2))
TR	rel-pitch-5-to-5	1	true	n1 n2	(and (duration>= (duration n1) 2) (not (rest? n1)) (= (note-category n1) C) (= (relative-pitch n1) 5) (duration>= (duration n2) 2) (not (rest? n2)) (= (note-category n2) C) (= (relative-pitch n2) 5) (pitch>= n1 n2))	(multiply-duration 0.25 (transpose-diatonic 4 n1))	(multiply-duration 0.25 (make-rest n1))	(multiply-duration 0.5 (transpose-diatonic 1 n1))	(multiply-duration 0.5 (transpose-diatonic 2 n2))	(multiply-duration 0.25 (transpose-diatonic #1 n2))	(multiply-duration 0.25 (make-rest n2))
TR	rel-pitch-5-to-7	1	true	n1 n2	(and (duration>= (duration n1) 2) (not (rest? n1)) (= (note-category n1) C) (= (relative-pitch n1) 5) (duration>= (duration n2) 2) (not (rest? n2)) (= (note-category n2) C) (= (relative-pitch n2) 7) (pitch< n1 n2))	(multiply-duration 0.25 (transpose-diatonic 1 n1))	(multiply-duration 0.25 (transpose-diatonic -2 n1))	(multiply-duration 0.25 (transpose-diatonic 1 n1))	(multiply-duration 0.25 (transpose-diatonic 2 n1))	(multiply-duration 0.25 (transpose-diatonic 1 n2))	(multiply-duration 0.25 (transpose-diatonic -1 n2))	(multiply-duration 0.25 (transpose-diatonic -2 n2))	(multiply-duration 0.25 (make-rest n2))
TR	rel-pitch-5-to-1	1	true	n1 n2	(and (duration>= (duration n1) 2) (not (rest? n1)) (= (note-category n1) C) (= (relative-pitch n1) 5) (duration>= (duration n2) 2) (not (rest? n2)) (= (note-category n2) C) (= (relative-pitch n2) 1) (pitch>= n1 n2))	(multiply-duration 0.5 (transpose-diatonic 1 n1))	(multiply-duration 0.25 (make-rest n1))	(multiply-duration 0.25 (transpose-diatonic -1 n1))	(multiply-duration 0.25 (transpose-diatonic 1 n2))	(multiply-duration 0.25 (transpose-diatonic -1 n2))	(multiply-duration 0.16666666666666666 (transpose-diatonic #-2 n2))	(multiply-duration 0.16666666666666666 (transpose-diatonic 1 n2))	(multiply-duration 0.16666666666666666 (transpose-diatonic 3 n2))
TR	rel-pitch-5-to-5	1	true	n1 n2	(and (duration>= (duration n1) 2) (not (rest? n1)) (= (note-category n1) C) (= (relative-pitch n1) 5) (duration>= (duration n2) 2) (not (rest? n2)) (= (note-category n2) C) (= (relative-pitch n2) 5) (pitch>= n1 n2))	(multiply-duration 0.25 (make-rest n1))	(multiply-duration 0.125 (transpose-diatonic 1 n1))	(multiply-duration 0.125 (transpose-diatonic b1 n1))	(multiply-duration 0.25 (transpose-diatonic -1 n1))	(multiply-duration 0.25 (transpose-diatonic #-2 n1))	(multiply-duration 0.25 (transpose-diatonic 3 n2))	(multiply-duration 0.25 (transpose-diatonic -3 n2))	(multiply-duration 0.5 (transpose-diatonic 4 n2))
TR	rel-pitch-5-to-3	1	true	n1 n2	(and (duration>= (duration n1) 2) (not (rest? n1)) (= (note-category n1) C) (= (relative-pitch n1) 5) (duration>= (duration n2) 2) (not (rest? n2)) (= (note-category n2) C) (= (relative-pitch n2) 3) (pitch< n1 n2))	(multiply-duration 0.25 (make-rest n1))	(multiply-duration 0.25 (transpose-diatonic 1 n1))	(multiply-duration 0.25 (transpose-diatonic 2 n1))	(multiply-duration 0.25 (transpose-diatonic 3 n1))	(multiply-duration 0.25 (transpose-diatonic #2 n2))	(multiply-duration 0.25 (transpose-diatonic b1 n2))	(multiply-duration 0.5 (make-rest n2))
TR	rel-pitch-5-to-rest	1	true	n1 n2	(and (duration>= (duration n1) 2) (not (rest? n1)) (= (note-category n1) C) (= (relative-pitch n1) 5) (duration>= (duration n2) 2) (rest? n2))	(multiply-duration 0.25 (transpose-diatonic -1 n1))	(multiply-duration 0.75 (make-rest n1))	n2
TR	rel-pitch-5-to-5	1	true	n1 n2	(and (duration>= (duration n1) 2) (not (rest? n1)) (= (note-category n1) C) (= (relative-pitch n1) 5) (duration>= (duration n2) 2) (not (rest? n2)) (= (note-category n2) C) (= (relative-pitch n2) 5) (pitch>= n1 n2))	(multiply-duration 0.25 (transpose-diatonic 3 n1))	(multiply-duration 0.125 (transpose-diatonic 4 n1))	(multiply-duration 0.125 (transpose-diatonic 3 n1))	(multiply-duration 0.25 (transpose-diatonic 1 n1))	(multiply-duration 0.25 (transpose-diatonic -2 n1))	(multiply-duration 0.25 (transpose-diatonic 2 n2))	(multiply-duration 0.25 (transpose-diatonic 1 n2))	(multiply-duration 0.5 (make-rest n2))
TR	rel-pitch-5-to-3	1	true	n1 n2	(and (duration>= (duration n1) 2) (not (rest? n1)) (= (note-category n1) C) (= (relative-pitch n1) 5) (duration>= (duration n2) 2) (not (rest? n2)) (= (note-category n2) C) (= (relative-pitch n2) 3) (pitch< n1 n2))	(multiply-duration 0.5 (make-rest n1))	(multiply-duration 0.25 (transpose-diatonic -1 n1))	(multiply-duration 0.25 (transpose-diatonic #1 n1))	(multiply-duration 0.25 (transpose-diatonic 1 n2))	(multiply-duration 0.25 (transpose-diatonic 2 n2))	(multiply-duration 0.25 (transpose-diatonic 3 n2))	(multiply-duration 0.25 (make-rest n2))
TR	rel-pitch-5-to-3	1	true	n1 n2	(and (duration>= (duration n1) 2) (not (rest? n1)) (= (note-category n1) C) (= (relative-pitch n1) 5) (duration>= (duration n2) 2) (not (rest? n2)) (= (note-category n2) C) (= (relative-pitch n2) 3) (pitch< n1 n2))	(multiply-duration 0.25 (transpose-diatonic -2 n1))	(multiply-duration 0.25 (transpose-diatonic 2 n1))	(multiply-duration 0.25 (make-rest n1))	(multiply-duration 0.25 (transpose-diatonic #-1 n1))	(multiply-duration 0.75 (transpose-diatonic b1 n2))	(multiply-duration 0.25 (transpose-diatonic b-1 n2))
TR	rel-pitch-5-to-5	1	true	n1 n2	(and (duration>= (duration n1) 2) (not (rest? n1)) (= (note-category n1) C) (= (relative-pitch n1) 5) (duration>= (duration n2) 2) (not (rest? n2)) (= (note-category n2) C) (= (relative-pitch n2) 5) (pitch>= n1 n2))	(multiply-duration 0.25 (transpose-diatonic 1 n1))	(multiply-duration 0.125 (transpose-diatonic 2 n1))	(multiply-duration 0.125 (transpose-diatonic 1 n1))	(multiply-duration 0.25 (transpose-diatonic -2 n1))	(multiply-duration 0.25 (transpose-diatonic -3 n1))	(multiply-duration 0.25 (transpose-diatonic 1 n2))	(multiply-duration 0.25 (transpose-diatonic 2 n2))	(multiply-duration 0.25 (transpose-diatonic 3 n2))	(multiply-duration 0.25 (make-rest n2))
TR	rel-pitch-5-to-1	1	true	n1 n2	(and (duration>= (duration n1) 2) (not (rest? n1)) (= (note-category n1) C) (= (relative-pitch n1) 5) (duration>= (duration n2) 2) (not (rest? n2)) (= (note-category n2) C) (= (relative-pitch n2) 1) (pitch>= n1 n2))	(multiply-duration 0.5 (transpose-diatonic #-2 n1))	(multiply-duration 0.25 (transpose-diatonic 1 n1))	(multiply-duration 0.25 (transpose-diatonic #-2 n1))	(multiply-duration 0.25 (transpose-diatonic b2 n2))	(multiply-duration 0.75 (make-rest n2))
TR	rel-pitch-5-to-3	1	true	n1 n2	(and (duration>= (duration n1) 2) (not (rest? n1)) (= (note-category n1) C) (= (relative-pitch n1) 5) (duration>= (duration n2) 2) (not (rest? n2)) (= (note-category n2) C) (= (relative-pitch n2) 3) (pitch< n1 n2))	(multiply-duration 0.75 (make-rest n1))	(multiply-duration 0.25 (transpose-diatonic 1 n1))	(multiply-duration 0.25 (transpose-diatonic -2 n2))	(multiply-duration 0.25 (transpose-diatonic -1 n2))	(multiply-duration 0.25 (transpose-diatonic 1 n2))	(multiply-duration 0.25 (transpose-diatonic 2 n2))
TR	rel-pitch-5-to-3	1	true	n1 n2	(and (duration>= (duration n1) 2) (not (rest? n1)) (= (note-category n1) C) (= (relative-pitch n1) 5) (duration>= (duration n2) 2) (not (rest? n2)) (= (note-category n2) C) (= (relative-pitch n2) 3) (pitch< n1 n2))	(multiply-duration 0.25 (transpose-diatonic 2 n1))	(multiply-duration 0.25 (transpose-diatonic -1 n1))	(multiply-duration 0.25 (transpose-diatonic 1 n1))	(multiply-duration 0.25 (transpose-diatonic 2 n1))	(multiply-duration 0.75 (transpose-diatonic 2 n2))	(multiply-duration 0.25 (make-rest n2))
TR	rel-pitch-5-to-1	1	true	n1 n2	(and (duration>= (duration n1) 2) (not (rest? n1)) (= (note-category n1) C) (= (relative-pitch n1) 5) (duration>= (duration n2) 2) (not (rest? n2)) (= (note-category n2) C) (= (relative-pitch n2) 1) (pitch>= n1 n2))	(multiply-duration 0.25 (transpose-diatonic #1 n1))	(multiply-duration 0.25 (transpose-diatonic #1 n1))	(multiply-duration 0.25 (transpose-diatonic 1 n1))	(multiply-duration 0.25 (transpose-diatonic -1 n1))	(multiply-duration 0.25 (transpose-diatonic 3 n2))	(multiply-duration 0.25 (make-rest n2))	(multiply-duration 0.25 (transpose-diatonic -2 n2))	(multiply-duration 0.25 (transpose-diatonic -1 n2))
TR	rel-pitch-5-to-3	1	true	n1 n2	(and (duration>= (duration n1) 2) (not (rest? n1)) (= (note-category n1) C) (= (relative-pitch n1) 5) (duration>= (duration n2) 2) (not (rest? n2)) (= (note-category n2) C) (= (relative-pitch n2) 3) (pitch>= n1 n2))	(multiply-duration 0.25 (transpose-diatonic 2 n1))	(multiply-duration 0.5 (make-rest n1))	(multiply-duration 0.25 (transpose-diatonic 1 n1))	(multiply-duration 0.25 (transpose-diatonic 2 n2))	(multiply-duration 0.25 (transpose-diatonic b-1 n2))	(multiply-duration 0.16666666666666666 (transpose-diatonic -1 n2))	(multiply-duration 0.16666666666666666 (transpose-diatonic 2 n2))	(multiply-duration 0.16666666666666666 (transpose-diatonic 4 n2))
TR	rel-pitch-5-to-5	1	true	n1 n2	(and (duration>= (duration n1) 2) (not (rest? n1)) (= (note-category n1) C) (= (relative-pitch n1) 5) (duration>= (duration n2) 2) (not (rest? n2)) (= (note-category n2) C) (= (relative-pitch n2) 5) (pitch>= n1 n2))	(multiply-duration 0.16666666666666666 (transpose-diatonic b-2 n1))	(multiply-duration 0.16666666666666666 (transpose-diatonic #-1 n1))	(multiply-duration 0.16666666666666666 (transpose-diatonic 2 n1))	(multiply-duration 0.25 (transpose-diatonic 4 n1))	(multiply-duration 0.25 (transpose-diatonic 3 n1))	(multiply-duration 0.25 (transpose-diatonic 4 n2))	(multiply-duration 0.25 (transpose-diatonic #-1 n2))	(multiply-duration 0.5 (transpose-diatonic b-2 n2))
TR	rel-pitch-5-to-7	1	true	n1 n2	(and (duration>= (duration n1) 2) (not (rest? n1)) (= (note-category n1) C) (= (relative-pitch n1) 5) (duration>= (duration n2) 2) (not (rest? n2)) (= (note-category n2) C) (= (relative-pitch n2) 7) (pitch>= n1 n2))	(multiply-duration 0.75 (transpose-diatonic 1 n1))	(multiply-duration 0.25 (transpose-diatonic -2 n1))	(multiply-duration 0.25 (transpose-diatonic -1 n2))	(multiply-duration 0.125 (transpose-diatonic 1 n2))	(multiply-duration 0.125 (transpose-diatonic -1 n2))	(multiply-duration 0.25 (transpose-diatonic -2 n2))	(multiply-duration 0.25 (transpose-diatonic 2 n2))
TR	rel-pitch-5-to-3	1	true	n1 n2	(and (duration>= (duration n1) 2) (not (rest? n1)) (= (note-category n1) C) (= (relative-pitch n1) 5) (duration>= (duration n2) 2) (not (rest? n2)) (= (note-category n2) C) (= (relative-pitch n2) 3) (pitch< n1 n2))	(multiply-duration 0.25 (make-rest n1))	(multiply-duration 0.25 (transpose-diatonic 1 n1))	(multiply-duration 0.25 (transpose-diatonic 2 n1))	(multiply-duration 0.25 (transpose-diatonic 3 n1))	(multiply-duration 0.25 (make-rest n2))	(multiply-duration 0.25 (transpose-diatonic b1 n2))	(multiply-duration 0.25 (transpose-diatonic b-1 n2))	(multiply-duration 0.25 (make-rest n2))
TR	rel-pitch-5	1	true	n1	(and (duration>= (duration n1) 2) (not (rest? n1)) (= (note-category n1) C) (= (relative-pitch n1) 5))	(multiply-duration 1.0 (transpose-diatonic 1 n1))
TR	rel-pitch-5	1	true	n1	(and (duration>= (duration n1) 2) (not (rest? n1)) (= (note-category n1) C) (= (relative-pitch n1) 5))	(multiply-duration 0.25 (transpose-diatonic 4 n1))	(multiply-duration 0.25 (transpose-diatonic 2 n1))	(multiply-duration 0.25 (transpose-diatonic -1 n1))	(multiply-duration 0.25 (transpose-diatonic -3 n1))
TR	rel-pitch-5	1	true	n1	(and (duration>= (duration n1) 2) (not (rest? n1)) (= (note-category n1) C) (= (relative-pitch n1) 5))	(multiply-duration 0.25 (make-rest n1))	(multiply-duration 0.25 (transpose-diatonic 4 n1))	(multiply-duration 0.25 (transpose-diatonic 1 n1))	(multiply-duration 0.25 (transpose-diatonic -1 n1))
TR	rel-pitch-5	2	true	n1	(and (duration>= (duration n1) 2) (not (rest? n1)) (= (note-category n1) C) (= (relative-pitch n1) 5))	(multiply-duration 0.25 (transpose-diatonic 3 n1))	(multiply-duration 0.25 (transpose-diatonic #1 n1))	(multiply-duration 0.25 (transpose-diatonic 1 n1))	(multiply-duration 0.25 (transpose-diatonic -1 n1))
TR	rel-pitch-5	1	true	n1	(and (duration>= (duration n1) 2) (not (rest? n1)) (= (note-category n1) C) (= (relative-pitch n1) 5))	(multiply-duration 0.5 (transpose-diatonic 2 n1))	(multiply-duration 0.5 (transpose-diatonic 1 n1))
TR	rel-pitch-5	2	true	n1	(and (duration>= (duration n1) 2) (not (rest? n1)) (= (note-category n1) C) (= (relative-pitch n1) 5))	(multiply-duration 0.25 (transpose-diatonic 1 n1))	(multiply-duration 0.25 (transpose-diatonic 2 n1))	(multiply-duration 0.25 (transpose-diatonic 3 n1))	(multiply-duration 0.25 (make-rest n1))
TR	rel-pitch-5	1	true	n1	(and (duration>= (duration n1) 2) (not (rest? n1)) (= (note-category n1) C) (= (relative-pitch n1) 5))	(multiply-duration 0.5 (make-rest n1))	(multiply-duration 0.25 (transpose-diatonic 1 n1))	(multiply-duration 0.25 (transpose-diatonic 2 n1))
TR	rel-pitch-5	1	true	n1	(and (duration>= (duration n1) 2) (not (rest? n1)) (= (note-category n1) C) (= (relative-pitch n1) 5))	(multiply-duration 0.25 (make-rest n1))	(multiply-duration 0.25 (transpose-diatonic -2 n1))	(multiply-duration 0.25 (transpose-diatonic 4 n1))	(multiply-duration 0.25 (transpose-diatonic 2 n1))
TR	rel-pitch-5	1	true	n1	(and (duration>= (duration n1) 2) (not (rest? n1)) (= (note-category n1) C) (= (relative-pitch n1) 5))	(multiply-duration 0.5 (transpose-diatonic 1 n1))	(multiply-duration 0.5 (make-rest n1))
TR	rel-pitch-5	2	true	n1	(and (duration>= (duration n1) 2) (not (rest? n1)) (= (note-category n1) C) (= (relative-pitch n1) 5))	(multiply-duration 0.5 (make-rest n1))	(multiply-duration 0.25 (transpose-diatonic 1 n1))	(multiply-duration 0.25 (transpose-diatonic -2 n1))
TR	rel-pitch-5	1	true	n1	(and (duration>= (duration n1) 2) (not (rest? n1)) (= (note-category n1) C) (= (relative-pitch n1) 5))	(multiply-duration 0.25 (transpose-diatonic -1 n1))	(multiply-duration 0.25 (transpose-diatonic -3 n1))	(multiply-duration 0.25 (transpose-diatonic -2 n1))	(multiply-duration 0.25 (transpose-diatonic b6 n1))
TR	rel-pitch-5	1	true	n1	(and (duration>= (duration n1) 2) (not (rest? n1)) (= (note-category n1) C) (= (relative-pitch n1) 5))	(multiply-duration 0.75 (transpose-diatonic 1 n1))	(multiply-duration 0.125 (transpose-diatonic 3 n1))	(multiply-duration 0.125 (transpose-diatonic 1 n1))
TR	rel-pitch-5	1	true	n1	(and (duration>= (duration n1) 2) (not (rest? n1)) (= (note-category n1) C) (= (relative-pitch n1) 5))	(multiply-duration 0.25 (make-rest n1))	(multiply-duration 0.25 (transpose-diatonic 2 n1))	(multiply-duration 0.25 (transpose-diatonic 1 n1))	(multiply-duration 0.25 (make-rest n1))
TR	rel-pitch-5	1	true	n1	(and (duration>= (duration n1) 2) (not (rest? n1)) (= (note-category n1) C) (= (relative-pitch n1) 5))	(multiply-duration 0.5 (transpose-diatonic 2 n1))	(multiply-duration 0.25 (transpose-diatonic #1 n1))	(multiply-duration 0.25 (make-rest n1))
TR	rel-pitch-5	1	true	n1	(and (duration>= (duration n1) 2) (not (rest? n1)) (= (note-category n1) C) (= (relative-pitch n1) 5))	(multiply-duration 0.25 (transpose-diatonic 4 n1))	(multiply-duration 0.25 (make-rest n1))	(multiply-duration 0.5 (transpose-diatonic 1 n1))
TR	rel-pitch-5	1	true	n1	(and (duration>= (duration n1) 2) (not (rest? n1)) (= (note-category n1) C) (= (relative-pitch n1) 5))	(multiply-duration 0.25 (transpose-diatonic 1 n1))	(multiply-duration 0.25 (transpose-diatonic -2 n1))	(multiply-duration 0.25 (transpose-diatonic 1 n1))	(multiply-duration 0.25 (transpose-diatonic 2 n1))
TR	rel-pitch-5	1	true	n1	(and (duration>= (duration n1) 2) (not (rest? n1)) (= (note-category n1) C) (= (relative-pitch n1) 5))	(multiply-duration 0.25 (make-rest n1))	(multiply-duration 0.25 (make-rest n1))	(multiply-duration 0.25 (transpose-diatonic -1 n1))	(multiply-duration 0.25 (transpose-diatonic 1 n1))
TR	rel-pitch-5	1	true	n1	(and (duration>= (duration n1) 2) (not (rest? n1)) (= (note-category n1) C) (= (relative-pitch n1) 5))	(multiply-duration 0.75 (transpose-diatonic #-1 n1))	(multiply-duration 0.25 (transpose-diatonic 1 n1))
TR	rel-pitch-5	1	true	n1	(and (duration>= (duration n1) 2) (not (rest? n1)) (= (note-category n1) C) (= (relative-pitch n1) 5))	(multiply-duration 0.5 (transpose-diatonic 1 n1))	(multiply-duration 0.25 (make-rest n1))	(multiply-duration 0.25 (transpose-diatonic -1 n1))
TR	rel-pitch-5	1	true	n1	(and (duration>= (duration n1) 2) (not (rest? n1)) (= (note-category n1) C) (= (relative-pitch n1) 5))	(multiply-duration 0.25 (transpose-diatonic 3 n1))	(multiply-duration 0.25 (transpose-diatonic -3 n1))	(multiply-duration 0.5 (transpose-diatonic 4 n1))
TR	rel-pitch-5	1	true	n1	(and (duration>= (duration n1) 2) (not (rest? n1)) (= (note-category n1) C) (= (relative-pitch n1) 5))	(multiply-duration 0.25 (make-rest n1))	(multiply-duration 0.125 (transpose-diatonic 1 n1))	(multiply-duration 0.125 (transpose-diatonic b1 n1))	(multiply-duration 0.25 (transpose-diatonic -1 n1))	(multiply-duration 0.25 (transpose-diatonic #-2 n1))
TR	rel-pitch-5	2	true	n1	(and (duration>= (duration n1) 2) (not (rest? n1)) (= (note-category n1) C) (= (relative-pitch n1) 5))	(multiply-duration 0.25 (make-rest n1))	(multiply-duration 0.25 (transpose-diatonic 1 n1))	(multiply-duration 0.25 (transpose-diatonic 2 n1))	(multiply-duration 0.25 (transpose-diatonic 3 n1))
TR	rel-pitch-5	1	true	n1	(and (duration>= (duration n1) 2) (not (rest? n1)) (= (note-category n1) C) (= (relative-pitch n1) 5))	(multiply-duration 0.25 (transpose-diatonic -1 n1))	(multiply-duration 0.75 (make-rest n1))
TR	rel-pitch-5	1	true	n1	(and (duration>= (duration n1) 2) (not (rest? n1)) (= (note-category n1) C) (= (relative-pitch n1) 5))	(multiply-duration 0.75 (transpose-diatonic 1 n1))	(multiply-duration 0.25 (make-rest n1))
TR	rel-pitch-5	1	true	n1	(and (duration>= (duration n1) 2) (not (rest? n1)) (= (note-category n1) C) (= (relative-pitch n1) 5))	(multiply-duration 0.25 (transpose-diatonic 2 n1))	(multiply-duration 0.25 (transpose-diatonic 1 n1))	(multiply-duration 0.5 (make-rest n1))
TR	rel-pitch-5	1	true	n1	(and (duration>= (duration n1) 2) (not (rest? n1)) (= (note-category n1) C) (= (relative-pitch n1) 5))	(multiply-duration 0.25 (transpose-diatonic 3 n1))	(multiply-duration 0.125 (transpose-diatonic 4 n1))	(multiply-duration 0.125 (transpose-diatonic 3 n1))	(multiply-duration 0.25 (transpose-diatonic 1 n1))	(multiply-duration 0.25 (transpose-diatonic -2 n1))
TR	rel-pitch-5	1	true	n1	(and (duration>= (duration n1) 2) (not (rest? n1)) (= (note-category n1) C) (= (relative-pitch n1) 5))	(multiply-duration 0.5 (make-rest n1))	(multiply-duration 0.25 (transpose-diatonic -1 n1))	(multiply-duration 0.25 (transpose-diatonic #1 n1))
TR	rel-pitch-5	1	true	n1	(and (duration>= (duration n1) 2) (not (rest? n1)) (= (note-category n1) C) (= (relative-pitch n1) 5))	(multiply-duration 0.25 (transpose-diatonic -2 n1))	(multiply-duration 0.25 (transpose-diatonic 2 n1))	(multiply-duration 0.25 (make-rest n1))	(multiply-duration 0.25 (transpose-diatonic #-1 n1))
TR	rel-pitch-5	1	true	n1	(and (duration>= (duration n1) 2) (not (rest? n1)) (= (note-category n1) C) (= (relative-pitch n1) 5))	(multiply-duration 0.25 (transpose-diatonic 1 n1))	(multiply-duration 0.125 (transpose-diatonic 2 n1))	(multiply-duration 0.125 (transpose-diatonic 1 n1))	(multiply-duration 0.25 (transpose-diatonic -2 n1))	(multiply-duration 0.25 (transpose-diatonic -3 n1))
TR	rel-pitch-5	1	true	n1	(and (duration>= (duration n1) 2) (not (rest? n1)) (= (note-category n1) C) (= (relative-pitch n1) 5))	(multiply-duration 0.25 (transpose-diatonic 5 n1))	(multiply-duration 0.25 (transpose-diatonic 2 n1))	(multiply-duration 0.25 (transpose-diatonic -1 n1))	(multiply-duration 0.25 (transpose-diatonic -3 n1))
TR	rel-pitch-5	1	true	n1	(and (duration>= (duration n1) 2) (not (rest? n1)) (= (note-category n1) C) (= (relative-pitch n1) 5))	(multiply-duration 0.5 (transpose-diatonic #-2 n1))	(multiply-duration 0.25 (transpose-diatonic 1 n1))	(multiply-duration 0.25 (transpose-diatonic #-2 n1))
TR	rel-pitch-5	1	true	n1	(and (duration>= (duration n1) 2) (not (rest? n1)) (= (note-category n1) C) (= (relative-pitch n1) 5))	(multiply-duration 0.75 (make-rest n1))	(multiply-duration 0.25 (transpose-diatonic 1 n1))
TR	rel-pitch-5	1	true	n1	(and (duration>= (duration n1) 2) (not (rest? n1)) (= (note-category n1) C) (= (relative-pitch n1) 5))	(multiply-duration 0.25 (transpose-diatonic 2 n1))	(multiply-duration 0.25 (transpose-diatonic -1 n1))	(multiply-duration 0.25 (transpose-diatonic 1 n1))	(multiply-duration 0.25 (transpose-diatonic 2 n1))
TR	rel-pitch-5	1	true	n1	(and (duration>= (duration n1) 2) (not (rest? n1)) (= (note-category n1) C) (= (relative-pitch n1) 5))	(multiply-duration 0.25 (transpose-diatonic #1 n1))	(multiply-duration 0.25 (transpose-diatonic #1 n1))	(multiply-duration 0.25 (transpose-diatonic 1 n1))	(multiply-duration 0.25 (transpose-diatonic -1 n1))
TR	rel-pitch-5	1	true	n1	(and (duration>= (duration n1) 2) (not (rest? n1)) (= (note-category n1) C) (= (relative-pitch n1) 5))	(multiply-duration 0.25 (transpose-diatonic 2 n1))	(multiply-duration 0.5 (make-rest n1))	(multiply-duration 0.25 (transpose-diatonic 1 n1))
TR	rel-pitch-5	1	true	n1	(and (duration>= (duration n1) 2) (not (rest? n1)) (= (note-category n1) C) (= (relative-pitch n1) 5))	(multiply-duration 0.75 (transpose-diatonic #1 n1))	(multiply-duration 0.25 (transpose-diatonic -2 n1))
TR	rel-pitch-5	1	true	n1	(and (duration>= (duration n1) 2) (not (rest? n1)) (= (note-category n1) C) (= (relative-pitch n1) 5))	(multiply-duration 0.25 (transpose-diatonic 4 n1))	(multiply-duration 0.25 (transpose-diatonic #-1 n1))	(multiply-duration 0.5 (transpose-diatonic b-2 n1))
TR	rel-pitch-5	1	true	n1	(and (duration>= (duration n1) 2) (not (rest? n1)) (= (note-category n1) C) (= (relative-pitch n1) 5))	(multiply-duration 0.16666666666666666 (transpose-diatonic b-2 n1))	(multiply-duration 0.16666666666666666 (transpose-diatonic #-1 n1))	(multiply-duration 0.16666666666666666 (transpose-diatonic 2 n1))	(multiply-duration 0.25 (transpose-diatonic 4 n1))	(multiply-duration 0.25 (transpose-diatonic 3 n1))
TR	rel-pitch-5	1	true	n1	(and (duration>= (duration n1) 2) (not (rest? n1)) (= (note-category n1) C) (= (relative-pitch n1) 5))	(multiply-duration 0.25 (transpose-diatonic 3 n1))	(multiply-duration 0.25 (transpose-diatonic 2 n1))	(multiply-duration 0.25 (transpose-diatonic 1 n1))	(multiply-duration 0.25 (make-rest n1))
TR	rel-pitch-5	1	true	n1	(and (duration>= (duration n1) 2) (not (rest? n1)) (= (note-category n1) C) (= (relative-pitch n1) 5))	(multiply-duration 0.25 (transpose-diatonic -2 n1))	(multiply-duration 0.25 (transpose-diatonic 3 n1))	(multiply-duration 0.25 (transpose-diatonic #1 n1))	(multiply-duration 0.25 (transpose-diatonic -2 n1))
TR	rel-pitch-5	1	true	n1	(and (duration>= (duration n1) 2) (not (rest? n1)) (= (note-category n1) C) (= (relative-pitch n1) 5))	(multiply-duration 0.75 (transpose-diatonic 1 n1))	(multiply-duration 0.25 (transpose-diatonic -2 n1))
SUB	half-first-rel-pitch-3	motif	1	true
TR	rel-pitch-3-to-5	1	true	n1 n2	(and (duration>= (duration n1) 2) (not (rest? n1)) (= (note-category n1) C) (= (relative-pitch n1) 3) (duration>= (duration n2) 2) (not (rest? n2)) (= (note-category n2) C) (= (relative-pitch n2) 5) (pitch>= n1 n2))	(multiply-duration 0.25 (transpose-diatonic 1 n1))	(multiply-duration 0.25 (transpose-diatonic 2 n1))	(multiply-duration 0.25 (transpose-diatonic 3 n1))	(multiply-duration 0.25 (transpose-diatonic 1 n1))	(multiply-duration 0.25 (make-rest n2))	(multiply-duration 0.25 (transpose-diatonic 4 n2))	(multiply-duration 0.25 (transpose-diatonic 1 n2))	(multiply-duration 0.25 (transpose-diatonic -1 n2))
TR	rel-pitch-3-to-5	1	true	n1 n2	(and (duration>= (duration n1) 2) (not (rest? n1)) (= (note-category n1) C) (= (relative-pitch n1) 3) (duration>= (duration n2) 2) (not (rest? n2)) (= (note-category n2) C) (= (relative-pitch n2) 5) (pitch>= n1 n2))	(multiply-duration 0.5 (transpose-diatonic 3 n1))	(multiply-duration 0.25 (transpose-diatonic 1 n1))	(multiply-duration 0.25 (transpose-diatonic -1 n1))	(multiply-duration 0.25 (transpose-diatonic 1 n2))	(multiply-duration 0.25 (transpose-diatonic 2 n2))	(multiply-duration 0.25 (transpose-diatonic 3 n2))	(multiply-duration 0.25 (make-rest n2))
TR	rel-pitch-3-to-5	1	true	n1 n2	(and (duration>= (duration n1) 2) (not (rest? n1)) (= (note-category n1) C) (= (relative-pitch n1) 3) (duration>= (duration n2) 2) (not (rest? n2)) (= (note-category n2) C) (= (relative-pitch n2) 5) (pitch< n1 n2))	(multiply-duration 0.25 (transpose-diatonic 2 n1))	(multiply-duration 0.25 (transpose-diatonic -1 n1))	(multiply-duration 0.25 (transpose-diatonic 1 n1))	(multiply-duration 0.25 (transpose-diatonic 4 n1))	(multiply-duration 0.25 (make-rest n2))	(multiply-duration 0.25 (transpose-diatonic -2 n2))	(multiply-duration 0.25 (transpose-diatonic 4 n2))	(multiply-duration 0.25 (transpose-diatonic 2 n2))
TR	rel-pitch-3-to-1	2	true	n1 n2	(and (duration>= (duration n1) 2) (not (rest? n1)) (= (note-category n1) C) (= (relative-pitch n1) 3) (duration>= (duration n2) 2) (not (rest? n2)) (= (note-category n2) C) (= (relative-pitch n2) 1) (pitch< n1 n2))	(multiply-duration 0.25 (transpose-diatonic #2 n1))	(multiply-duration 0.25 (transpose-diatonic 1 n1))	(multiply-duration 0.16666666666666666 (transpose-diatonic b1 n1))	(multiply-duration 0.16666666666666666 (transpose-diatonic #2 n1))	(multiply-duration 0.16666666666666666 (transpose-diatonic 4 n1))	(multiply-duration 0.25 (transpose-diatonic b2 n2))	(multiply-duration 0.25 (transpose-diatonic #-1 n2))	(multiply-duration 0.25 (transpose-diatonic 1 n2))	(multiply-duration 0.25 (transpose-diatonic -1 n2))
TR	rel-pitch-3-to-3	1	true	n1 n2	(and (duration>= (duration n1) 2) (not (rest? n1)) (= (note-category n1) C) (= (relative-pitch n1) 3) (duration>= (duration n2) 2) (not (rest? n2)) (= (note-category n2) C) (= (relative-pitch n2) 3) (pitch< n1 n2))	(multiply-duration 0.25 (make-rest n1))	(multiply-duration 0.25 (transpose-diatonic -2 n1))	(multiply-duration 0.25 (transpose-diatonic 1 n1))	(multiply-duration 0.25 (transpose-diatonic 3 n1))	(multiply-duration 0.25 (transpose-diatonic 1 n2))	(multiply-duration 0.25 (make-rest n2))	(multiply-duration 0.5 (transpose-diatonic 2 n2))
TR	rel-pitch-3-to-1	1	true	n1 n2	(and (duration>= (duration n1) 2) (not (rest? n1)) (= (note-category n1) C) (= (relative-pitch n1) 3) (duration>= (duration n2) 2) (not (rest? n2)) (= (note-category n2) C) (= (relative-pitch n2) 1) (pitch< n1 n2))	(multiply-duration 0.25 (transpose-diatonic 1 n1))	(multiply-duration 0.25 (transpose-diatonic -2 n1))	(multiply-duration 0.25 (transpose-diatonic -1 n1))	(multiply-duration 0.25 (transpose-diatonic 2 n1))	(multiply-duration 1.0 (transpose-diatonic 1 n2))
TR	rel-pitch-3-to-7	1	true	n1 n2	(and (duration>= (duration n1) 2) (not (rest? n1)) (= (note-category n1) C) (= (relative-pitch n1) 3) (duration>= (duration n2) 2) (not (rest? n2)) (= (note-category n2) C) (= (relative-pitch n2) 7) (pitch>= n1 n2))	(multiply-duration 0.08333333333333333 (transpose-diatonic 3 n1))	(multiply-duration 0.08333333333333333 (transpose-diatonic 4 n1))	(multiply-duration 0.08333333333333333 (transpose-diatonic 3 n1))	(multiply-duration 0.25 (transpose-diatonic 1 n1))	(multiply-duration 0.08333333333333333 (transpose-diatonic 2 n1))	(multiply-duration 0.08333333333333333 (transpose-diatonic 3 n1))	(multiply-duration 0.08333333333333333 (transpose-diatonic 2 n1))	(multiply-duration 0.25 (transpose-diatonic -1 n1))	(multiply-duration 0.25 (transpose-diatonic 4 n2))	(multiply-duration 0.25 (transpose-diatonic -2 n2))	(multiply-duration 0.25 (transpose-diatonic -1 n2))	(multiply-duration 0.25 (transpose-diatonic 1 n2))
TR	rel-pitch-3-to-7	1	true	n1 n2	(and (duration>= (duration n1) 2) (not (rest? n1)) (= (note-category n1) C) (= (relative-pitch n1) 3) (duration>= (duration n2) 2) (not (rest? n2)) (= (note-category n2) C) (= (relative-pitch n2) 7) (pitch< n1 n2))	(multiply-duration 0.25 (transpose-diatonic #2 n1))	(multiply-duration 0.25 (transpose-diatonic 1 n1))	(multiply-duration 0.16666666666666666 (transpose-diatonic b1 n1))	(multiply-duration 0.16666666666666666 (transpose-diatonic #2 n1))	(multiply-duration 0.16666666666666666 (transpose-diatonic 4 n1))	(multiply-duration 0.25 (transpose-diatonic b3 n2))	(multiply-duration 0.25 (transpose-diatonic #1 n2))	(multiply-duration 0.25 (transpose-diatonic -2 n2))	(multiply-duration 0.25 (transpose-diatonic #1 n2))
TR	rel-pitch-3-to-b3	1	true	n1 n2	(and (duration>= (duration n1) 2) (not (rest? n1)) (= (note-category n1) C) (= (relative-pitch n1) 3) (duration>= (duration n2) 2) (not (rest? n2)) (= (note-category n2) C) (= (relative-pitch n2) b3) (pitch>= n1 n2))	(multiply-duration 0.25 (transpose-diatonic 2 n1))	(multiply-duration 0.125 (transpose-diatonic 3 n1))	(multiply-duration 0.125 (transpose-diatonic 2 n1))	(multiply-duration 0.25 (transpose-diatonic 1 n1))	(multiply-duration 0.25 (transpose-diatonic 1 n1))	(multiply-duration 0.25 (make-rest n2))	(multiply-duration 0.25 (transpose-diatonic #-2 n2))	(multiply-duration 0.25 (transpose-diatonic #-1 n2))	(multiply-duration 0.25 (transpose-diatonic #1 n2))
TR	rel-pitch-3-to-3	1	true	n1 n2	(and (duration>= (duration n1) 2) (not (rest? n1)) (= (note-category n1) C) (= (relative-pitch n1) 3) (duration>= (duration n2) 2) (not (rest? n2)) (= (note-category n2) C) (= (relative-pitch n2) 3) (pitch>= n1 n2))	(multiply-duration 0.5 (transpose-diatonic 1 n1))	(multiply-duration 0.5 (make-rest n1))	(multiply-duration 0.25 (make-rest n2))	(multiply-duration 0.125 (transpose-diatonic 3 n2))	(multiply-duration 0.125 (transpose-diatonic 2 n2))	(multiply-duration 0.25 (transpose-diatonic 1 n2))	(multiply-duration 0.25 (make-rest n2))
TR	rel-pitch-3-to-1	1	true	n1 n2	(and (duration>= (duration n1) 2) (not (rest? n1)) (= (note-category n1) C) (= (relative-pitch n1) 3) (duration>= (duration n2) 2) (not (rest? n2)) (= (note-category n2) C) (= (relative-pitch n2) 1) (pitch>= n1 n2))	(multiply-duration 0.25 (transpose-diatonic 1 n1))	(multiply-duration 0.25 (transpose-diatonic 2 n1))	(multiply-duration 0.25 (transpose-diatonic 3 n1))	(multiply-duration 0.25 (transpose-diatonic 1 n1))	(multiply-duration 0.25 (transpose-diatonic 2 n2))	(multiply-duration 0.125 (transpose-diatonic 3 n2))	(multiply-duration 0.125 (transpose-diatonic 2 n2))	(multiply-duration 0.25 (transpose-diatonic 1 n2))	(multiply-duration 0.25 (make-rest n2))
TR	rel-pitch-3-to-1	1	true	n1 n2	(and (duration>= (duration n1) 2) (not (rest? n1)) (= (note-category n1) C) (= (relative-pitch n1) 3) (duration>= (duration n2) 2) (not (rest? n2)) (= (note-category n2) C) (= (relative-pitch n2) 1) (pitch>= n1 n2))	(multiply-duration 0.125 (transpose-diatonic 2 n1))	(multiply-duration 0.125 (transpose-diatonic 1 n1))	(multiply-duration 0.125 (transpose-diatonic -1 n1))	(multiply-duration 0.125 (transpose-diatonic -2 n1))	(multiply-duration 0.125 (transpose-diatonic -3 n1))	(multiply-duration 0.125 (transpose-diatonic -1 n1))	(multiply-duration 0.125 (transpose-diatonic 2 n1))	(multiply-duration 0.125 (transpose-diatonic #3 n1))	(multiply-duration 0.125 (transpose-diatonic 5 n2))	(multiply-duration 0.125 (transpose-diatonic 4 n2))	(multiply-duration 0.125 (transpose-diatonic 3 n2))	(multiply-duration 0.125 (transpose-diatonic 2 n2))	(multiply-duration 0.125 (transpose-diatonic 1 n2))	(multiply-duration 0.125 (transpose-diatonic #-3 n2))	(multiply-duration 0.125 (transpose-diatonic -3 n2))	(multiply-duration 0.125 (transpose-diatonic -4 n2))
TR	rel-pitch-3-to-1	1	true	n1 n2	(and (duration>= (duration n1) 2) (not (rest? n1)) (= (note-category n1) C) (= (relative-pitch n1) 3) (duration>= (duration n2) 2) (not (rest? n2)) (= (note-category n2) C) (= (relative-pitch n2) 1) (pitch>= n1 n2))	(multiply-duration 0.75 (transpose-diatonic 2 n1))	(multiply-duration 0.25 (transpose-diatonic 1 n1))	(multiply-duration 0.25 (transpose-diatonic #-1 n2))	(multiply-duration 0.75 (transpose-diatonic 1 n2))
TR	rel-pitch-3-to-rest	1	true	n1 n2	(and (duration>= (duration n1) 2) (not (rest? n1)) (= (note-category n1) C) (= (relative-pitch n1) 3) (duration>= (duration n2) 2) (rest? n2))	(multiply-duration 0.25 (transpose-diatonic 3 n1))	(multiply-duration 0.25 (transpose-diatonic 1 n1))	(multiply-duration 0.5 (make-rest n1))	n2
TR	rel-pitch-3-to-b3	1	true	n1 n2	(and (duration>= (duration n1) 2) (not (rest? n1)) (= (note-category n1) C) (= (relative-pitch n1) 3) (duration>= (duration n2) 2) (not (rest? n2)) (= (note-category n2) C) (= (relative-pitch n2) b3) (pitch>= n1 n2))	(multiply-duration 0.5 (transpose-diatonic 1 n1))	(multiply-duration 0.5 (make-rest n1))	(multiply-duration 0.25 (transpose-diatonic #-2 n2))	(multiply-duration 0.25 (transpose-diatonic #-1 n2))	(multiply-duration 0.25 (transpose-diatonic #1 n2))	(multiply-duration 0.25 (transpose-diatonic #2 n2))
TR	rel-pitch-3-to-3	1	true	n1 n2	(and (duration>= (duration n1) 2) (not (rest? n1)) (= (note-category n1) C) (= (relative-pitch n1) 3) (duration>= (duration n2) 2) (not (rest? n2)) (= (note-category n2) C) (= (relative-pitch n2) 3) (pitch>= n1 n2))	(multiply-duration 0.5 (transpose-diatonic 2 n1))	(multiply-duration 0.25 (transpose-diatonic 1 n1))	(multiply-duration 0.25 (transpose-diatonic -1 n1))	(multiply-duration 0.25 (transpose-diatonic 3 n2))	(multiply-duration 0.25 (transpose-diatonic 2 n2))	(multiply-duration 0.25 (transpose-diatonic 1 n2))	(multiply-duration 0.25 (make-rest n2))
TR	rel-pitch-3-to-5	1	true	n1 n2	(and (duration>= (duration n1) 2) (not (rest? n1)) (= (note-category n1) C) (= (relative-pitch n1) 3) (duration>= (duration n2) 2) (not (rest? n2)) (= (note-category n2) C) (= (relative-pitch n2) 5) (pitch< n1 n2))	(multiply-duration 0.25 (transpose-diatonic -2 n1))	(multiply-duration 0.25 (transpose-diatonic #-1 n1))	(multiply-duration 0.25 (transpose-diatonic 1 n1))	(multiply-duration 0.25 (transpose-diatonic 2 n1))	(multiply-duration 0.75 (transpose-diatonic #1 n2))	(multiply-duration 0.25 (transpose-diatonic -2 n2))
TR	rel-pitch-3-to-3	1	true	n1 n2	(and (duration>= (duration n1) 2) (not (rest? n1)) (= (note-category n1) C) (= (relative-pitch n1) 3) (duration>= (duration n2) 2) (not (rest? n2)) (= (note-category n2) C) (= (relative-pitch n2) 3) (pitch>= n1 n2))	(multiply-duration 0.25 (transpose-diatonic 3 n1))	(multiply-duration 0.25 (transpose-diatonic -1 n1))	(multiply-duration 0.25 (transpose-diatonic 2 n1))	(multiply-duration 0.25 (transpose-diatonic -1 n1))	(multiply-duration 0.25 (transpose-diatonic 1 n2))	(multiply-duration 0.25 (transpose-diatonic 4 n2))	(multiply-duration 0.25 (transpose-diatonic -2 n2))	(multiply-duration 0.25 (transpose-diatonic -1 n2))
TR	rel-pitch-3-to-5	1	true	n1 n2	(and (duration>= (duration n1) 2) (not (rest? n1)) (= (note-category n1) C) (= (relative-pitch n1) 3) (duration>= (duration n2) 2) (not (rest? n2)) (= (note-category n2) C) (= (relative-pitch n2) 5) (pitch< n1 n2))	(multiply-duration 0.25 (transpose-diatonic -1 n1))	(multiply-duration 0.25 (transpose-diatonic #-1 n1))	(multiply-duration 0.25 (transpose-diatonic 2 n1))	(multiply-duration 0.25 (transpose-diatonic #1 n1))	(multiply-duration 0.25 (transpose-diatonic -2 n2))	(multiply-duration 0.25 (transpose-diatonic 3 n2))	(multiply-duration 0.25 (transpose-diatonic #1 n2))	(multiply-duration 0.25 (transpose-diatonic -2 n2))
TR	rel-pitch-3-to-1	1	true	n1 n2	(and (duration>= (duration n1) 2) (not (rest? n1)) (= (note-category n1) C) (= (relative-pitch n1) 3) (duration>= (duration n2) 2) (not (rest? n2)) (= (note-category n2) C) (= (relative-pitch n2) 1) (pitch< n1 n2))	(multiply-duration 0.25 (transpose-diatonic #2 n1))	(multiply-duration 0.25 (transpose-diatonic 1 n1))	(multiply-duration 0.16666666666666666 (transpose-diatonic b1 n1))	(multiply-duration 0.16666666666666666 (transpose-diatonic #2 n1))	(multiply-duration 0.16666666666666666 (transpose-diatonic 4 n1))	(multiply-duration 0.5 (transpose-diatonic b2 n2))	(multiply-duration 0.25 (transpose-diatonic 1 n2))	(multiply-duration 0.25 (make-rest n2))
TR	rel-pitch-3	1	true	n1	(and (duration>= (duration n1) 2) (not (rest? n1)) (= (note-category n1) C) (= (relative-pitch n1) 3))	(multiply-duration 0.25 (transpose-diatonic 1 n1))	(multiply-duration 0.75 (transpose-diatonic b1 n1))
TR	rel-pitch-3	2	true	n1	(and (duration>= (duration n1) 2) (not (rest? n1)) (= (note-category n1) C) (= (relative-pitch n1) 3))	(multiply-duration 0.25 (transpose-diatonic 1 n1))	(multiply-duration 0.75 (make-rest n1))
TR	rel-pitch-3	2	true	n1	(and (duration>= (duration n1) 2) (not (rest? n1)) (= (note-category n1) C) (= (relative-pitch n1) 3))	(multiply-duration 0.25 (transpose-diatonic 1 n1))	(multiply-duration 0.25 (transpose-diatonic 2 n1))	(multiply-duration 0.25 (transpose-diatonic 3 n1))	(multiply-duration 0.25 (transpose-diatonic 1 n1))
TR	rel-pitch-3	1	true	n1	(and (duration>= (duration n1) 2) (not (rest? n1)) (= (note-category n1) C) (= (relative-pitch n1) 3))	(multiply-duration 0.25 (make-rest n1))	(multiply-duration 0.125 (transpose-diatonic -2 n1))	(multiply-duration 0.125 (transpose-diatonic b-1 n1))	(multiply-duration 0.25 (transpose-diatonic 2 n1))	(multiply-duration 0.25 (transpose-diatonic 3 n1))
TR	rel-pitch-3	1	true	n1	(and (duration>= (duration n1) 2) (not (rest? n1)) (= (note-category n1) C) (= (relative-pitch n1) 3))	(multiply-duration 0.5 (transpose-diatonic 3 n1))	(multiply-duration 0.25 (transpose-diatonic 1 n1))	(multiply-duration 0.25 (transpose-diatonic -1 n1))
TR	rel-pitch-3	1	true	n1	(and (duration>= (duration n1) 2) (not (rest? n1)) (= (note-category n1) C) (= (relative-pitch n1) 3))	(multiply-duration 0.25 (transpose-diatonic 2 n1))	(multiply-duration 0.25 (transpose-diatonic b1 n1))	(multiply-duration 0.25 (transpose-diatonic b-1 n1))	(multiply-duration 0.25 (make-rest n1))
TR	rel-pitch-3	1	true	n1	(and (duration>= (duration n1) 2) (not (rest? n1)) (= (note-category n1) C) (= (relative-pitch n1) 3))	(multiply-duration 0.25 (transpose-diatonic 2 n1))	(multiply-duration 0.25 (transpose-diatonic -1 n1))	(multiply-duration 0.25 (transpose-diatonic 1 n1))	(multiply-duration 0.25 (transpose-diatonic 4 n1))
TR	rel-pitch-3	4	true	n1	(and (duration>= (duration n1) 2) (not (rest? n1)) (= (note-category n1) C) (= (relative-pitch n1) 3))	(multiply-duration 0.25 (transpose-diatonic #2 n1))	(multiply-duration 0.25 (transpose-diatonic 1 n1))	(multiply-duration 0.16666666666666666 (transpose-diatonic b1 n1))	(multiply-duration 0.16666666666666666 (transpose-diatonic #2 n1))	(multiply-duration 0.16666666666666666 (transpose-diatonic 4 n1))
TR	rel-pitch-3	4	true	n1	(and (duration>= (duration n1) 2) (not (rest? n1)) (= (note-category n1) C) (= (relative-pitch n1) 3))	(multiply-duration 0.25 (transpose-diatonic 2 n1))	(multiply-duration 0.125 (transpose-diatonic 3 n1))	(multiply-duration 0.125 (transpose-diatonic 2 n1))	(multiply-duration 0.25 (transpose-diatonic 1 n1))	(multiply-duration 0.25 (transpose-diatonic -1 n1))
TR	rel-pitch-3	1	true	n1	(and (duration>= (duration n1) 2) (not (rest? n1)) (= (note-category n1) C) (= (relative-pitch n1) 3))	(multiply-duration 0.25 (transpose-diatonic 1 n1))	(multiply-duration 0.25 (make-rest n1))	(multiply-duration 0.5 (transpose-diatonic 2 n1))
TR	rel-pitch-3	1	true	n1	(and (duration>= (duration n1) 2) (not (rest? n1)) (= (note-category n1) C) (= (relative-pitch n1) 3))	(multiply-duration 0.25 (make-rest n1))	(multiply-duration 0.25 (transpose-diatonic -2 n1))	(multiply-duration 0.25 (transpose-diatonic 1 n1))	(multiply-duration 0.25 (transpose-diatonic 3 n1))
TR	rel-pitch-3	1	true	n1	(and (duration>= (duration n1) 2) (not (rest? n1)) (= (note-category n1) C) (= (relative-pitch n1) 3))	(multiply-duration 0.25 (transpose-diatonic 1 n1))	(multiply-duration 0.25 (transpose-diatonic -2 n1))	(multiply-duration 0.25 (transpose-diatonic -1 n1))	(multiply-duration 0.25 (transpose-diatonic 2 n1))
TR	rel-pitch-3	1	true	n1	(and (duration>= (duration n1) 2) (not (rest? n1)) (= (note-category n1) C) (= (relative-pitch n1) 3))	(multiply-duration 0.08333333333333333 (transpose-diatonic 3 n1))	(multiply-duration 0.08333333333333333 (transpose-diatonic 4 n1))	(multiply-duration 0.08333333333333333 (transpose-diatonic 3 n1))	(multiply-duration 0.25 (transpose-diatonic 1 n1))	(multiply-duration 0.08333333333333333 (transpose-diatonic 2 n1))	(multiply-duration 0.08333333333333333 (transpose-diatonic 3 n1))	(multiply-duration 0.08333333333333333 (transpose-diatonic 2 n1))	(multiply-duration 0.25 (transpose-diatonic -1 n1))
TR	rel-pitch-3	2	true	n1	(and (duration>= (duration n1) 2) (not (rest? n1)) (= (note-category n1) C) (= (relative-pitch n1) 3))	(multiply-duration 0.75 (transpose-diatonic b1 n1))	(multiply-duration 0.25 (transpose-diatonic b-1 n1))
TR	rel-pitch-3	1	true	n1	(and (duration>= (duration n1) 2) (not (rest? n1)) (= (note-category n1) C) (= (relative-pitch n1) 3))	(multiply-duration 0.25 (transpose-diatonic 2 n1))	(multiply-duration 0.125 (transpose-diatonic 3 n1))	(multiply-duration 0.125 (transpose-diatonic 2 n1))	(multiply-duration 0.25 (transpose-diatonic 1 n1))	(multiply-duration 0.25 (transpose-diatonic 1 n1))
TR	rel-pitch-3	1	true	n1	(and (duration>= (duration n1) 2) (not (rest? n1)) (= (note-category n1) C) (= (relative-pitch n1) 3))	(multiply-duration 0.75 (transpose-diatonic 1 n1))	(multiply-duration 0.25 (transpose-diatonic -1 n1))
TR	rel-pitch-3	1	true	n1	(and (duration>= (duration n1) 2) (not (rest? n1)) (= (note-category n1) C) (= (relative-pitch n1) 3))	(multiply-duration 0.25 (make-rest n1))	(multiply-duration 0.125 (transpose-diatonic 3 n1))	(multiply-duration 0.125 (transpose-diatonic 2 n1))	(multiply-duration 0.25 (transpose-diatonic 1 n1))	(multiply-duration 0.25 (make-rest n1))
TR	rel-pitch-3	2	true	n1	(and (duration>= (duration n1) 2) (not (rest? n1)) (= (note-category n1) C) (= (relative-pitch n1) 3))	(multiply-duration 0.5 (transpose-diatonic 1 n1))	(multiply-duration 0.5 (make-rest n1))
TR	rel-pitch-3	1	true	n1	(and (duration>= (duration n1) 2) (not (rest? n1)) (= (note-category n1) C) (= (relative-pitch n1) 3))	(multiply-duration 0.125 (transpose-diatonic 2 n1))	(multiply-duration 0.125 (transpose-diatonic 1 n1))	(multiply-duration 0.125 (transpose-diatonic -1 n1))	(multiply-duration 0.125 (transpose-diatonic -2 n1))	(multiply-duration 0.125 (transpose-diatonic -3 n1))	(multiply-duration 0.125 (transpose-diatonic -1 n1))	(multiply-duration 0.125 (transpose-diatonic 2 n1))	(multiply-duration 0.125 (transpose-diatonic #3 n1))
TR	rel-pitch-3	1	true	n1	(and (duration>= (duration n1) 2) (not (rest? n1)) (= (note-category n1) C) (= (relative-pitch n1) 3))	(multiply-duration 0.125 (transpose-diatonic 2 n1))	(multiply-duration 0.125 (transpose-diatonic -1 n1))	(multiply-duration 0.125 (transpose-diatonic b1 n1))	(multiply-duration 0.125 (transpose-diatonic 1 n1))	(multiply-duration 0.125 (transpose-diatonic -2 n1))	(multiply-duration 0.125 (transpose-diatonic b-1 n1))	(multiply-duration 0.125 (transpose-diatonic -1 n1))	(multiply-duration 0.125 (transpose-diatonic -2 n1))
TR	rel-pitch-3	1	true	n1	(and (duration>= (duration n1) 2) (not (rest? n1)) (= (note-category n1) C) (= (relative-pitch n1) 3))	(multiply-duration 0.75 (transpose-diatonic 2 n1))	(multiply-duration 0.25 (transpose-diatonic 1 n1))
TR	rel-pitch-3	1	true	n1	(and (duration>= (duration n1) 2) (not (rest? n1)) (= (note-category n1) C) (= (relative-pitch n1) 3))	(multiply-duration 0.25 (transpose-diatonic #2 n1))	(multiply-duration 0.25 (transpose-diatonic b1 n1))	(multiply-duration 0.5 (make-rest n1))
TR	rel-pitch-3	1	true	n1	(and (duration>= (duration n1) 2) (not (rest? n1)) (= (note-category n1) C) (= (relative-pitch n1) 3))	(multiply-duration 0.25 (transpose-diatonic #2 n1))	(multiply-duration 0.25 (transpose-diatonic b-1 n1))	(multiply-duration 0.5 (make-rest n1))
TR	rel-pitch-3	1	true	n1	(and (duration>= (duration n1) 2) (not (rest? n1)) (= (note-category n1) C) (= (relative-pitch n1) 3))	(multiply-duration 0.25 (transpose-diatonic 1 n1))	(multiply-duration 0.25 (transpose-diatonic 2 n1))	(multiply-duration 0.25 (transpose-diatonic 3 n1))	(multiply-duration 0.25 (make-rest n1))
TR	rel-pitch-3	1	true	n1	(and (duration>= (duration n1) 2) (not (rest? n1)) (= (note-category n1) C) (= (relative-pitch n1) 3))	(multiply-duration 0.25 (transpose-diatonic 3 n1))	(multiply-duration 0.25 (transpose-diatonic 1 n1))	(multiply-duration 0.5 (make-rest n1))
TR	rel-pitch-3	1	true	n1	(and (duration>= (duration n1) 2) (not (rest? n1)) (= (note-category n1) C) (= (relative-pitch n1) 3))	(multiply-duration 0.5 (transpose-diatonic 1 n1))	(multiply-duration 0.25 (transpose-diatonic b1 n1))	(multiply-duration 0.25 (transpose-diatonic b1 n1))
TR	rel-pitch-3	1	true	n1	(and (duration>= (duration n1) 2) (not (rest? n1)) (= (note-category n1) C) (= (relative-pitch n1) 3))	(multiply-duration 0.25 (transpose-diatonic 3 n1))	(multiply-duration 0.25 (transpose-diatonic 2 n1))	(multiply-duration 0.25 (transpose-diatonic 1 n1))	(multiply-duration 0.25 (make-rest n1))
TR	rel-pitch-3	1	true	n1	(and (duration>= (duration n1) 2) (not (rest? n1)) (= (note-category n1) C) (= (relative-pitch n1) 3))	(multiply-duration 0.5 (transpose-diatonic 2 n1))	(multiply-duration 0.25 (transpose-diatonic 1 n1))	(multiply-duration 0.25 (transpose-diatonic -1 n1))
TR	rel-pitch-3	1	true	n1	(and (duration>= (duration n1) 2) (not (rest? n1)) (= (note-category n1) C) (= (relative-pitch n1) 3))	(multiply-duration 0.25 (transpose-diatonic -2 n1))	(multiply-duration 0.25 (transpose-diatonic -1 n1))	(multiply-duration 0.25 (transpose-diatonic 1 n1))	(multiply-duration 0.25 (transpose-diatonic 2 n1))
TR	rel-pitch-3	1	true	n1	(and (duration>= (duration n1) 2) (not (rest? n1)) (= (note-category n1) C) (= (relative-pitch n1) 3))	(multiply-duration 0.75 (transpose-diatonic 2 n1))	(multiply-duration 0.25 (make-rest n1))
TR	rel-pitch-3	1	true	n1	(and (duration>= (duration n1) 2) (not (rest? n1)) (= (note-category n1) C) (= (relative-pitch n1) 3))	(multiply-duration 0.25 (transpose-diatonic 2 n1))	(multiply-duration 0.25 (transpose-diatonic b-1 n1))	(multiply-duration 0.16666666666666666 (transpose-diatonic -1 n1))	(multiply-duration 0.16666666666666666 (transpose-diatonic 2 n1))	(multiply-duration 0.16666666666666666 (transpose-diatonic 4 n1))
TR	rel-pitch-3	1	true	n1	(and (duration>= (duration n1) 2) (not (rest? n1)) (= (note-category n1) C) (= (relative-pitch n1) 3))	(multiply-duration 0.25 (transpose-diatonic -2 n1))	(multiply-duration 0.25 (transpose-diatonic #-1 n1))	(multiply-duration 0.25 (transpose-diatonic 1 n1))	(multiply-duration 0.25 (transpose-diatonic 2 n1))
TR	rel-pitch-3	1	true	n1	(and (duration>= (duration n1) 2) (not (rest? n1)) (= (note-category n1) C) (= (relative-pitch n1) 3))	(multiply-duration 0.5 (make-rest n1))	(multiply-duration 0.5 (transpose-diatonic 1 n1))
TR	rel-pitch-3	1	true	n1	(and (duration>= (duration n1) 2) (not (rest? n1)) (= (note-category n1) C) (= (relative-pitch n1) 3))	(multiply-duration 0.25 (transpose-diatonic 1 n1))	(multiply-duration 0.25 (transpose-diatonic 4 n1))	(multiply-duration 0.25 (transpose-diatonic -2 n1))	(multiply-duration 0.25 (transpose-diatonic -1 n1))
TR	rel-pitch-3	1	true	n1	(and (duration>= (duration n1) 2) (not (rest? n1)) (= (note-category n1) C) (= (relative-pitch n1) 3))	(multiply-duration 0.25 (transpose-diatonic 3 n1))	(multiply-duration 0.25 (transpose-diatonic -1 n1))	(multiply-duration 0.25 (transpose-diatonic 2 n1))	(multiply-duration 0.25 (transpose-diatonic -1 n1))
TR	rel-pitch-3	1	true	n1	(and (duration>= (duration n1) 2) (not (rest? n1)) (= (note-category n1) C) (= (relative-pitch n1) 3))	(multiply-duration 0.25 (transpose-diatonic -1 n1))	(multiply-duration 0.25 (transpose-diatonic #-1 n1))	(multiply-duration 0.25 (transpose-diatonic 2 n1))	(multiply-duration 0.25 (transpose-diatonic #1 n1))
TR	rel-pitch-3	1	true	n1	(and (duration>= (duration n1) 2) (not (rest? n1)) (= (note-category n1) C) (= (relative-pitch n1) 3))	(multiply-duration 0.25 (make-rest n1))	(multiply-duration 0.25 (transpose-diatonic b1 n1))	(multiply-duration 0.25 (transpose-diatonic b-1 n1))	(multiply-duration 0.25 (make-rest n1))
SUB	half-first-rel-pitch-7	motif	1	true
TR	rel-pitch-7-to-5	1	true	n1 n2	(and (duration>= (duration n1) 2) (not (rest? n1)) (= (note-category n1) C) (= (relative-pitch n1) 7) (duration>= (duration n2) 2) (not (rest? n2)) (= (note-category n2) C) (= (relative-pitch n2) 5) (pitch>= n1 n2))	(multiply-duration 0.125 (make-rest n1))	(multiply-duration 0.125 (transpose-diatonic -3 n1))	(multiply-duration 0.125 (transpose-diatonic -1 n1))	(multiply-duration 0.125 (transpose-diatonic 2 n1))	(multiply-duration 0.25 (transpose-diatonic 4 n1))	(multiply-duration 0.25 (transpose-diatonic 3 n1))	(multiply-duration 0.25 (transpose-diatonic 4 n2))	(multiply-duration 0.25 (transpose-diatonic 2 n2))	(multiply-duration 0.25 (transpose-diatonic -1 n2))	(multiply-duration 0.25 (transpose-diatonic -3 n2))
TR	rel-pitch-7-to-3	1	true	n1 n2	(and (duration>= (duration n1) 2) (not (rest? n1)) (= (note-category n1) C) (= (relative-pitch n1) 7) (duration>= (duration n2) 2) (not (rest? n2)) (= (note-category n2) C) (= (relative-pitch n2) 3) (pitch>= n1 n2))	(multiply-duration 0.25 (transpose-diatonic 1 n1))	(multiply-duration 0.75 (make-rest n1))	(multiply-duration 0.25 (make-rest n2))	(multiply-duration 0.125 (transpose-diatonic -2 n2))	(multiply-duration 0.125 (transpose-diatonic b-1 n2))	(multiply-duration 0.25 (transpose-diatonic 2 n2))	(multiply-duration 0.25 (transpose-diatonic 3 n2))
TR	rel-pitch-7-to-1	2	true	n1 n2	(and (duration>= (duration n1) 2) (not (rest? n1)) (= (note-category n1) C) (= (relative-pitch n1) 7) (duration>= (duration n2) 2) (not (rest? n2)) (= (note-category n2) C) (= (relative-pitch n2) 1) (pitch< n1 n2))	(multiply-duration 0.25 (transpose-diatonic 4 n1))	(multiply-duration 0.25 (transpose-diatonic -2 n1))	(multiply-duration 0.25 (transpose-diatonic -1 n1))	(multiply-duration 0.25 (transpose-diatonic 1 n1))	(multiply-duration 0.25 (transpose-diatonic 2 n2))	(multiply-duration 0.25 (transpose-diatonic -1 n2))	(multiply-duration 0.25 (transpose-diatonic 1 n2))	(multiply-duration 0.25 (transpose-diatonic 2 n2))
TR	rel-pitch-7-to-b3	1	true	n1 n2	(and (duration>= (duration n1) 2) (not (rest? n1)) (= (note-category n1) C) (= (relative-pitch n1) 7) (duration>= (duration n2) 2) (not (rest? n2)) (= (note-category n2) C) (= (relative-pitch n2) b3) (pitch>= n1 n2))	(multiply-duration 0.25 (transpose-diatonic -3 n1))	(multiply-duration 0.25 (transpose-diatonic -1 n1))	(multiply-duration 0.25 (transpose-diatonic 2 n1))	(multiply-duration 0.25 (transpose-diatonic 1 n1))	(multiply-duration 0.25 (transpose-diatonic 1 n2))	(multiply-duration 0.125 (transpose-diatonic #2 n2))	(multiply-duration 0.125 (transpose-diatonic 1 n2))	(multiply-duration 0.25 (transpose-diatonic #-2 n2))	(multiply-duration 0.25 (make-rest n2))
TR	rel-pitch-7-to-7	1	true	n1 n2	(and (duration>= (duration n1) 2) (not (rest? n1)) (= (note-category n1) C) (= (relative-pitch n1) 7) (duration>= (duration n2) 2) (not (rest? n2)) (= (note-category n2) C) (= (relative-pitch n2) 7) (pitch>= n1 n2))	(multiply-duration 0.25 (transpose-diatonic 1 n1))	(multiply-duration 0.25 (transpose-diatonic -1 n1))	(multiply-duration 0.5 (make-rest n1))	(multiply-duration 0.5 (make-rest n2))	(multiply-duration 0.25 (make-rest n2))	(multiply-duration 0.125 (transpose-diatonic 1 n2))	(multiply-duration 0.125 (transpose-diatonic 2 n2))
TR	rel-pitch-7-to-rest	1	true	n1 n2	(and (duration>= (duration n1) 2) (not (rest? n1)) (= (note-category n1) C) (= (relative-pitch n1) 7) (duration>= (duration n2) 2) (rest? n2))	(multiply-duration 0.5 (transpose-diatonic -1 n1))	(multiply-duration 0.5 (make-rest n1))	n2
TR	rel-pitch-7-to-3	1	true	n1 n2	(and (duration>= (duration n1) 2) (not (rest? n1)) (= (note-category n1) C) (= (relative-pitch n1) 7) (duration>= (duration n2) 2) (not (rest? n2)) (= (note-category n2) C) (= (relative-pitch n2) 3) (pitch>= n1 n2))	(multiply-duration 0.25 (transpose-diatonic -1 n1))	(multiply-duration 0.75 (transpose-diatonic 1 n1))	(multiply-duration 0.75 (transpose-diatonic 1 n2))	(multiply-duration 0.25 (transpose-diatonic -1 n2))
TR	rel-pitch-7-to-5	1	true	n1 n2	(and (duration>= (duration n1) 2) (not (rest? n1)) (= (note-category n1) C) (= (relative-pitch n1) 7) (duration>= (duration n2) 2) (not (rest? n2)) (= (note-category n2) C) (= (relative-pitch n2) 5) (pitch< n1 n2))	(multiply-duration 0.25 (transpose-diatonic 1 n1))	(multiply-duration 0.75 (make-rest n1))	(multiply-duration 0.25 (make-rest n2))	(multiply-duration 0.25 (make-rest n2))	(multiply-duration 0.25 (transpose-diatonic -1 n2))	(multiply-duration 0.25 (transpose-diatonic 1 n2))
TR	rel-pitch-7-to-3	1	true	n1 n2	(and (duration>= (duration n1) 2) (not (rest? n1)) (= (note-category n1) C) (= (relative-pitch n1) 7) (duration>= (duration n2) 2) (not (rest? n2)) (= (note-category n2) C) (= (relative-pitch n2) 3) (pitch< n1 n2))	(multiply-duration 0.375 (make-rest n1))	(multiply-duration 0.125 (transpose-diatonic #-3 n1))	(multiply-duration 0.125 (transpose-diatonic -2 n1))	(multiply-duration 0.125 (transpose-diatonic -1 n1))	(multiply-duration 0.125 (transpose-diatonic 1 n1))	(multiply-duration 0.125 (transpose-diatonic 3 n1))	(multiply-duration 0.125 (transpose-diatonic 2 n2))	(multiply-duration 0.125 (transpose-diatonic -1 n2))	(multiply-duration 0.125 (transpose-diatonic b1 n2))	(multiply-duration 0.125 (transpose-diatonic 1 n2))	(multiply-duration 0.125 (transpose-diatonic -2 n2))	(multiply-duration 0.125 (transpose-diatonic b-1 n2))	(multiply-duration 0.125 (transpose-diatonic -1 n2))	(multiply-duration 0.125 (transpose-diatonic -2 n2))
TR	rel-pitch-7-to-5	1	true	n1 n2	(and (duration>= (duration n1) 2) (not (rest? n1)) (= (note-category n1) C) (= (relative-pitch n1) 7) (duration>= (duration n2) 2) (not (rest? n2)) (= (note-category n2) C) (= (relative-pitch n2) 5) (pitch>= n1 n2))	(multiply-duration 0.25 (make-rest n1))	(multiply-duration 0.125 (transpose-diatonic -4 n1))	(multiply-duration 0.125 (transpose-diatonic -3 n1))	(multiply-duration 0.16666666666666666 (transpose-diatonic -1 n1))	(multiply-duration 0.16666666666666666 (transpose-diatonic 2 n1))	(multiply-duration 0.16666666666666666 (transpose-diatonic 4 n1))	(multiply-duration 0.25 (transpose-diatonic 5 n2))	(multiply-duration 0.25 (transpose-diatonic 2 n2))	(multiply-duration 0.25 (transpose-diatonic -1 n2))	(multiply-duration 0.25 (transpose-diatonic -3 n2))
TR	rel-pitch-7-to-7	1	true	n1 n2	(and (duration>= (duration n1) 2) (not (rest? n1)) (= (note-category n1) C) (= (relative-pitch n1) 7) (duration>= (duration n2) 2) (not (rest? n2)) (= (note-category n2) C) (= (relative-pitch n2) 7) (pitch>= n1 n2))	(multiply-duration 0.25 (transpose-diatonic 1 n1))	(multiply-duration 0.25 (transpose-diatonic -1 n1))	(multiply-duration 0.25 (transpose-diatonic 1 n1))	(multiply-duration 0.25 (transpose-diatonic -1 n1))	(multiply-duration 0.75 (transpose-diatonic -1 n2))	(multiply-duration 0.25 (make-rest n2))
TR	rel-pitch-7	1	true	n1	(and (duration>= (duration n1) 2) (not (rest? n1)) (= (note-category n1) C) (= (relative-pitch n1) 7))	(multiply-duration 0.125 (make-rest n1))	(multiply-duration 0.125 (transpose-diatonic -3 n1))	(multiply-duration 0.125 (transpose-diatonic -1 n1))	(multiply-duration 0.125 (transpose-diatonic 2 n1))	(multiply-duration 0.25 (transpose-diatonic 4 n1))	(multiply-duration 0.25 (transpose-diatonic 3 n1))
TR	rel-pitch-7	2	true	n1	(and (duration>= (duration n1) 2) (not (rest? n1)) (= (note-category n1) C) (= (relative-pitch n1) 7))	(multiply-duration 0.25 (transpose-diatonic 1 n1))	(multiply-duration 0.75 (make-rest n1))
TR	rel-pitch-7	3	true	n1	(and (duration>= (duration n1) 2) (not (rest? n1)) (= (note-category n1) C) (= (relative-pitch n1) 7))	(multiply-duration 0.25 (transpose-diatonic 4 n1))	(multiply-duration 0.25 (transpose-diatonic -2 n1))	(multiply-duration 0.25 (transpose-diatonic -1 n1))	(multiply-duration 0.25 (transpose-diatonic 1 n1))
TR	rel-pitch-7	1	true	n1	(and (duration>= (duration n1) 2) (not (rest? n1)) (= (note-category n1) C) (= (relative-pitch n1) 7))	(multiply-duration 0.25 (transpose-diatonic -3 n1))	(multiply-duration 0.25 (transpose-diatonic -1 n1))	(multiply-duration 0.25 (transpose-diatonic 2 n1))	(multiply-duration 0.25 (transpose-diatonic 1 n1))
TR	rel-pitch-7	1	true	n1	(and (duration>= (duration n1) 2) (not (rest? n1)) (= (note-category n1) C) (= (relative-pitch n1) 7))	(multiply-duration 0.5 (make-rest n1))	(multiply-duration 0.25 (make-rest n1))	(multiply-duration 0.125 (transpose-diatonic 1 n1))	(multiply-duration 0.125 (transpose-diatonic 2 n1))
TR	rel-pitch-7	1	true	n1	(and (duration>= (duration n1) 2) (not (rest? n1)) (= (note-category n1) C) (= (relative-pitch n1) 7))	(multiply-duration 0.25 (transpose-diatonic 1 n1))	(multiply-duration 0.25 (transpose-diatonic -1 n1))	(multiply-duration 0.5 (make-rest n1))
TR	rel-pitch-7	2	true	n1	(and (duration>= (duration n1) 2) (not (rest? n1)) (= (note-category n1) C) (= (relative-pitch n1) 7))	(multiply-duration 0.25 (transpose-diatonic -1 n1))	(multiply-duration 0.125 (transpose-diatonic 1 n1))	(multiply-duration 0.125 (transpose-diatonic -1 n1))	(multiply-duration 0.25 (transpose-diatonic -2 n1))	(multiply-duration 0.25 (transpose-diatonic 2 n1))
TR	rel-pitch-7	1	true	n1	(and (duration>= (duration n1) 2) (not (rest? n1)) (= (note-category n1) C) (= (relative-pitch n1) 7))	(multiply-duration 0.25 (transpose-diatonic b3 n1))	(multiply-duration 0.25 (transpose-diatonic #1 n1))	(multiply-duration 0.25 (transpose-diatonic -2 n1))	(multiply-duration 0.25 (transpose-diatonic #1 n1))
TR	rel-pitch-7	1	true	n1	(and (duration>= (duration n1) 2) (not (rest? n1)) (= (note-category n1) C) (= (relative-pitch n1) 7))	(multiply-duration 0.5 (transpose-diatonic -1 n1))	(multiply-duration 0.5 (make-rest n1))
TR	rel-pitch-7	1	true	n1	(and (duration>= (duration n1) 2) (not (rest? n1)) (= (note-category n1) C) (= (relative-pitch n1) 7))	(multiply-duration 0.25 (transpose-diatonic 1 n1))	(multiply-duration 0.25 (transpose-diatonic -1 n1))	(multiply-duration 0.25 (transpose-diatonic -2 n1))	(multiply-duration 0.25 (make-rest n1))
TR	rel-pitch-7	1	true	n1	(and (duration>= (duration n1) 2) (not (rest? n1)) (= (note-category n1) C) (= (relative-pitch n1) 7))	(multiply-duration 0.25 (transpose-diatonic -1 n1))	(multiply-duration 0.75 (transpose-diatonic 1 n1))
TR	rel-pitch-7	1	true	n1	(and (duration>= (duration n1) 2) (not (rest? n1)) (= (note-category n1) C) (= (relative-pitch n1) 7))	(multiply-duration 0.375 (make-rest n1))	(multiply-duration 0.125 (transpose-diatonic #-3 n1))	(multiply-duration 0.125 (transpose-diatonic -2 n1))	(multiply-duration 0.125 (transpose-diatonic -1 n1))	(multiply-duration 0.125 (transpose-diatonic 1 n1))	(multiply-duration 0.125 (transpose-diatonic 3 n1))
TR	rel-pitch-7	1	true	n1	(and (duration>= (duration n1) 2) (not (rest? n1)) (= (note-category n1) C) (= (relative-pitch n1) 7))	(multiply-duration 0.25 (transpose-diatonic 1 n1))	(multiply-duration 0.25 (transpose-diatonic -4 n1))	(multiply-duration 0.08333333333333333 (transpose-diatonic 2 n1))	(multiply-duration 0.08333333333333333 (transpose-diatonic 3 n1))	(multiply-duration 0.08333333333333333 (transpose-diatonic 2 n1))	(multiply-duration 0.25 (transpose-diatonic 1 n1))
TR	rel-pitch-7	1	true	n1	(and (duration>= (duration n1) 2) (not (rest? n1)) (= (note-category n1) C) (= (relative-pitch n1) 7))	(multiply-duration 0.25 (transpose-diatonic #1 n1))	(multiply-duration 0.25 (transpose-diatonic #-2 n1))	(multiply-duration 0.25 (transpose-diatonic 1 n1))	(multiply-duration 0.25 (transpose-diatonic #-2 n1))
TR	rel-pitch-7	1	true	n1	(and (duration>= (duration n1) 2) (not (rest? n1)) (= (note-category n1) C) (= (relative-pitch n1) 7))	(multiply-duration 0.25 (make-rest n1))	(multiply-duration 0.125 (transpose-diatonic -4 n1))	(multiply-duration 0.125 (transpose-diatonic -3 n1))	(multiply-duration 0.16666666666666666 (transpose-diatonic -1 n1))	(multiply-duration 0.16666666666666666 (transpose-diatonic 2 n1))	(multiply-duration 0.16666666666666666 (transpose-diatonic 4 n1))
TR	rel-pitch-7	1	true	n1	(and (duration>= (duration n1) 2) (not (rest? n1)) (= (note-category n1) C) (= (relative-pitch n1) 7))	(multiply-duration 0.25 (transpose-diatonic #-3 n1))	(multiply-duration 0.25 (transpose-diatonic #-2 n1))	(multiply-duration 0.25 (transpose-diatonic -1 n1))	(multiply-duration 0.25 (transpose-diatonic b3 n1))
TR	rel-pitch-7	1	true	n1	(and (duration>= (duration n1) 2) (not (rest? n1)) (= (note-category n1) C) (= (relative-pitch n1) 7))	(multiply-duration 0.75 (transpose-diatonic -1 n1))	(multiply-duration 0.25 (make-rest n1))
TR	rel-pitch-7	1	true	n1	(and (duration>= (duration n1) 2) (not (rest? n1)) (= (note-category n1) C) (= (relative-pitch n1) 7))	(multiply-duration 0.25 (transpose-diatonic 1 n1))	(multiply-duration 0.25 (transpose-diatonic -1 n1))	(multiply-duration 0.25 (transpose-diatonic 1 n1))	(multiply-duration 0.25 (transpose-diatonic -1 n1))
SUB	half-first-rel-pitch-rest	motif	1	true
TR	rel-pitch-rest-to-1	1	true	n1 n2	(and (duration>= (duration n1) 2) (rest? n1) (duration>= (duration n2) 2) (not (rest? n2)) (= (note-category n2) C) (= (relative-pitch n2) 1))	n1	(multiply-duration 0.5 (make-rest n2))	(multiply-duration 0.5 (transpose-diatonic 1 n2))
TR	rel-pitch-rest-to-3	1	true	n1 n2	(and (duration>= (duration n1) 2) (rest? n1) (duration>= (duration n2) 2) (not (rest? n2)) (= (note-category n2) C) (= (relative-pitch n2) 3))	n1	(multiply-duration 0.25 (transpose-diatonic 1 n2))	(multiply-duration 0.75 (transpose-diatonic b1 n2))
TR	rel-pitch-rest-to-rest	8	true	n1 n2	(and (duration>= (duration n1) 2) (rest? n1) (duration>= (duration n2) 2) (rest? n2))	n1	n2
TR	rel-pitch-rest-to-5	1	true	n1 n2	(and (duration>= (duration n1) 2) (rest? n1) (duration>= (duration n2) 2) (not (rest? n2)) (= (note-category n2) C) (= (relative-pitch n2) 5))	n1	(multiply-duration 0.75 (transpose-diatonic 1 n2))	(multiply-duration 0.25 (make-rest n2))
TR	rel-pitch-rest-to-3	1	true	n1 n2	(and (duration>= (duration n1) 2) (rest? n1) (duration>= (duration n2) 2) (not (rest? n2)) (= (note-category n2) C) (= (relative-pitch n2) 3))	n1	(multiply-duration 0.5 (transpose-diatonic 1 n2))	(multiply-duration 0.25 (transpose-diatonic b1 n2))	(multiply-duration 0.25 (transpose-diatonic b1 n2))
TR	rel-pitch-rest-to-1	1	true	n1 n2	(and (duration>= (duration n1) 2) (rest? n1) (duration>= (duration n2) 2) (not (rest? n2)) (= (note-category n2) C) (= (relative-pitch n2) 1))	n1	(multiply-duration 0.25 (transpose-diatonic 3 n2))	(multiply-duration 0.25 (transpose-diatonic 2 n2))	(multiply-duration 0.25 (transpose-diatonic 1 n2))	(multiply-duration 0.25 (transpose-diatonic -1 n2))
TR	rel-pitch-rest-to-3	1	true	n1 n2	(and (duration>= (duration n1) 2) (rest? n1) (duration>= (duration n2) 2) (not (rest? n2)) (= (note-category n2) C) (= (relative-pitch n2) 3))	n1	(multiply-duration 0.5 (make-rest n2))	(multiply-duration 0.5 (transpose-diatonic 1 n2))
TR	rel-pitch-rest-to-3	3	true	n1 n2	(and (duration>= (duration n1) 2) (rest? n1) (duration>= (duration n2) 2) (not (rest? n2)) (= (note-category n2) C) (= (relative-pitch n2) 3))	n1	(multiply-duration 0.25 (transpose-diatonic 2 n2))	(multiply-duration 0.125 (transpose-diatonic 3 n2))	(multiply-duration 0.125 (transpose-diatonic 2 n2))	(multiply-duration 0.25 (transpose-diatonic 1 n2))	(multiply-duration 0.25 (transpose-diatonic -1 n2))
TR	rel-pitch-rest	29	true	n1	(and (duration>= (duration n1) 2) (rest? n1))	n1
SUB	half-first-rel-pitch-1	motif	1	true
TR	rel-pitch-1-to-1	1	true	n1 n2	(and (duration>= (duration n1) 2) (not (rest? n1)) (= (note-category n1) C) (= (relative-pitch n1) 1) (duration>= (duration n2) 2) (not (rest? n2)) (= (note-category n2) C) (= (relative-pitch n2) 1) (pitch>= n1 n2))	(multiply-duration 0.75 (transpose-diatonic 3 n1))	(multiply-duration 0.25 (transpose-diatonic 1 n1))	(multiply-duration 0.25 (transpose-diatonic 3 n2))	(multiply-duration 0.25 (transpose-diatonic 1 n2))	(multiply-duration 0.5 (make-rest n2))
TR	rel-pitch-1-to-3	1	true	n1 n2	(and (duration>= (duration n1) 2) (not (rest? n1)) (= (note-category n1) C) (= (relative-pitch n1) 1) (duration>= (duration n2) 2) (not (rest? n2)) (= (note-category n2) C) (= (relative-pitch n2) 3) (pitch>= n1 n2))	(multiply-duration 0.5 (transpose-diatonic 2 n1))	(multiply-duration 0.25 (transpose-diatonic 1 n1))	(multiply-duration 0.25 (transpose-diatonic -1 n1))	(multiply-duration 0.25 (transpose-diatonic 1 n2))	(multiply-duration 0.75 (make-rest n2))
TR	rel-pitch-1-to-rest	1	true	n1 n2	(and (duration>= (duration n1) 2) (not (rest? n1)) (= (note-category n1) C) (= (relative-pitch n1) 1) (duration>= (duration n2) 2) (rest? n2))	(multiply-duration 0.25 (transpose-diatonic 3 n1))	(multiply-duration 0.25 (transpose-diatonic -3 n1))	(multiply-duration 0.25 (transpose-diatonic 2 n1))	(multiply-duration 0.25 (transpose-diatonic 1 n1))	n2
TR	rel-pitch-1-to-1	1	true	n1 n2	(and (duration>= (duration n1) 2) (not (rest? n1)) (= (note-category n1) C) (= (relative-pitch n1) 1) (duration>= (duration n2) 2) (not (rest? n2)) (= (note-category n2) C) (= (relative-pitch n2) 1) (pitch< n1 n2))	(multiply-duration 0.25 (transpose-diatonic #-2 n1))	(multiply-duration 0.25 (make-rest n1))	(multiply-duration 0.25 (transpose-diatonic #-2 n1))	(multiply-duration 0.25 (transpose-diatonic 4 n1))	(multiply-duration 0.75 (transpose-diatonic 1 n2))	(multiply-duration 0.25 (transpose-diatonic -1 n2))
TR	rel-pitch-1-to-1	1	true	n1 n2	(and (duration>= (duration n1) 2) (not (rest? n1)) (= (note-category n1) C) (= (relative-pitch n1) 1) (duration>= (duration n2) 2) (not (rest? n2)) (= (note-category n2) C) (= (relative-pitch n2) 1) (pitch>= n1 n2))	(multiply-duration 1.0 (transpose-diatonic b2 n1))	(multiply-duration 0.75 (transpose-diatonic 1 n2))	(multiply-duration 0.25 (transpose-diatonic -1 n2))
TR	rel-pitch-1-to-1	2	true	n1 n2	(and (duration>= (duration n1) 2) (not (rest? n1)) (= (note-category n1) C) (= (relative-pitch n1) 1) (duration>= (duration n2) 2) (not (rest? n2)) (= (note-category n2) C) (= (relative-pitch n2) 1) (pitch>= n1 n2))	(multiply-duration 0.25 (transpose-diatonic #-1 n1))	(multiply-duration 0.25 (transpose-diatonic #2 n1))	(multiply-duration 0.25 (transpose-diatonic 1 n1))	(multiply-duration 0.25 (transpose-diatonic -1 n1))	(multiply-duration 0.25 (transpose-diatonic #-2 n2))	(multiply-duration 0.25 (transpose-diatonic 1 n2))	(multiply-duration 0.25 (transpose-diatonic #2 n2))	(multiply-duration 0.25 (transpose-diatonic 3 n2))
TR	rel-pitch-1-to-5	1	true	n1 n2	(and (duration>= (duration n1) 2) (not (rest? n1)) (= (note-category n1) C) (= (relative-pitch n1) 1) (duration>= (duration n2) 2) (not (rest? n2)) (= (note-category n2) C) (= (relative-pitch n2) 5) (pitch>= n1 n2))	(multiply-duration 0.5 (make-rest n1))	(multiply-duration 0.25 (transpose-diatonic #-1 n1))	(multiply-duration 0.125 (transpose-diatonic 1 n1))	(multiply-duration 0.125 (transpose-diatonic #-1 n1))	(multiply-duration 0.25 (transpose-diatonic 3 n2))	(multiply-duration 0.25 (transpose-diatonic #1 n2))	(multiply-duration 0.25 (transpose-diatonic 1 n2))	(multiply-duration 0.25 (transpose-diatonic -1 n2))
TR	rel-pitch-1-to-1	1	true	n1 n2	(and (duration>= (duration n1) 2) (not (rest? n1)) (= (note-category n1) C) (= (relative-pitch n1) 1) (duration>= (duration n2) 2) (not (rest? n2)) (= (note-category n2) C) (= (relative-pitch n2) 1) (pitch>= n1 n2))	(multiply-duration 0.25 (transpose-diatonic 3 n1))	(multiply-duration 0.25 (transpose-diatonic #-3 n1))	(multiply-duration 0.25 (transpose-diatonic 1 n1))	(multiply-duration 0.25 (transpose-diatonic 3 n1))	(multiply-duration 0.25 (transpose-diatonic #-1 n2))	(multiply-duration 0.75 (make-rest n2))
TR	rel-pitch-1-to-1	1	true	n1 n2	(and (duration>= (duration n1) 2) (not (rest? n1)) (= (note-category n1) C) (= (relative-pitch n1) 1) (duration>= (duration n2) 2) (not (rest? n2)) (= (note-category n2) C) (= (relative-pitch n2) 1) (pitch>= n1 n2))	(multiply-duration 0.5 (make-rest n1))	(multiply-duration 0.25 (transpose-diatonic 1 n1))	(multiply-duration 0.25 (transpose-diatonic 2 n1))	(multiply-duration 0.25 (transpose-diatonic 3 n2))	(multiply-duration 0.25 (transpose-diatonic 2 n2))	(multiply-duration 0.25 (transpose-diatonic 1 n2))	(multiply-duration 0.25 (transpose-diatonic -2 n2))
TR	rel-pitch-1-to-5	1	true	n1 n2	(and (duration>= (duration n1) 2) (not (rest? n1)) (= (note-category n1) C) (= (relative-pitch n1) 1) (duration>= (duration n2) 2) (not (rest? n2)) (= (note-category n2) C) (= (relative-pitch n2) 5) (pitch>= n1 n2))	(multiply-duration 0.5 (transpose-diatonic 1 n1))	(multiply-duration 0.5 (transpose-diatonic #-1 n1))	(multiply-duration 0.75 (transpose-diatonic #-1 n2))	(multiply-duration 0.25 (transpose-diatonic 1 n2))
TR	rel-pitch-1-to-7	1	true	n1 n2	(and (duration>= (duration n1) 2) (not (rest? n1)) (= (note-category n1) C) (= (relative-pitch n1) 1) (duration>= (duration n2) 2) (not (rest? n2)) (= (note-category n2) C) (= (relative-pitch n2) 7) (pitch>= n1 n2))	(multiply-duration 0.25 (transpose-diatonic 2 n1))	(multiply-duration 0.25 (transpose-diatonic b2 n1))	(multiply-duration 0.25 (transpose-diatonic 1 n1))	(multiply-duration 0.25 (transpose-diatonic #-1 n1))	(multiply-duration 0.25 (transpose-diatonic 1 n2))	(multiply-duration 0.25 (transpose-diatonic -4 n2))	(multiply-duration 0.08333333333333333 (transpose-diatonic 2 n2))	(multiply-duration 0.08333333333333333 (transpose-diatonic 3 n2))	(multiply-duration 0.08333333333333333 (transpose-diatonic 2 n2))	(multiply-duration 0.25 (transpose-diatonic 1 n2))
TR	rel-pitch-1-to-5	1	true	n1 n2	(and (duration>= (duration n1) 2) (not (rest? n1)) (= (note-category n1) C) (= (relative-pitch n1) 1) (duration>= (duration n2) 2) (not (rest? n2)) (= (note-category n2) C) (= (relative-pitch n2) 5) (pitch>= n1 n2))	(multiply-duration 0.5 (make-rest n1))	(multiply-duration 0.25 (transpose-diatonic 1 n1))	(multiply-duration 0.25 (transpose-diatonic #-1 n1))	(multiply-duration 0.25 (transpose-diatonic 3 n2))	(multiply-duration 0.25 (transpose-diatonic #1 n2))	(multiply-duration 0.25 (transpose-diatonic 1 n2))	(multiply-duration 0.25 (transpose-diatonic -1 n2))
TR	rel-pitch-1-to-3	1	true	n1 n2	(and (duration>= (duration n1) 2) (not (rest? n1)) (= (note-category n1) C) (= (relative-pitch n1) 1) (duration>= (duration n2) 2) (not (rest? n2)) (= (note-category n2) C) (= (relative-pitch n2) 3) (pitch>= n1 n2))	(multiply-duration 0.5 (transpose-diatonic 3 n1))	(multiply-duration 0.25 (transpose-diatonic -1 n1))	(multiply-duration 0.25 (transpose-diatonic 2 n1))	(multiply-duration 0.25 (transpose-diatonic #2 n2))	(multiply-duration 0.25 (transpose-diatonic b-1 n2))	(multiply-duration 0.5 (make-rest n2))
TR	rel-pitch-1-to-7	1	true	n1 n2	(and (duration>= (duration n1) 2) (not (rest? n1)) (= (note-category n1) C) (= (relative-pitch n1) 1) (duration>= (duration n2) 2) (not (rest? n2)) (= (note-category n2) C) (= (relative-pitch n2) 7) (pitch>= n1 n2))	(multiply-duration 0.25 (transpose-diatonic 3 n1))	(multiply-duration 0.25 (transpose-diatonic #-3 n1))	(multiply-duration 0.25 (transpose-diatonic 1 n1))	(multiply-duration 0.25 (transpose-diatonic 3 n1))	(multiply-duration 0.25 (transpose-diatonic #1 n2))	(multiply-duration 0.25 (transpose-diatonic #-2 n2))	(multiply-duration 0.25 (transpose-diatonic 1 n2))	(multiply-duration 0.25 (transpose-diatonic #-2 n2))
TR	rel-pitch-1-to-1	1	true	n1 n2	(and (duration>= (duration n1) 2) (not (rest? n1)) (= (note-category n1) C) (= (relative-pitch n1) 1) (duration>= (duration n2) 2) (not (rest? n2)) (= (note-category n2) C) (= (relative-pitch n2) 1) (pitch>= n1 n2))	(multiply-duration 0.25 (transpose-diatonic 2 n1))	(multiply-duration 0.25 (make-rest n1))	(multiply-duration 0.5 (transpose-diatonic 1 n1))	(multiply-duration 0.75 (transpose-diatonic b2 n2))	(multiply-duration 0.25 (make-rest n2))
TR	rel-pitch-1-to-1	1	true	n1 n2	(and (duration>= (duration n1) 2) (not (rest? n1)) (= (note-category n1) C) (= (relative-pitch n1) 1) (duration>= (duration n2) 2) (not (rest? n2)) (= (note-category n2) C) (= (relative-pitch n2) 1) (pitch>= n1 n2))	(multiply-duration 0.25 (transpose-diatonic #3 n1))	(multiply-duration 0.25 (transpose-diatonic 2 n1))	(multiply-duration 0.25 (transpose-diatonic 1 n1))	(multiply-duration 0.25 (transpose-diatonic #-1 n1))	(multiply-duration 0.25 (transpose-diatonic -1 n2))	(multiply-duration 0.25 (transpose-diatonic 2 n2))	(multiply-duration 0.5 (make-rest n2))
TR	rel-pitch-1-to-3	1	true	n1 n2	(and (duration>= (duration n1) 2) (not (rest? n1)) (= (note-category n1) C) (= (relative-pitch n1) 1) (duration>= (duration n2) 2) (not (rest? n2)) (= (note-category n2) C) (= (relative-pitch n2) 3) (pitch< n1 n2))	(multiply-duration 0.08333333333333333 (transpose-diatonic 2 n1))	(multiply-duration 0.08333333333333333 (transpose-diatonic 3 n1))	(multiply-duration 0.08333333333333333 (transpose-diatonic 2 n1))	(multiply-duration 0.25 (transpose-diatonic -1 n1))	(multiply-duration 0.25 (transpose-diatonic 1 n1))	(multiply-duration 0.25 (transpose-diatonic 2 n1))	(multiply-duration 0.25 (transpose-diatonic 1 n2))	(multiply-duration 0.75 (make-rest n2))
TR	rel-pitch-1-to-5	1	true	n1 n2	(and (duration>= (duration n1) 2) (not (rest? n1)) (= (note-category n1) C) (= (relative-pitch n1) 1) (duration>= (duration n2) 2) (not (rest? n2)) (= (note-category n2) C) (= (relative-pitch n2) 5) (pitch>= n1 n2))	(multiply-duration 0.5 (make-rest n1))	(multiply-duration 0.25 (transpose-diatonic 1 n1))	(multiply-duration 0.25 (transpose-diatonic 2 n1))	(multiply-duration 0.25 (transpose-diatonic 3 n2))	(multiply-duration 0.25 (transpose-diatonic 2 n2))	(multiply-duration 0.25 (transpose-diatonic 1 n2))	(multiply-duration 0.25 (make-rest n2))
TR	rel-pitch-1-to-7	1	true	n1 n2	(and (duration>= (duration n1) 2) (not (rest? n1)) (= (note-category n1) C) (= (relative-pitch n1) 1) (duration>= (duration n2) 2) (not (rest? n2)) (= (note-category n2) C) (= (relative-pitch n2) 7) (pitch< n1 n2))	(multiply-duration 0.5 (transpose-diatonic -1 n1))	(multiply-duration 0.25 (transpose-diatonic 2 n1))	(multiply-duration 0.25 (transpose-diatonic -1 n1))	(multiply-duration 0.25 (transpose-diatonic #-3 n2))	(multiply-duration 0.25 (transpose-diatonic #-2 n2))	(multiply-duration 0.25 (transpose-diatonic -1 n2))	(multiply-duration 0.25 (transpose-diatonic b3 n2))
TR	rel-pitch-1	1	true	n1	(and (duration>= (duration n1) 2) (not (rest? n1)) (= (note-category n1) C) (= (relative-pitch n1) 1))	(multiply-duration 0.5 (make-rest n1))	(multiply-duration 0.5 (transpose-diatonic 1 n1))
TR	rel-pitch-1	1	true	n1	(and (duration>= (duration n1) 2) (not (rest? n1)) (= (note-category n1) C) (= (relative-pitch n1) 1))	(multiply-duration 0.25 (transpose-diatonic 3 n1))	(multiply-duration 0.25 (transpose-diatonic 1 n1))	(multiply-duration 0.5 (make-rest n1))
TR	rel-pitch-1	1	true	n1	(and (duration>= (duration n1) 2) (not (rest? n1)) (= (note-category n1) C) (= (relative-pitch n1) 1))	(multiply-duration 0.75 (transpose-diatonic 3 n1))	(multiply-duration 0.25 (transpose-diatonic 1 n1))
TR	rel-pitch-1	1	true	n1	(and (duration>= (duration n1) 2) (not (rest? n1)) (= (note-category n1) C) (= (relative-pitch n1) 1))	(multiply-duration 0.5 (transpose-diatonic 2 n1))	(multiply-duration 0.25 (transpose-diatonic 1 n1))	(multiply-duration 0.25 (transpose-diatonic -1 n1))
TR	rel-pitch-1	1	true	n1	(and (duration>= (duration n1) 2) (not (rest? n1)) (= (note-category n1) C) (= (relative-pitch n1) 1))	(multiply-duration 0.25 (transpose-diatonic 3 n1))	(multiply-duration 0.25 (transpose-diatonic -3 n1))	(multiply-duration 0.25 (transpose-diatonic 2 n1))	(multiply-duration 0.25 (transpose-diatonic 1 n1))
TR	rel-pitch-1	1	true	n1	(and (duration>= (duration n1) 2) (not (rest? n1)) (= (note-category n1) C) (= (relative-pitch n1) 1))	(multiply-duration 0.25 (transpose-diatonic #-2 n1))	(multiply-duration 0.25 (make-rest n1))	(multiply-duration 0.25 (transpose-diatonic #-2 n1))	(multiply-duration 0.25 (transpose-diatonic 4 n1))
TR	rel-pitch-1	2	true	n1	(and (duration>= (duration n1) 2) (not (rest? n1)) (= (note-category n1) C) (= (relative-pitch n1) 1))	(multiply-duration 0.25 (transpose-diatonic 2 n1))	(multiply-duration 0.25 (transpose-diatonic -1 n1))	(multiply-duration 0.25 (transpose-diatonic 1 n1))	(multiply-duration 0.25 (transpose-diatonic 2 n1))
TR	rel-pitch-1	2	true	n1	(and (duration>= (duration n1) 2) (not (rest? n1)) (= (note-category n1) C) (= (relative-pitch n1) 1))	(multiply-duration 0.75 (transpose-diatonic 1 n1))	(multiply-duration 0.25 (transpose-diatonic -1 n1))
TR	rel-pitch-1	2	true	n1	(and (duration>= (duration n1) 2) (not (rest? n1)) (= (note-category n1) C) (= (relative-pitch n1) 1))	(multiply-duration 1.0 (transpose-diatonic b2 n1))
TR	rel-pitch-1	2	true	n1	(and (duration>= (duration n1) 2) (not (rest? n1)) (= (note-category n1) C) (= (relative-pitch n1) 1))	(multiply-duration 0.25 (transpose-diatonic #-2 n1))	(multiply-duration 0.25 (transpose-diatonic 1 n1))	(multiply-duration 0.25 (transpose-diatonic #2 n1))	(multiply-duration 0.25 (transpose-diatonic 3 n1))
TR	rel-pitch-1	2	true	n1	(and (duration>= (duration n1) 2) (not (rest? n1)) (= (note-category n1) C) (= (relative-pitch n1) 1))	(multiply-duration 0.25 (transpose-diatonic #-1 n1))	(multiply-duration 0.25 (transpose-diatonic #2 n1))	(multiply-duration 0.25 (transpose-diatonic 1 n1))	(multiply-duration 0.25 (transpose-diatonic -1 n1))
TR	rel-pitch-1	1	true	n1	(and (duration>= (duration n1) 2) (not (rest? n1)) (= (note-category n1) C) (= (relative-pitch n1) 1))	(multiply-duration 0.5 (make-rest n1))	(multiply-duration 0.25 (transpose-diatonic #-1 n1))	(multiply-duration 0.125 (transpose-diatonic 1 n1))	(multiply-duration 0.125 (transpose-diatonic #-1 n1))
TR	rel-pitch-1	1	true	n1	(and (duration>= (duration n1) 2) (not (rest? n1)) (= (note-category n1) C) (= (relative-pitch n1) 1))	(multiply-duration 0.75 (transpose-diatonic 1 n1))	(multiply-duration 0.25 (make-rest n1))
TR	rel-pitch-1	1	true	n1	(and (duration>= (duration n1) 2) (not (rest? n1)) (= (note-category n1) C) (= (relative-pitch n1) 1))	(multiply-duration 0.25 (transpose-diatonic #-1 n1))	(multiply-duration 0.75 (make-rest n1))
TR	rel-pitch-1	2	true	n1	(and (duration>= (duration n1) 2) (not (rest? n1)) (= (note-category n1) C) (= (relative-pitch n1) 1))	(multiply-duration 0.25 (transpose-diatonic 3 n1))	(multiply-duration 0.25 (transpose-diatonic #-3 n1))	(multiply-duration 0.25 (transpose-diatonic 1 n1))	(multiply-duration 0.25 (transpose-diatonic 3 n1))
TR	rel-pitch-1	2	true	n1	(and (duration>= (duration n1) 2) (not (rest? n1)) (= (note-category n1) C) (= (relative-pitch n1) 1))	(multiply-duration 0.25 (transpose-diatonic b2 n1))	(multiply-duration 0.25 (transpose-diatonic #-1 n1))	(multiply-duration 0.25 (transpose-diatonic 1 n1))	(multiply-duration 0.25 (transpose-diatonic -1 n1))
TR	rel-pitch-1	1	true	n1	(and (duration>= (duration n1) 2) (not (rest? n1)) (= (note-category n1) C) (= (relative-pitch n1) 1))	(multiply-duration 1.0 (transpose-diatonic 1 n1))
TR	rel-pitch-1	1	true	n1	(and (duration>= (duration n1) 2) (not (rest? n1)) (= (note-category n1) C) (= (relative-pitch n1) 1))	(multiply-duration 0.25 (transpose-diatonic 3 n1))	(multiply-duration 0.25 (transpose-diatonic 1 n1))	(multiply-duration 0.25 (transpose-diatonic #-1 n1))	(multiply-duration 0.25 (make-rest n1))
TR	rel-pitch-1	1	true	n1	(and (duration>= (duration n1) 2) (not (rest? n1)) (= (note-category n1) C) (= (relative-pitch n1) 1))	(multiply-duration 0.25 (transpose-diatonic 3 n1))	(multiply-duration 0.25 (transpose-diatonic 2 n1))	(multiply-duration 0.25 (transpose-diatonic 1 n1))	(multiply-duration 0.25 (transpose-diatonic -2 n1))
TR	rel-pitch-1	2	true	n1	(and (duration>= (duration n1) 2) (not (rest? n1)) (= (note-category n1) C) (= (relative-pitch n1) 1))	(multiply-duration 0.5 (make-rest n1))	(multiply-duration 0.25 (transpose-diatonic 1 n1))	(multiply-duration 0.25 (transpose-diatonic 2 n1))
TR	rel-pitch-1	1	true	n1	(and (duration>= (duration n1) 2) (not (rest? n1)) (= (note-category n1) C) (= (relative-pitch n1) 1))	(multiply-duration 0.25 (transpose-diatonic 2 n1))	(multiply-duration 0.125 (transpose-diatonic 3 n1))	(multiply-duration 0.125 (transpose-diatonic 2 n1))	(multiply-duration 0.25 (transpose-diatonic 1 n1))	(multiply-duration 0.25 (make-rest n1))
TR	rel-pitch-1	1	true	n1	(and (duration>= (duration n1) 2) (not (rest? n1)) (= (note-category n1) C) (= (relative-pitch n1) 1))	(multiply-duration 0.125 (transpose-diatonic 5 n1))	(multiply-duration 0.125 (transpose-diatonic 4 n1))	(multiply-duration 0.125 (transpose-diatonic 3 n1))	(multiply-duration 0.125 (transpose-diatonic 2 n1))	(multiply-duration 0.125 (transpose-diatonic 1 n1))	(multiply-duration 0.125 (transpose-diatonic #-3 n1))	(multiply-duration 0.125 (transpose-diatonic -3 n1))	(multiply-duration 0.125 (transpose-diatonic -4 n1))
TR	rel-pitch-1	1	true	n1	(and (duration>= (duration n1) 2) (not (rest? n1)) (= (note-category n1) C) (= (relative-pitch n1) 1))	(multiply-duration 0.25 (transpose-diatonic #-1 n1))	(multiply-duration 0.75 (transpose-diatonic 1 n1))
TR	rel-pitch-1	1	true	n1	(and (duration>= (duration n1) 2) (not (rest? n1)) (= (note-category n1) C) (= (relative-pitch n1) 1))	(multiply-duration 0.5 (transpose-diatonic 1 n1))	(multiply-duration 0.5 (transpose-diatonic #-1 n1))
TR	rel-pitch-1	1	true	n1	(and (duration>= (duration n1) 2) (not (rest? n1)) (= (note-category n1) C) (= (relative-pitch n1) 1))	(multiply-duration 0.25 (transpose-diatonic 1 n1))	(multiply-duration 0.25 (transpose-diatonic -1 n1))	(multiply-duration 0.16666666666666666 (transpose-diatonic #-2 n1))	(multiply-duration 0.16666666666666666 (transpose-diatonic 1 n1))	(multiply-duration 0.16666666666666666 (transpose-diatonic 3 n1))
TR	rel-pitch-1	1	true	n1	(and (duration>= (duration n1) 2) (not (rest? n1)) (= (note-category n1) C) (= (relative-pitch n1) 1))	(multiply-duration 0.25 (transpose-diatonic 2 n1))	(multiply-duration 0.25 (transpose-diatonic b2 n1))	(multiply-duration 0.25 (transpose-diatonic 1 n1))	(multiply-duration 0.25 (transpose-diatonic #-1 n1))
TR	rel-pitch-1	1	true	n1	(and (duration>= (duration n1) 2) (not (rest? n1)) (= (note-category n1) C) (= (relative-pitch n1) 1))	(multiply-duration 0.5 (make-rest n1))	(multiply-duration 0.25 (transpose-diatonic 1 n1))	(multiply-duration 0.25 (transpose-diatonic #-1 n1))
TR	rel-pitch-1	1	true	n1	(and (duration>= (duration n1) 2) (not (rest? n1)) (= (note-category n1) C) (= (relative-pitch n1) 1))	(multiply-duration 0.5 (transpose-diatonic 3 n1))	(multiply-duration 0.25 (transpose-diatonic -1 n1))	(multiply-duration 0.25 (transpose-diatonic 2 n1))
TR	rel-pitch-1	1	true	n1	(and (duration>= (duration n1) 2) (not (rest? n1)) (= (note-category n1) C) (= (relative-pitch n1) 1))	(multiply-duration 0.75 (transpose-diatonic b2 n1))	(multiply-duration 0.25 (make-rest n1))
TR	rel-pitch-1	1	true	n1	(and (duration>= (duration n1) 2) (not (rest? n1)) (= (note-category n1) C) (= (relative-pitch n1) 1))	(multiply-duration 0.25 (transpose-diatonic 2 n1))	(multiply-duration 0.25 (make-rest n1))	(multiply-duration 0.5 (transpose-diatonic 1 n1))
TR	rel-pitch-1	1	true	n1	(and (duration>= (duration n1) 2) (not (rest? n1)) (= (note-category n1) C) (= (relative-pitch n1) 1))	(multiply-duration 0.25 (transpose-diatonic -1 n1))	(multiply-duration 0.25 (transpose-diatonic 2 n1))	(multiply-duration 0.5 (make-rest n1))
TR	rel-pitch-1	1	true	n1	(and (duration>= (duration n1) 2) (not (rest? n1)) (= (note-category n1) C) (= (relative-pitch n1) 1))	(multiply-duration 0.25 (transpose-diatonic #3 n1))	(multiply-duration 0.25 (transpose-diatonic 2 n1))	(multiply-duration 0.25 (transpose-diatonic 1 n1))	(multiply-duration 0.25 (transpose-diatonic #-1 n1))
TR	rel-pitch-1	1	true	n1	(and (duration>= (duration n1) 2) (not (rest? n1)) (= (note-category n1) C) (= (relative-pitch n1) 1))	(multiply-duration 0.25 (transpose-diatonic b2 n1))	(multiply-duration 0.75 (make-rest n1))
TR	rel-pitch-1	1	true	n1	(and (duration>= (duration n1) 2) (not (rest? n1)) (= (note-category n1) C) (= (relative-pitch n1) 1))	(multiply-duration 0.08333333333333333 (transpose-diatonic 2 n1))	(multiply-duration 0.08333333333333333 (transpose-diatonic 3 n1))	(multiply-duration 0.08333333333333333 (transpose-diatonic 2 n1))	(multiply-duration 0.25 (transpose-diatonic -1 n1))	(multiply-duration 0.25 (transpose-diatonic 1 n1))	(multiply-duration 0.25 (transpose-diatonic 2 n1))
TR	rel-pitch-1	1	true	n1	(and (duration>= (duration n1) 2) (not (rest? n1)) (= (note-category n1) C) (= (relative-pitch n1) 1))	(multiply-duration 0.25 (transpose-diatonic 3 n1))	(multiply-duration 0.25 (make-rest n1))	(multiply-duration 0.25 (transpose-diatonic -2 n1))	(multiply-duration 0.25 (transpose-diatonic -1 n1))
TR	rel-pitch-1	1	true	n1	(and (duration>= (duration n1) 2) (not (rest? n1)) (= (note-category n1) C) (= (relative-pitch n1) 1))	(multiply-duration 0.25 (transpose-diatonic 3 n1))	(multiply-duration 0.25 (transpose-diatonic 2 n1))	(multiply-duration 0.25 (transpose-diatonic 1 n1))	(multiply-duration 0.25 (transpose-diatonic -1 n1))
TR	rel-pitch-1	1	true	n1	(and (duration>= (duration n1) 2) (not (rest? n1)) (= (note-category n1) C) (= (relative-pitch n1) 1))	(multiply-duration 0.5 (transpose-diatonic -1 n1))	(multiply-duration 0.25 (transpose-diatonic 2 n1))	(multiply-duration 0.25 (transpose-diatonic -1 n1))
TR	rel-pitch-1	1	true	n1	(and (duration>= (duration n1) 2) (not (rest? n1)) (= (note-category n1) C) (= (relative-pitch n1) 1))	(multiply-duration 0.5 (transpose-diatonic b2 n1))	(multiply-duration 0.25 (transpose-diatonic 1 n1))	(multiply-duration 0.25 (make-rest n1))
SUB	half-first-rel-pitch-b3	motif	1	true
TR	rel-pitch-b3	1	true	n1	(and (duration>= (duration n1) 2) (not (rest? n1)) (= (note-category n1) C) (= (relative-pitch n1) b3))	(multiply-duration 0.25 (transpose-diatonic 1 n1))	(multiply-duration 0.125 (transpose-diatonic #2 n1))	(multiply-duration 0.125 (transpose-diatonic 1 n1))	(multiply-duration 0.25 (transpose-diatonic #-2 n1))	(multiply-duration 0.25 (make-rest n1))
TR	rel-pitch-b3	1	true	n1	(and (duration>= (duration n1) 2) (not (rest? n1)) (= (note-category n1) C) (= (relative-pitch n1) b3))	(multiply-duration 0.25 (make-rest n1))	(multiply-duration 0.25 (transpose-diatonic #-2 n1))	(multiply-duration 0.25 (transpose-diatonic #-1 n1))	(multiply-duration 0.25 (transpose-diatonic #1 n1))
TR	rel-pitch-b3	1	true	n1	(and (duration>= (duration n1) 2) (not (rest? n1)) (= (note-category n1) C) (= (relative-pitch n1) b3))	(multiply-duration 0.25 (transpose-diatonic #-2 n1))	(multiply-duration 0.25 (transpose-diatonic #-1 n1))	(multiply-duration 0.25 (transpose-diatonic #1 n1))	(multiply-duration 0.25 (transpose-diatonic #2 n1))
SUB	quarter-first-rel-pitch-5	motif	1	true
TR	rel-pitch-5-to-5	1	true	n1 n2	(and (duration>= (duration n1) 4) (not (rest? n1)) (= (note-category n1) C) (= (relative-pitch n1) 5) (duration>= (duration n2) 4) (not (rest? n2)) (= (note-category n2) C) (= (relative-pitch n2) 5) (pitch>= n1 n2))	(multiply-duration 1.0 (transpose-diatonic 1 n1))	(multiply-duration 1.0 (transpose-diatonic 1 n2))
TR	rel-pitch-5-to-3	1	true	n1 n2	(and (duration>= (duration n1) 4) (not (rest? n1)) (= (note-category n1) C) (= (relative-pitch n1) 5) (duration>= (duration n2) 4) (not (rest? n2)) (= (note-category n2) C) (= (relative-pitch n2) 3) (pitch< n1 n2))	(multiply-duration 0.25 (make-rest n1))	(multiply-duration 0.25 (transpose-diatonic -1 n1))	(multiply-duration 0.25 (transpose-diatonic 2 n1))	(multiply-duration 0.25 (transpose-diatonic 4 n1))	(multiply-duration 0.5 (transpose-diatonic 1 n2))	(multiply-duration 0.5 (transpose-diatonic -1 n2))
TR	rel-pitch-5-to-5	1	true	n1 n2	(and (duration>= (duration n1) 4) (not (rest? n1)) (= (note-category n1) C) (= (relative-pitch n1) 5) (duration>= (duration n2) 4) (not (rest? n2)) (= (note-category n2) C) (= (relative-pitch n2) 5) (pitch>= n1 n2))	(multiply-duration 1.0 (transpose-diatonic 2 n1))	(multiply-duration 1.0 (transpose-diatonic 1 n2))
TR	rel-pitch-5-to-7	2	true	n1 n2	(and (duration>= (duration n1) 4) (not (rest? n1)) (= (note-category n1) C) (= (relative-pitch n1) 5) (duration>= (duration n2) 4) (not (rest? n2)) (= (note-category n2) C) (= (relative-pitch n2) 7) (pitch< n1 n2))	(multiply-duration 0.5 (transpose-diatonic 1 n1))	(multiply-duration 0.5 (transpose-diatonic 2 n1))	(multiply-duration 0.5 (transpose-diatonic 1 n2))	(multiply-duration 0.5 (make-rest n2))
TR	rel-pitch-5-to-3	1	true	n1 n2	(and (duration>= (duration n1) 4) (not (rest? n1)) (= (note-category n1) C) (= (relative-pitch n1) 5) (duration>= (duration n2) 4) (not (rest? n2)) (= (note-category n2) C) (= (relative-pitch n2) 3) (pitch>= n1 n2))	(multiply-duration 1.0 (transpose-diatonic 1 n1))	(multiply-duration 0.5 (transpose-diatonic 1 n2))	(multiply-duration 0.5 (transpose-diatonic -1 n2))
TR	rel-pitch-5-to-1	1	true	n1 n2	(and (duration>= (duration n1) 4) (not (rest? n1)) (= (note-category n1) C) (= (relative-pitch n1) 5) (duration>= (duration n2) 4) (not (rest? n2)) (= (note-category n2) C) (= (relative-pitch n2) 1) (pitch< n1 n2))	(multiply-duration 0.5 (transpose-diatonic -1 n1))	(multiply-duration 0.5 (transpose-diatonic 2 n1))	(multiply-duration 0.5 (transpose-diatonic 1 n2))	(multiply-duration 0.5 (transpose-diatonic -1 n2))
TR	rel-pitch-5-to-3	4	true	n1 n2	(and (duration>= (duration n1) 4) (not (rest? n1)) (= (note-category n1) C) (= (relative-pitch n1) 5) (duration>= (duration n2) 4) (not (rest? n2)) (= (note-category n2) C) (= (relative-pitch n2) 3) (pitch>= n1 n2))	(multiply-duration 0.5 (transpose-diatonic -1 n1))	(multiply-duration 0.25 (transpose-diatonic 1 n1))	(multiply-duration 0.25 (transpose-diatonic -1 n1))	(multiply-duration 0.5 (transpose-diatonic 1 n2))	(multiply-duration 0.5 (transpose-diatonic -1 n2))
TR	rel-pitch-5-to-rest	1	true	n1 n2	(and (duration>= (duration n1) 4) (not (rest? n1)) (= (note-category n1) C) (= (relative-pitch n1) 5) (duration>= (duration n2) 4) (rest? n2))	(multiply-duration 1.0 (transpose-diatonic 1 n1))	n2
TR	rel-pitch-5-to-3	1	true	n1 n2	(and (duration>= (duration n1) 4) (not (rest? n1)) (= (note-category n1) C) (= (relative-pitch n1) 5) (duration>= (duration n2) 4) (not (rest? n2)) (= (note-category n2) C) (= (relative-pitch n2) 3) (pitch>= n1 n2))	(multiply-duration 0.16666666666666666 (transpose-diatonic 1 n1))	(multiply-duration 0.16666666666666666 (transpose-diatonic 2 n1))	(multiply-duration 0.16666666666666666 (transpose-diatonic 1 n1))	(multiply-duration 0.5 (transpose-diatonic -2 n1))	(multiply-duration 0.16666666666666666 (transpose-diatonic 2 n2))	(multiply-duration 0.16666666666666666 (transpose-diatonic 3 n2))	(multiply-duration 0.16666666666666666 (transpose-diatonic 2 n2))	(multiply-duration 0.5 (transpose-diatonic -1 n2))
TR	rel-pitch-5-to-5	1	true	n1 n2	(and (duration>= (duration n1) 4) (not (rest? n1)) (= (note-category n1) C) (= (relative-pitch n1) 5) (duration>= (duration n2) 4) (not (rest? n2)) (= (note-category n2) C) (= (relative-pitch n2) 5) (pitch>= n1 n2))	(multiply-duration 1.0 (transpose-diatonic 1 n1))	(multiply-duration 0.5 (transpose-diatonic 1 n2))	(multiply-duration 0.25 (transpose-diatonic 3 n2))	(multiply-duration 0.25 (transpose-diatonic 1 n2))
TR	rel-pitch-5-to-3	1	true	n1 n2	(and (duration>= (duration n1) 4) (not (rest? n1)) (= (note-category n1) C) (= (relative-pitch n1) 5) (duration>= (duration n2) 4) (not (rest? n2)) (= (note-category n2) C) (= (relative-pitch n2) 3) (pitch>= n1 n2))	(multiply-duration 0.5 (make-rest n1))	(multiply-duration 0.25 (transpose-diatonic 1 n1))	(multiply-duration 0.25 (transpose-diatonic -1 n1))	(multiply-duration 0.5 (transpose-diatonic 1 n2))	(multiply-duration 0.5 (make-rest n2))
TR	rel-pitch-5-to-7	1	true	n1 n2	(and (duration>= (duration n1) 4) (not (rest? n1)) (= (note-category n1) C) (= (relative-pitch n1) 5) (duration>= (duration n2) 4) (not (rest? n2)) (= (note-category n2) C) (= (relative-pitch n2) 7) (pitch< n1 n2))	(multiply-duration 0.75 (make-rest n1))	(multiply-duration 0.25 (transpose-diatonic #-1 n1))	(multiply-duration 0.25 (transpose-diatonic -2 n2))	(multiply-duration 0.25 (transpose-diatonic -1 n2))	(multiply-duration 0.25 (transpose-diatonic 1 n2))	(multiply-duration 0.25 (transpose-diatonic 3 n2))
TR	rel-pitch-5-to-3	1	true	n1 n2	(and (duration>= (duration n1) 4) (not (rest? n1)) (= (note-category n1) C) (= (relative-pitch n1) 5) (duration>= (duration n2) 4) (not (rest? n2)) (= (note-category n2) C) (= (relative-pitch n2) 3) (pitch>= n1 n2))	(multiply-duration 1.0 (transpose-diatonic -1 n1))	(multiply-duration 0.5 (transpose-diatonic 2 n2))	(multiply-duration 0.5 (transpose-diatonic 1 n2))
TR	rel-pitch-5-to-5	1	true	n1 n2	(and (duration>= (duration n1) 4) (not (rest? n1)) (= (note-category n1) C) (= (relative-pitch n1) 5) (duration>= (duration n2) 4) (not (rest? n2)) (= (note-category n2) C) (= (relative-pitch n2) 5) (pitch>= n1 n2))	(multiply-duration 1.0 (transpose-diatonic #-1 n1))	(multiply-duration 0.5 (transpose-diatonic #-1 n2))	(multiply-duration 0.5 (transpose-diatonic 1 n2))
TR	rel-pitch-5-to-3	1	true	n1 n2	(and (duration>= (duration n1) 4) (not (rest? n1)) (= (note-category n1) C) (= (relative-pitch n1) 5) (duration>= (duration n2) 4) (not (rest? n2)) (= (note-category n2) C) (= (relative-pitch n2) 3) (pitch>= n1 n2))	(multiply-duration 1.0 (transpose-diatonic 1 n1))	(multiply-duration 0.5 (make-rest n2))	(multiply-duration 0.5 (transpose-diatonic 2 n2))
TR	rel-pitch-5-to-1	1	true	n1 n2	(and (duration>= (duration n1) 4) (not (rest? n1)) (= (note-category n1) C) (= (relative-pitch n1) 5) (duration>= (duration n2) 4) (not (rest? n2)) (= (note-category n2) C) (= (relative-pitch n2) 1) (pitch< n1 n2))	(multiply-duration 0.5 (transpose-diatonic 3 n1))	(multiply-duration 0.5 (transpose-diatonic -3 n1))	(multiply-duration 1.0 (transpose-diatonic 1 n2))
TR	rel-pitch-5-to-3	1	true	n1 n2	(and (duration>= (duration n1) 4) (not (rest? n1)) (= (note-category n1) C) (= (relative-pitch n1) 5) (duration>= (duration n2) 4) (not (rest? n2)) (= (note-category n2) C) (= (relative-pitch n2) 3) (pitch>= n1 n2))	(multiply-duration 0.5 (make-rest n1))	(multiply-duration 0.25 (transpose-diatonic 1 n1))	(multiply-duration 0.25 (transpose-diatonic b1 n1))	(multiply-duration 0.5 (transpose-diatonic 2 n2))	(multiply-duration 0.5 (transpose-diatonic #1 n2))
TR	rel-pitch-5-to-1	2	true	n1 n2	(and (duration>= (duration n1) 4) (not (rest? n1)) (= (note-category n1) C) (= (relative-pitch n1) 5) (duration>= (duration n2) 4) (not (rest? n2)) (= (note-category n2) C) (= (relative-pitch n2) 1) (pitch< n1 n2))	(multiply-duration 0.5 (make-rest n1))	(multiply-duration 0.5 (transpose-diatonic 1 n1))	(multiply-duration 0.5 (transpose-diatonic -2 n2))	(multiply-duration 0.5 (transpose-diatonic -1 n2))
TR	rel-pitch-5-to-rest	1	true	n1 n2	(and (duration>= (duration n1) 4) (not (rest? n1)) (= (note-category n1) C) (= (relative-pitch n1) 5) (duration>= (duration n2) 4) (rest? n2))	(multiply-duration 0.5 (transpose-diatonic -1 n1))	(multiply-duration 0.5 (make-rest n1))	n2
TR	rel-pitch-5-to-1	1	true	n1 n2	(and (duration>= (duration n1) 4) (not (rest? n1)) (= (note-category n1) C) (= (relative-pitch n1) 5) (duration>= (duration n2) 4) (not (rest? n2)) (= (note-category n2) C) (= (relative-pitch n2) 1) (pitch< n1 n2))	(multiply-duration 0.5 (transpose-diatonic 3 n1))	(multiply-duration 0.5 (transpose-diatonic -2 n1))	(multiply-duration 0.16666666666666666 (transpose-diatonic 1 n2))	(multiply-duration 0.16666666666666666 (transpose-diatonic 2 n2))	(multiply-duration 0.16666666666666666 (transpose-diatonic 1 n2))	(multiply-duration 0.5 (transpose-diatonic -1 n2))
TR	rel-pitch-5-to-5	1	true	n1 n2	(and (duration>= (duration n1) 4) (not (rest? n1)) (= (note-category n1) C) (= (relative-pitch n1) 5) (duration>= (duration n2) 4) (not (rest? n2)) (= (note-category n2) C) (= (relative-pitch n2) 5) (pitch>= n1 n2))	(multiply-duration 1.0 (transpose-diatonic 1 n1))	(multiply-duration 0.5 (transpose-diatonic 1 n2))	(multiply-duration 0.5 (make-rest n2))
TR	rel-pitch-5-to-rest	1	true	n1 n2	(and (duration>= (duration n1) 4) (not (rest? n1)) (= (note-category n1) C) (= (relative-pitch n1) 5) (duration>= (duration n2) 4) (rest? n2))	(multiply-duration 0.5 (transpose-diatonic 2 n1))	(multiply-duration 0.5 (transpose-diatonic 1 n1))	n2
TR	rel-pitch-5-to-5	1	true	n1 n2	(and (duration>= (duration n1) 4) (not (rest? n1)) (= (note-category n1) C) (= (relative-pitch n1) 5) (duration>= (duration n2) 4) (not (rest? n2)) (= (note-category n2) C) (= (relative-pitch n2) 5) (pitch>= n1 n2))	(multiply-duration 0.5 (transpose-diatonic -2 n1))	(multiply-duration 0.5 (transpose-diatonic 2 n1))	(multiply-duration 0.5 (make-rest n2))	(multiply-duration 0.5 (transpose-diatonic #-1 n2))
TR	rel-pitch-5-to-3	1	true	n1 n2	(and (duration>= (duration n1) 4) (not (rest? n1)) (= (note-category n1) C) (= (relative-pitch n1) 5) (duration>= (duration n2) 4) (not (rest? n2)) (= (note-category n2) C) (= (relative-pitch n2) 3) (pitch>= n1 n2))	(multiply-duration 0.5 (transpose-diatonic 1 n1))	(multiply-duration 0.25 (transpose-diatonic 2 n1))	(multiply-duration 0.25 (transpose-diatonic 1 n1))	(multiply-duration 0.5 (transpose-diatonic 1 n2))	(multiply-duration 0.5 (transpose-diatonic -1 n2))
TR	rel-pitch-5-to-3	1	true	n1 n2	(and (duration>= (duration n1) 4) (not (rest? n1)) (= (note-category n1) C) (= (relative-pitch n1) 5) (duration>= (duration n2) 4) (not (rest? n2)) (= (note-category n2) C) (= (relative-pitch n2) 3) (pitch>= n1 n2))	(multiply-duration 0.5 (transpose-diatonic 1 n1))	(multiply-duration 0.5 (transpose-diatonic -1 n1))	(multiply-duration 0.5 (transpose-diatonic 1 n2))	(multiply-duration 0.5 (make-rest n2))
TR	rel-pitch-5-to-3	1	true	n1 n2	(and (duration>= (duration n1) 4) (not (rest? n1)) (= (note-category n1) C) (= (relative-pitch n1) 5) (duration>= (duration n2) 4) (not (rest? n2)) (= (note-category n2) C) (= (relative-pitch n2) 3) (pitch>= n1 n2))	(multiply-duration 1.0 (transpose-diatonic -1 n1))	(multiply-duration 0.5 (transpose-diatonic 1 n2))	(multiply-duration 0.5 (transpose-diatonic -1 n2))
TR	rel-pitch-5-to-5	1	true	n1 n2	(and (duration>= (duration n1) 4) (not (rest? n1)) (= (note-category n1) C) (= (relative-pitch n1) 5) (duration>= (duration n2) 4) (not (rest? n2)) (= (note-category n2) C) (= (relative-pitch n2) 5) (pitch>= n1 n2))	(multiply-duration 0.5 (transpose-diatonic 2 n1))	(multiply-duration 0.5 (transpose-diatonic -1 n1))	(multiply-duration 0.5 (transpose-diatonic 1 n2))	(multiply-duration 0.5 (transpose-diatonic 2 n2))
TR	rel-pitch-5-to-5	1	true	n1 n2	(and (duration>= (duration n1) 4) (not (rest? n1)) (= (note-category n1) C) (= (relative-pitch n1) 5) (duration>= (duration n2) 4) (not (rest? n2)) (= (note-category n2) C) (= (relative-pitch n2) 5) (pitch>= n1 n2))	(multiply-duration 0.5 (transpose-diatonic #1 n1))	(multiply-duration 0.5 (transpose-diatonic #1 n1))	(multiply-duration 0.5 (transpose-diatonic 1 n2))	(multiply-duration 0.5 (transpose-diatonic -1 n2))
TR	rel-pitch-5-to-5	1	true	n1 n2	(and (duration>= (duration n1) 4) (not (rest? n1)) (= (note-category n1) C) (= (relative-pitch n1) 5) (duration>= (duration n2) 4) (not (rest? n2)) (= (note-category n2) C) (= (relative-pitch n2) 5) (pitch>= n1 n2))	(multiply-duration 1.0 (transpose-diatonic #1 n1))	(multiply-duration 0.5 (transpose-diatonic #1 n2))	(multiply-duration 0.5 (transpose-diatonic -2 n2))
TR	rel-pitch-5-to-1	1	true	n1 n2	(and (duration>= (duration n1) 4) (not (rest? n1)) (= (note-category n1) C) (= (relative-pitch n1) 5) (duration>= (duration n2) 4) (not (rest? n2)) (= (note-category n2) C) (= (relative-pitch n2) 1) (pitch< n1 n2))	(multiply-duration 0.3333333333333333 (transpose-diatonic b-2 n1))	(multiply-duration 0.3333333333333333 (transpose-diatonic #-1 n1))	(multiply-duration 0.3333333333333333 (transpose-diatonic 2 n1))	(multiply-duration 0.5 (transpose-diatonic 1 n2))	(multiply-duration 0.5 (transpose-diatonic -1 n2))
TR	rel-pitch-5-to-1	1	true	n1 n2	(and (duration>= (duration n1) 4) (not (rest? n1)) (= (note-category n1) C) (= (relative-pitch n1) 5) (duration>= (duration n2) 4) (not (rest? n2)) (= (note-category n2) C) (= (relative-pitch n2) 1) (pitch< n1 n2))	(multiply-duration 0.5 (transpose-diatonic #-1 n1))	(multiply-duration 0.5 (transpose-diatonic #1 n1))	(multiply-duration 0.5 (transpose-diatonic -2 n2))	(multiply-duration 0.5 (transpose-diatonic b2 n2))
TR	rel-pitch-5-to-1	1	true	n1 n2	(and (duration>= (duration n1) 4) (not (rest? n1)) (= (note-category n1) C) (= (relative-pitch n1) 5) (duration>= (duration n2) 4) (not (rest? n2)) (= (note-category n2) C) (= (relative-pitch n2) 1) (pitch>= n1 n2))	(multiply-duration 0.5 (transpose-diatonic -2 n1))	(multiply-duration 0.5 (transpose-diatonic 2 n1))	(multiply-duration 0.5 (transpose-diatonic 1 n2))	(multiply-duration 0.5 (transpose-diatonic 2 n2))
TR	rel-pitch-5-to-5	1	true	n1 n2	(and (duration>= (duration n1) 4) (not (rest? n1)) (= (note-category n1) C) (= (relative-pitch n1) 5) (duration>= (duration n2) 4) (not (rest? n2)) (= (note-category n2) C) (= (relative-pitch n2) 5) (pitch>= n1 n2))	(multiply-duration 0.5 (transpose-diatonic -2 n1))	(multiply-duration 0.5 (transpose-diatonic 3 n1))	(multiply-duration 0.5 (transpose-diatonic #1 n2))	(multiply-duration 0.5 (transpose-diatonic -2 n2))
TR	rel-pitch-5-to-5	1	true	n1 n2	(and (duration>= (duration n1) 4) (not (rest? n1)) (= (note-category n1) C) (= (relative-pitch n1) 5) (duration>= (duration n2) 4) (not (rest? n2)) (= (note-category n2) C) (= (relative-pitch n2) 5) (pitch>= n1 n2))	(multiply-duration 1.0 (transpose-diatonic 1 n1))	(multiply-duration 0.5 (transpose-diatonic 1 n2))	(multiply-duration 0.5 (transpose-diatonic -2 n2))
TR	rel-pitch-5	1	true	n1	(and (duration>= (duration n1) 4) (not (rest? n1)) (= (note-category n1) C) (= (relative-pitch n1) 5))	(multiply-duration 0.25 (make-rest n1))	(multiply-duration 0.25 (transpose-diatonic -1 n1))	(multiply-duration 0.25 (transpose-diatonic 2 n1))	(multiply-duration 0.25 (transpose-diatonic 4 n1))
TR	rel-pitch-5	2	true	n1	(and (duration>= (duration n1) 4) (not (rest? n1)) (= (note-category n1) C) (= (relative-pitch n1) 5))	(multiply-duration 0.5 (transpose-diatonic -1 n1))	(multiply-duration 0.5 (transpose-diatonic 1 n1))
TR	rel-pitch-5	5	true	n1	(and (duration>= (duration n1) 4) (not (rest? n1)) (= (note-category n1) C) (= (relative-pitch n1) 5))	(multiply-duration 0.5 (transpose-diatonic 1 n1))	(multiply-duration 0.5 (transpose-diatonic -1 n1))
TR	rel-pitch-5	1	true	n1	(and (duration>= (duration n1) 4) (not (rest? n1)) (= (note-category n1) C) (= (relative-pitch n1) 5))	(multiply-duration 1.0 (transpose-diatonic 2 n1))
TR	rel-pitch-5	5	true	n1	(and (duration>= (duration n1) 4) (not (rest? n1)) (= (note-category n1) C) (= (relative-pitch n1) 5))	(multiply-duration 0.5 (transpose-diatonic 1 n1))	(multiply-duration 0.5 (transpose-diatonic 2 n1))
TR	rel-pitch-5	1	true	n1	(and (duration>= (duration n1) 4) (not (rest? n1)) (= (note-category n1) C) (= (relative-pitch n1) 5))	(multiply-duration 0.5 (transpose-diatonic -1 n1))	(multiply-duration 0.5 (transpose-diatonic 2 n1))
TR	rel-pitch-5	3	true	n1	(and (duration>= (duration n1) 4) (not (rest? n1)) (= (note-category n1) C) (= (relative-pitch n1) 5))	(multiply-duration 0.5 (transpose-diatonic -2 n1))	(multiply-duration 0.5 (transpose-diatonic 2 n1))
TR	rel-pitch-5	5	true	n1	(and (duration>= (duration n1) 4) (not (rest? n1)) (= (note-category n1) C) (= (relative-pitch n1) 5))	(multiply-duration 0.3333333333333333 (transpose-diatonic b-2 n1))	(multiply-duration 0.3333333333333333 (transpose-diatonic #-1 n1))	(multiply-duration 0.3333333333333333 (transpose-diatonic 2 n1))
TR	rel-pitch-5	4	true	n1	(and (duration>= (duration n1) 4) (not (rest? n1)) (= (note-category n1) C) (= (relative-pitch n1) 5))	(multiply-duration 0.5 (transpose-diatonic -1 n1))	(multiply-duration 0.25 (transpose-diatonic 1 n1))	(multiply-duration 0.25 (transpose-diatonic -1 n1))
TR	rel-pitch-5	10	true	n1	(and (duration>= (duration n1) 4) (not (rest? n1)) (= (note-category n1) C) (= (relative-pitch n1) 5))	(multiply-duration 1.0 (transpose-diatonic 1 n1))
TR	rel-pitch-5	6	true	n1	(and (duration>= (duration n1) 4) (not (rest? n1)) (= (note-category n1) C) (= (relative-pitch n1) 5))	(multiply-duration 0.5 (transpose-diatonic 1 n1))	(multiply-duration 0.5 (transpose-diatonic -2 n1))
TR	rel-pitch-5	1	true	n1	(and (duration>= (duration n1) 4) (not (rest? n1)) (= (note-category n1) C) (= (relative-pitch n1) 5))	(multiply-duration 0.5 (transpose-diatonic -2 n1))	(multiply-duration 0.5 (transpose-diatonic 1 n1))
TR	rel-pitch-5	1	true	n1	(and (duration>= (duration n1) 4) (not (rest? n1)) (= (note-category n1) C) (= (relative-pitch n1) 5))	(multiply-duration 0.16666666666666666 (transpose-diatonic 1 n1))	(multiply-duration 0.16666666666666666 (transpose-diatonic 2 n1))	(multiply-duration 0.16666666666666666 (transpose-diatonic 1 n1))	(multiply-duration 0.5 (transpose-diatonic -2 n1))
TR	rel-pitch-5	1	true	n1	(and (duration>= (duration n1) 4) (not (rest? n1)) (= (note-category n1) C) (= (relative-pitch n1) 5))	(multiply-duration 0.5 (transpose-diatonic 1 n1))	(multiply-duration 0.25 (transpose-diatonic 3 n1))	(multiply-duration 0.25 (transpose-diatonic 1 n1))
TR	rel-pitch-5	1	true	n1	(and (duration>= (duration n1) 4) (not (rest? n1)) (= (note-category n1) C) (= (relative-pitch n1) 5))	(multiply-duration 0.5 (transpose-diatonic #1 n1))	(multiply-duration 0.5 (make-rest n1))
TR	rel-pitch-5	1	true	n1	(and (duration>= (duration n1) 4) (not (rest? n1)) (= (note-category n1) C) (= (relative-pitch n1) 5))	(multiply-duration 0.5 (make-rest n1))	(multiply-duration 0.25 (transpose-diatonic 1 n1))	(multiply-duration 0.25 (transpose-diatonic -1 n1))
TR	rel-pitch-5	1	true	n1	(and (duration>= (duration n1) 4) (not (rest? n1)) (= (note-category n1) C) (= (relative-pitch n1) 5))	(multiply-duration 0.25 (transpose-diatonic 4 n1))	(multiply-duration 0.25 (transpose-diatonic #1 n1))	(multiply-duration 0.25 (transpose-diatonic 1 n1))	(multiply-duration 0.25 (transpose-diatonic -1 n1))
TR	rel-pitch-5	1	true	n1	(and (duration>= (duration n1) 4) (not (rest? n1)) (= (note-category n1) C) (= (relative-pitch n1) 5))	(multiply-duration 0.75 (make-rest n1))	(multiply-duration 0.25 (transpose-diatonic #-1 n1))
TR	rel-pitch-5	2	true	n1	(and (duration>= (duration n1) 4) (not (rest? n1)) (= (note-category n1) C) (= (relative-pitch n1) 5))	(multiply-duration 1.0 (transpose-diatonic -1 n1))
TR	rel-pitch-5	1	true	n1	(and (duration>= (duration n1) 4) (not (rest? n1)) (= (note-category n1) C) (= (relative-pitch n1) 5))	(multiply-duration 0.5 (transpose-diatonic #-1 n1))	(multiply-duration 0.5 (transpose-diatonic 1 n1))
TR	rel-pitch-5	1	true	n1	(and (duration>= (duration n1) 4) (not (rest? n1)) (= (note-category n1) C) (= (relative-pitch n1) 5))	(multiply-duration 1.0 (transpose-diatonic #-1 n1))
TR	rel-pitch-5	1	true	n1	(and (duration>= (duration n1) 4) (not (rest? n1)) (= (note-category n1) C) (= (relative-pitch n1) 5))	(multiply-duration 0.5 (transpose-diatonic 3 n1))	(multiply-duration 0.5 (transpose-diatonic -3 n1))
TR	rel-pitch-5	1	true	n1	(and (duration>= (duration n1) 4) (not (rest? n1)) (= (note-category n1) C) (= (relative-pitch n1) 5))	(multiply-duration 0.5 (make-rest n1))	(multiply-duration 0.25 (transpose-diatonic 1 n1))	(multiply-duration 0.25 (transpose-diatonic b1 n1))
TR	rel-pitch-5	4	true	n1	(and (duration>= (duration n1) 4) (not (rest? n1)) (= (note-category n1) C) (= (relative-pitch n1) 5))	(multiply-duration 0.5 (make-rest n1))	(multiply-duration 0.5 (transpose-diatonic 1 n1))
TR	rel-pitch-5	1	true	n1	(and (duration>= (duration n1) 4) (not (rest? n1)) (= (note-category n1) C) (= (relative-pitch n1) 5))	(multiply-duration 0.5 (transpose-diatonic -1 n1))	(multiply-duration 0.5 (make-rest n1))
TR	rel-pitch-5	1	true	n1	(and (duration>= (duration n1) 4) (not (rest? n1)) (= (note-category n1) C) (= (relative-pitch n1) 5))	(multiply-duration 0.5 (transpose-diatonic 3 n1))	(multiply-duration 0.5 (transpose-diatonic -2 n1))
TR	rel-pitch-5	4	true	n1	(and (duration>= (duration n1) 4) (not (rest? n1)) (= (note-category n1) C) (= (relative-pitch n1) 5))	(multiply-duration 0.5 (transpose-diatonic 1 n1))	(multiply-duration 0.5 (make-rest n1))
TR	rel-pitch-5	1	true	n1	(and (duration>= (duration n1) 4) (not (rest? n1)) (= (note-category n1) C) (= (relative-pitch n1) 5))	(multiply-duration 0.5 (transpose-diatonic 2 n1))	(multiply-duration 0.5 (transpose-diatonic 1 n1))
TR	rel-pitch-5	1	true	n1	(and (duration>= (duration n1) 4) (not (rest? n1)) (= (note-category n1) C) (= (relative-pitch n1) 5))	(multiply-duration 0.5 (transpose-diatonic -1 n1))	(multiply-duration 0.5 (transpose-diatonic #1 n1))
TR	rel-pitch-5	1	true	n1	(and (duration>= (duration n1) 4) (not (rest? n1)) (= (note-category n1) C) (= (relative-pitch n1) 5))	(multiply-duration 0.5 (make-rest n1))	(multiply-duration 0.5 (transpose-diatonic #-1 n1))
TR	rel-pitch-5	1	true	n1	(and (duration>= (duration n1) 4) (not (rest? n1)) (= (note-category n1) C) (= (relative-pitch n1) 5))	(multiply-duration 0.5 (transpose-diatonic 1 n1))	(multiply-duration 0.25 (transpose-diatonic 2 n1))	(multiply-duration 0.25 (transpose-diatonic 1 n1))
TR	rel-pitch-5	1	true	n1	(and (duration>= (duration n1) 4) (not (rest? n1)) (= (note-category n1) C) (= (relative-pitch n1) 5))	(multiply-duration 0.5 (transpose-diatonic 1 n1))	(multiply-duration 0.5 (transpose-diatonic #-2 n1))
TR	rel-pitch-5	1	true	n1	(and (duration>= (duration n1) 4) (not (rest? n1)) (= (note-category n1) C) (= (relative-pitch n1) 5))	(multiply-duration 0.5 (transpose-diatonic 2 n1))	(multiply-duration 0.5 (transpose-diatonic -1 n1))
TR	rel-pitch-5	1	true	n1	(and (duration>= (duration n1) 4) (not (rest? n1)) (= (note-category n1) C) (= (relative-pitch n1) 5))	(multiply-duration 0.5 (transpose-diatonic #1 n1))	(multiply-duration 0.5 (transpose-diatonic #1 n1))
TR	rel-pitch-5	1	true	n1	(and (duration>= (duration n1) 4) (not (rest? n1)) (= (note-category n1) C) (= (relative-pitch n1) 5))	(multiply-duration 1.0 (transpose-diatonic #1 n1))
TR	rel-pitch-5	1	true	n1	(and (duration>= (duration n1) 4) (not (rest? n1)) (= (note-category n1) C) (= (relative-pitch n1) 5))	(multiply-duration 0.5 (transpose-diatonic #-1 n1))	(multiply-duration 0.5 (transpose-diatonic #1 n1))
TR	rel-pitch-5	2	true	n1	(and (duration>= (duration n1) 4) (not (rest? n1)) (= (note-category n1) C) (= (relative-pitch n1) 5))	(multiply-duration 0.5 (transpose-diatonic #1 n1))	(multiply-duration 0.5 (transpose-diatonic -2 n1))
TR	rel-pitch-5	1	true	n1	(and (duration>= (duration n1) 4) (not (rest? n1)) (= (note-category n1) C) (= (relative-pitch n1) 5))	(multiply-duration 0.5 (transpose-diatonic -2 n1))	(multiply-duration 0.5 (transpose-diatonic 3 n1))
SUB	quarter-first-rel-pitch-1	motif	1	true
TR	rel-pitch-1-to-rest	1	true	n1 n2	(and (duration>= (duration n1) 4) (not (rest? n1)) (= (note-category n1) C) (= (relative-pitch n1) 1) (duration>= (duration n2) 4) (rest? n2))	(multiply-duration 0.5 (transpose-diatonic 3 n1))	(multiply-duration 0.5 (transpose-diatonic 1 n1))	n2
TR	rel-pitch-1-to-1	1	true	n1 n2	(and (duration>= (duration n1) 4) (not (rest? n1)) (= (note-category n1) C) (= (relative-pitch n1) 1) (duration>= (duration n2) 4) (not (rest? n2)) (= (note-category n2) C) (= (relative-pitch n2) 1) (pitch>= n1 n2))	(multiply-duration 0.5 (transpose-diatonic 3 n1))	(multiply-duration 0.5 (transpose-diatonic -3 n1))	(multiply-duration 0.5 (transpose-diatonic 2 n2))	(multiply-duration 0.5 (transpose-diatonic 1 n2))
TR	rel-pitch-1-to-5	1	true	n1 n2	(and (duration>= (duration n1) 4) (not (rest? n1)) (= (note-category n1) C) (= (relative-pitch n1) 1) (duration>= (duration n2) 4) (not (rest? n2)) (= (note-category n2) C) (= (relative-pitch n2) 5) (pitch>= n1 n2))	(multiply-duration 0.5 (make-rest n1))	(multiply-duration 0.5 (transpose-diatonic 1 n1))	(multiply-duration 0.5 (transpose-diatonic 1 n2))	(multiply-duration 0.5 (transpose-diatonic -1 n2))
TR	rel-pitch-1-to-5	1	true	n1 n2	(and (duration>= (duration n1) 4) (not (rest? n1)) (= (note-category n1) C) (= (relative-pitch n1) 1) (duration>= (duration n2) 4) (not (rest? n2)) (= (note-category n2) C) (= (relative-pitch n2) 5) (pitch< n1 n2))	(multiply-duration 0.5 (make-rest n1))	(multiply-duration 0.25 (transpose-diatonic 1 n1))	(multiply-duration 0.25 (transpose-diatonic b2 n1))	(multiply-duration 0.5 (transpose-diatonic -1 n2))	(multiply-duration 0.5 (transpose-diatonic 1 n2))
TR	rel-pitch-1-to-1	2	true	n1 n2	(and (duration>= (duration n1) 4) (not (rest? n1)) (= (note-category n1) C) (= (relative-pitch n1) 1) (duration>= (duration n2) 4) (not (rest? n2)) (= (note-category n2) C) (= (relative-pitch n2) 1) (pitch>= n1 n2))	(multiply-duration 0.5 (transpose-diatonic 2 n1))	(multiply-duration 0.5 (transpose-diatonic -1 n1))	(multiply-duration 0.5 (transpose-diatonic 1 n2))	(multiply-duration 0.5 (transpose-diatonic 2 n2))
TR	rel-pitch-1-to-1	2	true	n1 n2	(and (duration>= (duration n1) 4) (not (rest? n1)) (= (note-category n1) C) (= (relative-pitch n1) 1) (duration>= (duration n2) 4) (not (rest? n2)) (= (note-category n2) C) (= (relative-pitch n2) 1) (pitch>= n1 n2))	(multiply-duration 1.0 (transpose-diatonic 1 n1))	(multiply-duration 0.5 (transpose-diatonic 1 n2))	(multiply-duration 0.5 (transpose-diatonic -1 n2))
TR	rel-pitch-1-to-1	2	true	n1 n2	(and (duration>= (duration n1) 4) (not (rest? n1)) (= (note-category n1) C) (= (relative-pitch n1) 1) (duration>= (duration n2) 4) (not (rest? n2)) (= (note-category n2) C) (= (relative-pitch n2) 1) (pitch>= n1 n2))	(multiply-duration 1.0 (transpose-diatonic b2 n1))	(multiply-duration 1.0 (transpose-diatonic b2 n2))
TR	rel-pitch-1-to-1	2	true	n1 n2	(and (duration>= (duration n1) 4) (not (rest? n1)) (= (note-category n1) C) (= (relative-pitch n1) 1) (duration>= (duration n2) 4) (not (rest? n2)) (= (note-category n2) C) (= (relative-pitch n2) 1) (pitch>= n1 n2))	(multiply-duration 0.5 (transpose-diatonic #-1 n1))	(multiply-duration 0.5 (transpose-diatonic #2 n1))	(multiply-duration 0.5 (transpose-diatonic 1 n2))	(multiply-duration 0.5 (transpose-diatonic -1 n2))
TR	rel-pitch-1-to-1	1	true	n1 n2	(and (duration>= (duration n1) 4) (not (rest? n1)) (= (note-category n1) C) (= (relative-pitch n1) 1) (duration>= (duration n2) 4) (not (rest? n2)) (= (note-category n2) C) (= (relative-pitch n2) 1) (pitch>= n1 n2))	(multiply-duration 1.0 (transpose-diatonic 1 n1))	(multiply-duration 0.5 (transpose-diatonic 1 n2))	(multiply-duration 0.5 (make-rest n2))
TR	rel-pitch-1-to-rest	1	true	n1 n2	(and (duration>= (duration n1) 4) (not (rest? n1)) (= (note-category n1) C) (= (relative-pitch n1) 1) (duration>= (duration n2) 4) (rest? n2))	(multiply-duration 0.5 (transpose-diatonic #-1 n1))	(multiply-duration 0.5 (make-rest n1))	n2
TR	rel-pitch-1-to-1	2	true	n1 n2	(and (duration>= (duration n1) 4) (not (rest? n1)) (= (note-category n1) C) (= (relative-pitch n1) 1) (duration>= (duration n2) 4) (not (rest? n2)) (= (note-category n2) C) (= (relative-pitch n2) 1) (pitch>= n1 n2))	(multiply-duration 0.5 (transpose-diatonic 3 n1))	(multiply-duration 0.5 (transpose-diatonic #-3 n1))	(multiply-duration 0.5 (transpose-diatonic 1 n2))	(multiply-duration 0.5 (transpose-diatonic 3 n2))
TR	rel-pitch-1-to-1	2	true	n1 n2	(and (duration>= (duration n1) 4) (not (rest? n1)) (= (note-category n1) C) (= (relative-pitch n1) 1) (duration>= (duration n2) 4) (not (rest? n2)) (= (note-category n2) C) (= (relative-pitch n2) 1) (pitch>= n1 n2))	(multiply-duration 0.5 (transpose-diatonic b2 n1))	(multiply-duration 0.5 (transpose-diatonic #-1 n1))	(multiply-duration 0.5 (transpose-diatonic 1 n2))	(multiply-duration 0.5 (transpose-diatonic -1 n2))
TR	rel-pitch-1-to-5	1	true	n1 n2	(and (duration>= (duration n1) 4) (not (rest? n1)) (= (note-category n1) C) (= (relative-pitch n1) 1) (duration>= (duration n2) 4) (not (rest? n2)) (= (note-category n2) C) (= (relative-pitch n2) 5) (pitch< n1 n2))	(multiply-duration 0.5 (make-rest n1))	(multiply-duration 0.5 (transpose-diatonic 1 n1))	(multiply-duration 0.5 (transpose-diatonic -2 n2))	(multiply-duration 0.5 (transpose-diatonic 1 n2))
TR	rel-pitch-1-to-1	1	true	n1 n2	(and (duration>= (duration n1) 4) (not (rest? n1)) (= (note-category n1) C) (= (relative-pitch n1) 1) (duration>= (duration n2) 4) (not (rest? n2)) (= (note-category n2) C) (= (relative-pitch n2) 1) (pitch>= n1 n2))	(multiply-duration 1.0 (transpose-diatonic 1 n1))	(multiply-duration 1.0 (transpose-diatonic 1 n2))
TR	rel-pitch-1-to-3	1	true	n1 n2	(and (duration>= (duration n1) 4) (not (rest? n1)) (= (note-category n1) C) (= (relative-pitch n1) 1) (duration>= (duration n2) 4) (not (rest? n2)) (= (note-category n2) C) (= (relative-pitch n2) 3) (pitch< n1 n2))	(multiply-duration 0.5 (transpose-diatonic 3 n1))	(multiply-duration 0.5 (transpose-diatonic 1 n1))	(multiply-duration 0.5 (transpose-diatonic -1 n2))	(multiply-duration 0.5 (transpose-diatonic 2 n2))
TR	rel-pitch-1-to-1	1	true	n1 n2	(and (duration>= (duration n1) 4) (not (rest? n1)) (= (note-category n1) C) (= (relative-pitch n1) 1) (duration>= (duration n2) 4) (not (rest? n2)) (= (note-category n2) C) (= (relative-pitch n2) 1) (pitch>= n1 n2))	(multiply-duration 0.5 (transpose-diatonic 3 n1))	(multiply-duration 0.5 (transpose-diatonic 1 n1))	(multiply-duration 0.5 (transpose-diatonic #-1 n2))	(multiply-duration 0.5 (make-rest n2))
TR	rel-pitch-1-to-7	1	true	n1 n2	(and (duration>= (duration n1) 4) (not (rest? n1)) (= (note-category n1) C) (= (relative-pitch n1) 1) (duration>= (duration n2) 4) (not (rest? n2)) (= (note-category n2) C) (= (relative-pitch n2) 7) (pitch>= n1 n2))	(multiply-duration 0.5 (transpose-diatonic b2 n1))	(multiply-duration 0.5 (transpose-diatonic #-1 n1))	(multiply-duration 0.5 (transpose-diatonic -2 n2))	(multiply-duration 0.5 (transpose-diatonic #1 n2))
TR	rel-pitch-1-to-5	1	true	n1 n2	(and (duration>= (duration n1) 4) (not (rest? n1)) (= (note-category n1) C) (= (relative-pitch n1) 1) (duration>= (duration n2) 4) (not (rest? n2)) (= (note-category n2) C) (= (relative-pitch n2) 5) (pitch>= n1 n2))	(multiply-duration 0.5 (transpose-diatonic 1 n1))	(multiply-duration 0.5 (make-rest n1))	(multiply-duration 1.0 (transpose-diatonic 1 n2))
TR	rel-pitch-1-to-b3	1	true	n1 n2	(and (duration>= (duration n1) 4) (not (rest? n1)) (= (note-category n1) C) (= (relative-pitch n1) 1) (duration>= (duration n2) 4) (not (rest? n2)) (= (note-category n2) C) (= (relative-pitch n2) b3) (pitch< n1 n2))	(multiply-duration 0.5 (make-rest n1))	(multiply-duration 0.5 (transpose-diatonic 1 n1))	(multiply-duration 0.5 (transpose-diatonic #-1 n2))	(multiply-duration 0.5 (transpose-diatonic #1 n2))
TR	rel-pitch-1-to-1	1	true	n1 n2	(and (duration>= (duration n1) 4) (not (rest? n1)) (= (note-category n1) C) (= (relative-pitch n1) 1) (duration>= (duration n2) 4) (not (rest? n2)) (= (note-category n2) C) (= (relative-pitch n2) 1) (pitch>= n1 n2))	(multiply-duration 0.5 (transpose-diatonic #-1 n1))	(multiply-duration 0.5 (transpose-diatonic 1 n1))	(multiply-duration 1.0 (transpose-diatonic 1 n2))
TR	rel-pitch-1-to-1	1	true	n1 n2	(and (duration>= (duration n1) 4) (not (rest? n1)) (= (note-category n1) C) (= (relative-pitch n1) 1) (duration>= (duration n2) 4) (not (rest? n2)) (= (note-category n2) C) (= (relative-pitch n2) 1) (pitch>= n1 n2))	(multiply-duration 1.0 (transpose-diatonic 1 n1))	(multiply-duration 1.0 (transpose-diatonic #-1 n2))
TR	rel-pitch-1-to-1	1	true	n1 n2	(and (duration>= (duration n1) 4) (not (rest? n1)) (= (note-category n1) C) (= (relative-pitch n1) 1) (duration>= (duration n2) 4) (not (rest? n2)) (= (note-category n2) C) (= (relative-pitch n2) 1) (pitch>= n1 n2))	(multiply-duration 0.5 (transpose-diatonic 1 n1))	(multiply-duration 0.5 (transpose-diatonic -1 n1))	(multiply-duration 0.3333333333333333 (transpose-diatonic #-2 n2))	(multiply-duration 0.3333333333333333 (transpose-diatonic 1 n2))	(multiply-duration 0.3333333333333333 (transpose-diatonic 3 n2))
TR	rel-pitch-1-to-1	1	true	n1 n2	(and (duration>= (duration n1) 4) (not (rest? n1)) (= (note-category n1) C) (= (relative-pitch n1) 1) (duration>= (duration n2) 4) (not (rest? n2)) (= (note-category n2) C) (= (relative-pitch n2) 1) (pitch>= n1 n2))	(multiply-duration 0.5 (transpose-diatonic 2 n1))	(multiply-duration 0.5 (transpose-diatonic b2 n1))	(multiply-duration 0.5 (transpose-diatonic 1 n2))	(multiply-duration 0.5 (transpose-diatonic #-1 n2))
TR	rel-pitch-1-to-1	1	true	n1 n2	(and (duration>= (duration n1) 4) (not (rest? n1)) (= (note-category n1) C) (= (relative-pitch n1) 1) (duration>= (duration n2) 4) (not (rest? n2)) (= (note-category n2) C) (= (relative-pitch n2) 1) (pitch>= n1 n2))	(multiply-duration 1.0 (transpose-diatonic b2 n1))	(multiply-duration 0.5 (transpose-diatonic b2 n2))	(multiply-duration 0.5 (make-rest n2))
TR	rel-pitch-1-to-rest	1	true	n1 n2	(and (duration>= (duration n1) 4) (not (rest? n1)) (= (note-category n1) C) (= (relative-pitch n1) 1) (duration>= (duration n2) 4) (rest? n2))	(multiply-duration 0.5 (transpose-diatonic -1 n1))	(multiply-duration 0.5 (transpose-diatonic 2 n1))	n2
TR	rel-pitch-1-to-rest	1	true	n1 n2	(and (duration>= (duration n1) 4) (not (rest? n1)) (= (note-category n1) C) (= (relative-pitch n1) 1) (duration>= (duration n2) 4) (rest? n2))	(multiply-duration 0.5 (transpose-diatonic b2 n1))	(multiply-duration 0.5 (make-rest n1))	n2
TR	rel-pitch-1-to-1	1	true	n1 n2	(and (duration>= (duration n1) 4) (not (rest? n1)) (= (note-category n1) C) (= (relative-pitch n1) 1) (duration>= (duration n2) 4) (not (rest? n2)) (= (note-category n2) C) (= (relative-pitch n2) 1) (pitch>= n1 n2))	(multiply-duration 0.16666666666666666 (transpose-diatonic 2 n1))	(multiply-duration 0.16666666666666666 (transpose-diatonic 3 n1))	(multiply-duration 0.16666666666666666 (transpose-diatonic 2 n1))	(multiply-duration 0.5 (transpose-diatonic -1 n1))	(multiply-duration 0.5 (transpose-diatonic 1 n2))	(multiply-duration 0.5 (transpose-diatonic 2 n2))
TR	rel-pitch-1-to-3	2	true	n1 n2	(and (duration>= (duration n1) 4) (not (rest? n1)) (= (note-category n1) C) (= (relative-pitch n1) 1) (duration>= (duration n2) 4) (not (rest? n2)) (= (note-category n2) C) (= (relative-pitch n2) 3) (pitch< n1 n2))	(multiply-duration 0.5 (transpose-diatonic 1 n1))	(multiply-duration 0.5 (transpose-diatonic 2 n1))	(multiply-duration 0.5 (transpose-diatonic 1 n2))	(multiply-duration 0.5 (transpose-diatonic 2 n2))
TR	rel-pitch-1-to-3	1	true	n1 n2	(and (duration>= (duration n1) 4) (not (rest? n1)) (= (note-category n1) C) (= (relative-pitch n1) 1) (duration>= (duration n2) 4) (not (rest? n2)) (= (note-category n2) C) (= (relative-pitch n2) 3) (pitch< n1 n2))	(multiply-duration 0.5 (transpose-diatonic 1 n1))	(multiply-duration 0.5 (transpose-diatonic #2 n1))	(multiply-duration 0.5 (transpose-diatonic 1 n2))	(multiply-duration 0.5 (transpose-diatonic 2 n2))
TR	rel-pitch-1-to-1	1	true	n1 n2	(and (duration>= (duration n1) 4) (not (rest? n1)) (= (note-category n1) C) (= (relative-pitch n1) 1) (duration>= (duration n2) 4) (not (rest? n2)) (= (note-category n2) C) (= (relative-pitch n2) 1) (pitch>= n1 n2))	(multiply-duration 1.0 (transpose-diatonic -1 n1))	(multiply-duration 0.5 (transpose-diatonic 2 n2))	(multiply-duration 0.5 (transpose-diatonic -1 n2))
TR	rel-pitch-1-to-3	1	true	n1 n2	(and (duration>= (duration n1) 4) (not (rest? n1)) (= (note-category n1) C) (= (relative-pitch n1) 1) (duration>= (duration n2) 4) (not (rest? n2)) (= (note-category n2) C) (= (relative-pitch n2) 3) (pitch< n1 n2))	(multiply-duration 0.5 (transpose-diatonic 2 n1))	(multiply-duration 0.5 (transpose-diatonic #2 n1))	(multiply-duration 0.5 (transpose-diatonic 2 n2))	(multiply-duration 0.5 (transpose-diatonic #1 n2))
TR	rel-pitch-1-to-1	1	true	n1 n2	(and (duration>= (duration n1) 4) (not (rest? n1)) (= (note-category n1) C) (= (relative-pitch n1) 1) (duration>= (duration n2) 4) (not (rest? n2)) (= (note-category n2) C) (= (relative-pitch n2) 1) (pitch>= n1 n2))	(multiply-duration 1.0 (transpose-diatonic b2 n1))	(multiply-duration 0.5 (transpose-diatonic 1 n2))	(multiply-duration 0.5 (make-rest n2))
TR	rel-pitch-1	1	true	n1	(and (duration>= (duration n1) 4) (not (rest? n1)) (= (note-category n1) C) (= (relative-pitch n1) 1))	(multiply-duration 0.5 (transpose-diatonic 2 n1))	(multiply-duration 0.5 (transpose-diatonic 1 n1))
TR	rel-pitch-1	1	true	n1	(and (duration>= (duration n1) 4) (not (rest? n1)) (= (note-category n1) C) (= (relative-pitch n1) 1))	(multiply-duration 0.5 (transpose-diatonic 3 n1))	(multiply-duration 0.5 (transpose-diatonic -3 n1))
TR	rel-pitch-1	1	true	n1	(and (duration>= (duration n1) 4) (not (rest? n1)) (= (note-category n1) C) (= (relative-pitch n1) 1))	(multiply-duration 0.5 (transpose-diatonic #-2 n1))	(multiply-duration 0.5 (transpose-diatonic 4 n1))
TR	rel-pitch-1	1	true	n1	(and (duration>= (duration n1) 4) (not (rest? n1)) (= (note-category n1) C) (= (relative-pitch n1) 1))	(multiply-duration 0.5 (make-rest n1))	(multiply-duration 0.25 (transpose-diatonic 1 n1))	(multiply-duration 0.25 (transpose-diatonic b2 n1))
TR	rel-pitch-1	8	true	n1	(and (duration>= (duration n1) 4) (not (rest? n1)) (= (note-category n1) C) (= (relative-pitch n1) 1))	(multiply-duration 0.5 (transpose-diatonic 1 n1))	(multiply-duration 0.5 (transpose-diatonic 2 n1))
TR	rel-pitch-1	3	true	n1	(and (duration>= (duration n1) 4) (not (rest? n1)) (= (note-category n1) C) (= (relative-pitch n1) 1))	(multiply-duration 0.5 (transpose-diatonic 2 n1))	(multiply-duration 0.5 (transpose-diatonic -1 n1))
TR	rel-pitch-1	6	true	n1	(and (duration>= (duration n1) 4) (not (rest? n1)) (= (note-category n1) C) (= (relative-pitch n1) 1))	(multiply-duration 1.0 (transpose-diatonic b2 n1))
TR	rel-pitch-1	2	true	n1	(and (duration>= (duration n1) 4) (not (rest? n1)) (= (note-category n1) C) (= (relative-pitch n1) 1))	(multiply-duration 0.5 (transpose-diatonic #-1 n1))	(multiply-duration 0.5 (transpose-diatonic #2 n1))
TR	rel-pitch-1	1	true	n1	(and (duration>= (duration n1) 4) (not (rest? n1)) (= (note-category n1) C) (= (relative-pitch n1) 1))	(multiply-duration 0.5 (transpose-diatonic #-1 n1))	(multiply-duration 0.25 (transpose-diatonic 1 n1))	(multiply-duration 0.25 (transpose-diatonic #-1 n1))
TR	rel-pitch-1	10	true	n1	(and (duration>= (duration n1) 4) (not (rest? n1)) (= (note-category n1) C) (= (relative-pitch n1) 1))	(multiply-duration 1.0 (transpose-diatonic 1 n1))
TR	rel-pitch-1	4	true	n1	(and (duration>= (duration n1) 4) (not (rest? n1)) (= (note-category n1) C) (= (relative-pitch n1) 1))	(multiply-duration 0.5 (transpose-diatonic b2 n1))	(multiply-duration 0.5 (make-rest n1))
TR	rel-pitch-1	5	true	n1	(and (duration>= (duration n1) 4) (not (rest? n1)) (= (note-category n1) C) (= (relative-pitch n1) 1))	(multiply-duration 0.5 (transpose-diatonic 1 n1))	(multiply-duration 0.5 (make-rest n1))
TR	rel-pitch-1	2	true	n1	(and (duration>= (duration n1) 4) (not (rest? n1)) (= (note-category n1) C) (= (relative-pitch n1) 1))	(multiply-duration 0.5 (transpose-diatonic #-1 n1))	(multiply-duration 0.5 (make-rest n1))
TR	rel-pitch-1	2	true	n1	(and (duration>= (duration n1) 4) (not (rest? n1)) (= (note-category n1) C) (= (relative-pitch n1) 1))	(multiply-duration 0.5 (transpose-diatonic 1 n1))	(multiply-duration 0.5 (transpose-diatonic 3 n1))
TR	rel-pitch-1	2	true	n1	(and (duration>= (duration n1) 4) (not (rest? n1)) (= (note-category n1) C) (= (relative-pitch n1) 1))	(multiply-duration 0.5 (transpose-diatonic 3 n1))	(multiply-duration 0.5 (transpose-diatonic #-3 n1))
TR	rel-pitch-1	11	true	n1	(and (duration>= (duration n1) 4) (not (rest? n1)) (= (note-category n1) C) (= (relative-pitch n1) 1))	(multiply-duration 0.5 (transpose-diatonic 1 n1))	(multiply-duration 0.5 (transpose-diatonic -1 n1))
TR	rel-pitch-1	3	true	n1	(and (duration>= (duration n1) 4) (not (rest? n1)) (= (note-category n1) C) (= (relative-pitch n1) 1))	(multiply-duration 0.5 (transpose-diatonic b2 n1))	(multiply-duration 0.5 (transpose-diatonic #-1 n1))
TR	rel-pitch-1	3	true	n1	(and (duration>= (duration n1) 4) (not (rest? n1)) (= (note-category n1) C) (= (relative-pitch n1) 1))	(multiply-duration 0.5 (make-rest n1))	(multiply-duration 0.5 (transpose-diatonic 1 n1))
TR	rel-pitch-1	4	true	n1	(and (duration>= (duration n1) 4) (not (rest? n1)) (= (note-category n1) C) (= (relative-pitch n1) 1))	(multiply-duration 0.5 (transpose-diatonic 3 n1))	(multiply-duration 0.5 (transpose-diatonic 1 n1))
TR	rel-pitch-1	1	true	n1	(and (duration>= (duration n1) 4) (not (rest? n1)) (= (note-category n1) C) (= (relative-pitch n1) 1))	(multiply-duration 0.25 (transpose-diatonic 1 n1))	(multiply-duration 0.25 (transpose-diatonic b2 n1))	(multiply-duration 0.25 (transpose-diatonic 2 n1))	(multiply-duration 0.25 (transpose-diatonic 1 n1))
TR	rel-pitch-1	1	true	n1	(and (duration>= (duration n1) 4) (not (rest? n1)) (= (note-category n1) C) (= (relative-pitch n1) 1))	(multiply-duration 0.5 (transpose-diatonic #-1 n1))	(multiply-duration 0.5 (transpose-diatonic 1 n1))
TR	rel-pitch-1	1	true	n1	(and (duration>= (duration n1) 4) (not (rest? n1)) (= (note-category n1) C) (= (relative-pitch n1) 1))	(multiply-duration 1.0 (transpose-diatonic #-1 n1))
TR	rel-pitch-1	1	true	n1	(and (duration>= (duration n1) 4) (not (rest? n1)) (= (note-category n1) C) (= (relative-pitch n1) 1))	(multiply-duration 0.3333333333333333 (transpose-diatonic #-2 n1))	(multiply-duration 0.3333333333333333 (transpose-diatonic 1 n1))	(multiply-duration 0.3333333333333333 (transpose-diatonic 3 n1))
TR	rel-pitch-1	2	true	n1	(and (duration>= (duration n1) 4) (not (rest? n1)) (= (note-category n1) C) (= (relative-pitch n1) 1))	(multiply-duration 0.5 (transpose-diatonic -2 n1))	(multiply-duration 0.5 (transpose-diatonic -1 n1))
TR	rel-pitch-1	1	true	n1	(and (duration>= (duration n1) 4) (not (rest? n1)) (= (note-category n1) C) (= (relative-pitch n1) 1))	(multiply-duration 0.16666666666666666 (transpose-diatonic 1 n1))	(multiply-duration 0.16666666666666666 (transpose-diatonic 2 n1))	(multiply-duration 0.16666666666666666 (transpose-diatonic 1 n1))	(multiply-duration 0.5 (transpose-diatonic -1 n1))
TR	rel-pitch-1	1	true	n1	(and (duration>= (duration n1) 4) (not (rest? n1)) (= (note-category n1) C) (= (relative-pitch n1) 1))	(multiply-duration 0.5 (transpose-diatonic 2 n1))	(multiply-duration 0.5 (transpose-diatonic b2 n1))
TR	rel-pitch-1	3	true	n1	(and (duration>= (duration n1) 4) (not (rest? n1)) (= (note-category n1) C) (= (relative-pitch n1) 1))	(multiply-duration 0.5 (transpose-diatonic 1 n1))	(multiply-duration 0.5 (transpose-diatonic #-1 n1))
TR	rel-pitch-1	2	true	n1	(and (duration>= (duration n1) 4) (not (rest? n1)) (= (note-category n1) C) (= (relative-pitch n1) 1))	(multiply-duration 0.5 (transpose-diatonic -1 n1))	(multiply-duration 0.5 (transpose-diatonic 2 n1))
TR	rel-pitch-1	1	true	n1	(and (duration>= (duration n1) 4) (not (rest? n1)) (= (note-category n1) C) (= (relative-pitch n1) 1))	(multiply-duration 0.3333333333333333 (transpose-diatonic -2 n1))	(multiply-duration 0.3333333333333333 (transpose-diatonic 1 n1))	(multiply-duration 0.3333333333333333 (transpose-diatonic 3 n1))
TR	rel-pitch-1	1	true	n1	(and (duration>= (duration n1) 4) (not (rest? n1)) (= (note-category n1) C) (= (relative-pitch n1) 1))	(multiply-duration 0.16666666666666666 (transpose-diatonic 2 n1))	(multiply-duration 0.16666666666666666 (transpose-diatonic 3 n1))	(multiply-duration 0.16666666666666666 (transpose-diatonic 2 n1))	(multiply-duration 0.5 (transpose-diatonic -1 n1))
TR	rel-pitch-1	1	true	n1	(and (duration>= (duration n1) 4) (not (rest? n1)) (= (note-category n1) C) (= (relative-pitch n1) 1))	(multiply-duration 0.5 (transpose-diatonic 1 n1))	(multiply-duration 0.5 (transpose-diatonic #2 n1))
TR	rel-pitch-1	1	true	n1	(and (duration>= (duration n1) 4) (not (rest? n1)) (= (note-category n1) C) (= (relative-pitch n1) 1))	(multiply-duration 0.5 (transpose-diatonic -2 n1))	(multiply-duration 0.5 (transpose-diatonic b2 n1))
TR	rel-pitch-1	1	true	n1	(and (duration>= (duration n1) 4) (not (rest? n1)) (= (note-category n1) C) (= (relative-pitch n1) 1))	(multiply-duration 1.0 (transpose-diatonic -1 n1))
TR	rel-pitch-1	1	true	n1	(and (duration>= (duration n1) 4) (not (rest? n1)) (= (note-category n1) C) (= (relative-pitch n1) 1))	(multiply-duration 0.5 (transpose-diatonic 2 n1))	(multiply-duration 0.5 (transpose-diatonic #2 n1))
SUB	quarter-first-rel-pitch-3	motif	1	true
TR	rel-pitch-3-to-3	1	true	n1 n2	(and (duration>= (duration n1) 4) (not (rest? n1)) (= (note-category n1) C) (= (relative-pitch n1) 3) (duration>= (duration n2) 4) (not (rest? n2)) (= (note-category n2) C) (= (relative-pitch n2) 3) (pitch>= n1 n2))	(multiply-duration 0.5 (transpose-diatonic 1 n1))	(multiply-duration 0.5 (transpose-diatonic b1 n1))	(multiply-duration 1.0 (transpose-diatonic b1 n2))
TR	rel-pitch-3-to-1	1	true	n1 n2	(and (duration>= (duration n1) 4) (not (rest? n1)) (= (note-category n1) C) (= (relative-pitch n1) 3) (duration>= (duration n2) 4) (not (rest? n2)) (= (note-category n2) C) (= (relative-pitch n2) 1) (pitch>= n1 n2))	(multiply-duration 1.0 (transpose-diatonic 1 n1))	(multiply-duration 0.5 (transpose-diatonic 3 n2))	(multiply-duration 0.5 (transpose-diatonic 1 n2))
TR	rel-pitch-3-to-rest	2	true	n1 n2	(and (duration>= (duration n1) 4) (not (rest? n1)) (= (note-category n1) C) (= (relative-pitch n1) 3) (duration>= (duration n2) 4) (rest? n2))	(multiply-duration 0.5 (transpose-diatonic 1 n1))	(multiply-duration 0.5 (make-rest n1))	n2
TR	rel-pitch-3-to-1	1	true	n1 n2	(and (duration>= (duration n1) 4) (not (rest? n1)) (= (note-category n1) C) (= (relative-pitch n1) 3) (duration>= (duration n2) 4) (not (rest? n2)) (= (note-category n2) C) (= (relative-pitch n2) 1) (pitch>= n1 n2))	(multiply-duration 1.0 (transpose-diatonic -1 n1))	(multiply-duration 0.5 (transpose-diatonic 1 n2))	(multiply-duration 0.5 (transpose-diatonic -1 n2))
TR	rel-pitch-3-to-5	2	true	n1 n2	(and (duration>= (duration n1) 4) (not (rest? n1)) (= (note-category n1) C) (= (relative-pitch n1) 3) (duration>= (duration n2) 4) (not (rest? n2)) (= (note-category n2) C) (= (relative-pitch n2) 5) (pitch< n1 n2))	(multiply-duration 0.5 (transpose-diatonic 1 n1))	(multiply-duration 0.5 (transpose-diatonic 2 n1))	(multiply-duration 0.5 (transpose-diatonic 1 n2))	(multiply-duration 0.5 (transpose-diatonic -2 n2))
TR	rel-pitch-3-to-1	1	true	n1 n2	(and (duration>= (duration n1) 4) (not (rest? n1)) (= (note-category n1) C) (= (relative-pitch n1) 3) (duration>= (duration n2) 4) (not (rest? n2)) (= (note-category n2) C) (= (relative-pitch n2) 1) (pitch>= n1 n2))	(multiply-duration 0.5 (transpose-diatonic 2 n1))	(multiply-duration 0.5 (transpose-diatonic b1 n1))	(multiply-duration 0.5 (transpose-diatonic b2 n2))	(multiply-duration 0.5 (make-rest n2))
TR	rel-pitch-3-to-7	1	true	n1 n2	(and (duration>= (duration n1) 4) (not (rest? n1)) (= (note-category n1) C) (= (relative-pitch n1) 3) (duration>= (duration n2) 4) (not (rest? n2)) (= (note-category n2) C) (= (relative-pitch n2) 7) (pitch< n1 n2))	(multiply-duration 0.5 (make-rest n1))	(multiply-duration 0.5 (transpose-diatonic 1 n1))	(multiply-duration 0.5 (transpose-diatonic 2 n2))	(multiply-duration 0.5 (transpose-diatonic -1 n2))
TR	rel-pitch-3-to-5	1	true	n1 n2	(and (duration>= (duration n1) 4) (not (rest? n1)) (= (note-category n1) C) (= (relative-pitch n1) 3) (duration>= (duration n2) 4) (not (rest? n2)) (= (note-category n2) C) (= (relative-pitch n2) 5) (pitch< n1 n2))	(multiply-duration 0.5 (transpose-diatonic 2 n1))	(multiply-duration 0.5 (transpose-diatonic -1 n1))	(multiply-duration 0.5 (transpose-diatonic -2 n2))	(multiply-duration 0.5 (transpose-diatonic 2 n2))
TR	rel-pitch-3-to-5	4	true	n1 n2	(and (duration>= (duration n1) 4) (not (rest? n1)) (= (note-category n1) C) (= (relative-pitch n1) 3) (duration>= (duration n2) 4) (not (rest? n2)) (= (note-category n2) C) (= (relative-pitch n2) 5) (pitch< n1 n2))	(multiply-duration 0.5 (transpose-diatonic #2 n1))	(multiply-duration 0.5 (transpose-diatonic 1 n1))	(multiply-duration 0.3333333333333333 (transpose-diatonic b-2 n2))	(multiply-duration 0.3333333333333333 (transpose-diatonic #-1 n2))	(multiply-duration 0.3333333333333333 (transpose-diatonic 2 n2))
TR	rel-pitch-3-to-3	1	true	n1 n2	(and (duration>= (duration n1) 4) (not (rest? n1)) (= (note-category n1) C) (= (relative-pitch n1) 3) (duration>= (duration n2) 4) (not (rest? n2)) (= (note-category n2) C) (= (relative-pitch n2) 3) (pitch>= n1 n2))	(multiply-duration 0.5 (transpose-diatonic 1 n1))	(multiply-duration 0.5 (make-rest n1))	(multiply-duration 1.0 (transpose-diatonic 2 n2))
TR	rel-pitch-3-to-7	1	true	n1 n2	(and (duration>= (duration n1) 4) (not (rest? n1)) (= (note-category n1) C) (= (relative-pitch n1) 3) (duration>= (duration n2) 4) (not (rest? n2)) (= (note-category n2) C) (= (relative-pitch n2) 7) (pitch< n1 n2))	(multiply-duration 0.5 (transpose-diatonic 2 n1))	(multiply-duration 0.5 (transpose-diatonic -1 n1))	(multiply-duration 0.5 (transpose-diatonic -4 n2))	(multiply-duration 0.5 (transpose-diatonic b4 n2))
TR	rel-pitch-3-to-3	1	true	n1 n2	(and (duration>= (duration n1) 4) (not (rest? n1)) (= (note-category n1) C) (= (relative-pitch n1) 3) (duration>= (duration n2) 4) (not (rest? n2)) (= (note-category n2) C) (= (relative-pitch n2) 3) (pitch>= n1 n2))	(multiply-duration 0.5 (transpose-diatonic 2 n1))	(multiply-duration 0.25 (transpose-diatonic 3 n1))	(multiply-duration 0.25 (transpose-diatonic 2 n1))	(multiply-duration 0.5 (transpose-diatonic 1 n2))	(multiply-duration 0.5 (transpose-diatonic 1 n2))
TR	rel-pitch-3-to-7	1	true	n1 n2	(and (duration>= (duration n1) 4) (not (rest? n1)) (= (note-category n1) C) (= (relative-pitch n1) 3) (duration>= (duration n2) 4) (not (rest? n2)) (= (note-category n2) C) (= (relative-pitch n2) 7) (pitch>= n1 n2))	(multiply-duration 0.5 (transpose-diatonic 1 n1))	(multiply-duration 0.5 (transpose-diatonic -1 n1))	(multiply-duration 0.5 (transpose-diatonic 2 n2))	(multiply-duration 0.5 (transpose-diatonic -1 n2))
TR	rel-pitch-3-to-5	1	true	n1 n2	(and (duration>= (duration n1) 4) (not (rest? n1)) (= (note-category n1) C) (= (relative-pitch n1) 3) (duration>= (duration n2) 4) (not (rest? n2)) (= (note-category n2) C) (= (relative-pitch n2) 5) (pitch< n1 n2))	(multiply-duration 0.5 (transpose-diatonic 3 n1))	(multiply-duration 0.5 (transpose-diatonic 1 n1))	(multiply-duration 0.5 (transpose-diatonic 1 n2))	(multiply-duration 0.5 (transpose-diatonic 2 n2))
TR	rel-pitch-3-to-3	1	true	n1 n2	(and (duration>= (duration n1) 4) (not (rest? n1)) (= (note-category n1) C) (= (relative-pitch n1) 3) (duration>= (duration n2) 4) (not (rest? n2)) (= (note-category n2) C) (= (relative-pitch n2) 3) (pitch>= n1 n2))	(multiply-duration 1.0 (transpose-diatonic 1 n1))	(multiply-duration 0.5 (transpose-diatonic 1 n2))	(multiply-duration 0.5 (transpose-diatonic -1 n2))
TR	rel-pitch-3-to-rest	2	true	n1 n2	(and (duration>= (duration n1) 4) (not (rest? n1)) (= (note-category n1) C) (= (relative-pitch n1) 3) (duration>= (duration n2) 4) (rest? n2))	(multiply-duration 1.0 (transpose-diatonic 1 n1))	n2
TR	rel-pitch-3-to-1	1	true	n1 n2	(and (duration>= (duration n1) 4) (not (rest? n1)) (= (note-category n1) C) (= (relative-pitch n1) 3) (duration>= (duration n2) 4) (not (rest? n2)) (= (note-category n2) C) (= (relative-pitch n2) 1) (pitch>= n1 n2))	(multiply-duration 0.5 (transpose-diatonic -1 n1))	(multiply-duration 0.25 (transpose-diatonic 1 n1))	(multiply-duration 0.25 (transpose-diatonic -1 n1))	(multiply-duration 0.5 (transpose-diatonic 1 n2))	(multiply-duration 0.5 (make-rest n2))
TR	rel-pitch-3-to-5	1	true	n1 n2	(and (duration>= (duration n1) 4) (not (rest? n1)) (= (note-category n1) C) (= (relative-pitch n1) 3) (duration>= (duration n2) 4) (not (rest? n2)) (= (note-category n2) C) (= (relative-pitch n2) 5) (pitch>= n1 n2))	(multiply-duration 0.25 (transpose-diatonic 3 n1))	(multiply-duration 0.25 (transpose-diatonic 2 n1))	(multiply-duration 0.25 (transpose-diatonic 1 n1))	(multiply-duration 0.25 (transpose-diatonic -1 n1))	(multiply-duration 0.25 (transpose-diatonic 4 n2))	(multiply-duration 0.25 (transpose-diatonic #1 n2))	(multiply-duration 0.25 (transpose-diatonic 1 n2))	(multiply-duration 0.25 (transpose-diatonic -1 n2))
TR	rel-pitch-3-to-3	1	true	n1 n2	(and (duration>= (duration n1) 4) (not (rest? n1)) (= (note-category n1) C) (= (relative-pitch n1) 3) (duration>= (duration n2) 4) (not (rest? n2)) (= (note-category n2) C) (= (relative-pitch n2) 3) (pitch>= n1 n2))	(multiply-duration 0.25 (transpose-diatonic 2 n1))	(multiply-duration 0.25 (transpose-diatonic 1 n1))	(multiply-duration 0.25 (transpose-diatonic -1 n1))	(multiply-duration 0.25 (transpose-diatonic -2 n1))	(multiply-duration 0.25 (transpose-diatonic -3 n2))	(multiply-duration 0.25 (transpose-diatonic -1 n2))	(multiply-duration 0.25 (transpose-diatonic 2 n2))	(multiply-duration 0.25 (transpose-diatonic #3 n2))
TR	rel-pitch-3-to-1	1	true	n1 n2	(and (duration>= (duration n1) 4) (not (rest? n1)) (= (note-category n1) C) (= (relative-pitch n1) 3) (duration>= (duration n2) 4) (not (rest? n2)) (= (note-category n2) C) (= (relative-pitch n2) 1) (pitch>= n1 n2))	(multiply-duration 0.25 (transpose-diatonic 2 n1))	(multiply-duration 0.25 (transpose-diatonic -1 n1))	(multiply-duration 0.25 (transpose-diatonic b1 n1))	(multiply-duration 0.25 (transpose-diatonic 1 n1))	(multiply-duration 0.25 (transpose-diatonic 1 n2))	(multiply-duration 0.25 (transpose-diatonic b2 n2))	(multiply-duration 0.25 (transpose-diatonic 2 n2))	(multiply-duration 0.25 (transpose-diatonic 1 n2))
TR	rel-pitch-3-to-rest	1	true	n1 n2	(and (duration>= (duration n1) 4) (not (rest? n1)) (= (note-category n1) C) (= (relative-pitch n1) 3) (duration>= (duration n2) 4) (rest? n2))	(multiply-duration 0.5 (transpose-diatonic #2 n1))	(multiply-duration 0.5 (transpose-diatonic b1 n1))	n2
TR	rel-pitch-3-to-rest	1	true	n1 n2	(and (duration>= (duration n1) 4) (not (rest? n1)) (= (note-category n1) C) (= (relative-pitch n1) 3) (duration>= (duration n2) 4) (rest? n2))	(multiply-duration 0.5 (transpose-diatonic #2 n1))	(multiply-duration 0.5 (transpose-diatonic b-1 n1))	n2
TR	rel-pitch-3-to-1	1	true	n1 n2	(and (duration>= (duration n1) 4) (not (rest? n1)) (= (note-category n1) C) (= (relative-pitch n1) 3) (duration>= (duration n2) 4) (not (rest? n2)) (= (note-category n2) C) (= (relative-pitch n2) 1) (pitch>= n1 n2))	(multiply-duration 1.0 (transpose-diatonic 1 n1))	(multiply-duration 0.5 (transpose-diatonic -1 n2))	(multiply-duration 0.5 (transpose-diatonic 2 n2))
TR	rel-pitch-3-to-#5	1	true	n1 n2	(and (duration>= (duration n1) 4) (not (rest? n1)) (= (note-category n1) C) (= (relative-pitch n1) 3) (duration>= (duration n2) 4) (not (rest? n2)) (= (note-category n2) C) (= (relative-pitch n2) #5) (pitch< n1 n2))	(multiply-duration 0.5 (transpose-diatonic 1 n1))	(multiply-duration 0.5 (transpose-diatonic 2 n1))	(multiply-duration 0.5 (transpose-diatonic b1 n2))	(multiply-duration 0.5 (make-rest n2))
TR	rel-pitch-3-to-rest	1	true	n1 n2	(and (duration>= (duration n1) 4) (not (rest? n1)) (= (note-category n1) C) (= (relative-pitch n1) 3) (duration>= (duration n2) 4) (rest? n2))	(multiply-duration 0.5 (transpose-diatonic 3 n1))	(multiply-duration 0.5 (transpose-diatonic 1 n1))	n2
TR	rel-pitch-3-to-3	2	true	n1 n2	(and (duration>= (duration n1) 4) (not (rest? n1)) (= (note-category n1) C) (= (relative-pitch n1) 3) (duration>= (duration n2) 4) (not (rest? n2)) (= (note-category n2) C) (= (relative-pitch n2) 3) (pitch>= n1 n2))	(multiply-duration 1.0 (transpose-diatonic b1 n1))	(multiply-duration 0.5 (transpose-diatonic b1 n2))	(multiply-duration 0.5 (transpose-diatonic b-1 n2))
TR	rel-pitch-3-to-1	1	true	n1 n2	(and (duration>= (duration n1) 4) (not (rest? n1)) (= (note-category n1) C) (= (relative-pitch n1) 3) (duration>= (duration n2) 4) (not (rest? n2)) (= (note-category n2) C) (= (relative-pitch n2) 1) (pitch>= n1 n2))	(multiply-duration 0.5 (transpose-diatonic -1 n1))	(multiply-duration 0.5 (make-rest n1))	(multiply-duration 1.0 (transpose-diatonic 1 n2))
TR	rel-pitch-3-to-3	1	true	n1 n2	(and (duration>= (duration n1) 4) (not (rest? n1)) (= (note-category n1) C) (= (relative-pitch n1) 3) (duration>= (duration n2) 4) (not (rest? n2)) (= (note-category n2) C) (= (relative-pitch n2) 3) (pitch>= n1 n2))	(multiply-duration 1.0 (transpose-diatonic 1 n1))	(multiply-duration 0.5 (transpose-diatonic b1 n2))	(multiply-duration 0.5 (transpose-diatonic b1 n2))
TR	rel-pitch-3-to-1	1	true	n1 n2	(and (duration>= (duration n1) 4) (not (rest? n1)) (= (note-category n1) C) (= (relative-pitch n1) 3) (duration>= (duration n2) 4) (not (rest? n2)) (= (note-category n2) C) (= (relative-pitch n2) 1) (pitch>= n1 n2))	(multiply-duration 0.5 (transpose-diatonic #1 n1))	(multiply-duration 0.5 (transpose-diatonic -1 n1))	(multiply-duration 0.5 (transpose-diatonic 1 n2))	(multiply-duration 0.5 (transpose-diatonic #-1 n2))
TR	rel-pitch-3-to-1	1	true	n1 n2	(and (duration>= (duration n1) 4) (not (rest? n1)) (= (note-category n1) C) (= (relative-pitch n1) 3) (duration>= (duration n2) 4) (not (rest? n2)) (= (note-category n2) C) (= (relative-pitch n2) 1) (pitch< n1 n2))	(multiply-duration 0.5 (make-rest n1))	(multiply-duration 0.25 (transpose-diatonic 1 n1))	(multiply-duration 0.25 (transpose-diatonic 2 n1))	(multiply-duration 0.3333333333333333 (transpose-diatonic -2 n2))	(multiply-duration 0.3333333333333333 (transpose-diatonic 1 n2))	(multiply-duration 0.3333333333333333 (transpose-diatonic 3 n2))
TR	rel-pitch-3-to-5	1	true	n1 n2	(and (duration>= (duration n1) 4) (not (rest? n1)) (= (note-category n1) C) (= (relative-pitch n1) 3) (duration>= (duration n2) 4) (not (rest? n2)) (= (note-category n2) C) (= (relative-pitch n2) 5) (pitch< n1 n2))	(multiply-duration 1.0 (transpose-diatonic #1 n1))	(multiply-duration 0.5 (transpose-diatonic 1 n2))	(multiply-duration 0.5 (transpose-diatonic #-2 n2))
TR	rel-pitch-3-to-3	1	true	n1 n2	(and (duration>= (duration n1) 4) (not (rest? n1)) (= (note-category n1) C) (= (relative-pitch n1) 3) (duration>= (duration n2) 4) (not (rest? n2)) (= (note-category n2) C) (= (relative-pitch n2) 3) (pitch>= n1 n2))	(multiply-duration 1.0 (transpose-diatonic 2 n1))	(multiply-duration 0.5 (transpose-diatonic 2 n2))	(multiply-duration 0.5 (make-rest n2))
TR	rel-pitch-3-to-7	1	true	n1 n2	(and (duration>= (duration n1) 4) (not (rest? n1)) (= (note-category n1) C) (= (relative-pitch n1) 3) (duration>= (duration n2) 4) (not (rest? n2)) (= (note-category n2) C) (= (relative-pitch n2) 7) (pitch>= n1 n2))	(multiply-duration 0.5 (transpose-diatonic 1 n1))	(multiply-duration 0.5 (make-rest n1))	(multiply-duration 0.5 (transpose-diatonic -1 n2))	(multiply-duration 0.5 (transpose-diatonic 1 n2))
TR	rel-pitch-3-to-3	1	true	n1 n2	(and (duration>= (duration n1) 4) (not (rest? n1)) (= (note-category n1) C) (= (relative-pitch n1) 3) (duration>= (duration n2) 4) (not (rest? n2)) (= (note-category n2) C) (= (relative-pitch n2) 3) (pitch>= n1 n2))	(multiply-duration 0.5 (transpose-diatonic 2 n1))	(multiply-duration 0.5 (transpose-diatonic b-1 n1))	(multiply-duration 0.3333333333333333 (transpose-diatonic -1 n2))	(multiply-duration 0.3333333333333333 (transpose-diatonic 2 n2))	(multiply-duration 0.3333333333333333 (transpose-diatonic 4 n2))
TR	rel-pitch-3-to-1	1	true	n1 n2	(and (duration>= (duration n1) 4) (not (rest? n1)) (= (note-category n1) C) (= (relative-pitch n1) 3) (duration>= (duration n2) 4) (not (rest? n2)) (= (note-category n2) C) (= (relative-pitch n2) 1) (pitch>= n1 n2))	(multiply-duration 0.5 (transpose-diatonic 1 n1))	(multiply-duration 0.5 (transpose-diatonic -1 n1))	(multiply-duration 0.5 (transpose-diatonic 1 n2))	(multiply-duration 0.5 (transpose-diatonic -1 n2))
TR	rel-pitch-3-to-3	1	true	n1 n2	(and (duration>= (duration n1) 4) (not (rest? n1)) (= (note-category n1) C) (= (relative-pitch n1) 3) (duration>= (duration n2) 4) (not (rest? n2)) (= (note-category n2) C) (= (relative-pitch n2) 3) (pitch>= n1 n2))	(multiply-duration 0.5 (transpose-diatonic 3 n1))	(multiply-duration 0.5 (transpose-diatonic -1 n1))	(multiply-duration 0.5 (transpose-diatonic 2 n2))	(multiply-duration 0.5 (transpose-diatonic -1 n2))
TR	rel-pitch-3-to-1	1	true	n1 n2	(and (duration>= (duration n1) 4) (not (rest? n1)) (= (note-category n1) C) (= (relative-pitch n1) 3) (duration>= (duration n2) 4) (not (rest? n2)) (= (note-category n2) C) (= (relative-pitch n2) 1) (pitch>= n1 n2))	(multiply-duration 0.5 (make-rest n1))	(multiply-duration 0.5 (transpose-diatonic b1 n1))	(multiply-duration 0.5 (transpose-diatonic b2 n2))	(multiply-duration 0.5 (make-rest n2))
TR	rel-pitch-3	1	true	n1	(and (duration>= (duration n1) 4) (not (rest? n1)) (= (note-category n1) C) (= (relative-pitch n1) 3))	(multiply-duration 0.5 (transpose-diatonic 1 n1))	(multiply-duration 0.5 (transpose-diatonic b1 n1))
TR	rel-pitch-3	7	true	n1	(and (duration>= (duration n1) 4) (not (rest? n1)) (= (note-category n1) C) (= (relative-pitch n1) 3))	(multiply-duration 1.0 (transpose-diatonic 1 n1))
TR	rel-pitch-3	1	true	n1	(and (duration>= (duration n1) 4) (not (rest? n1)) (= (note-category n1) C) (= (relative-pitch n1) 3))	(multiply-duration 1.0 (transpose-diatonic -1 n1))
TR	rel-pitch-3	6	true	n1	(and (duration>= (duration n1) 4) (not (rest? n1)) (= (note-category n1) C) (= (relative-pitch n1) 3))	(multiply-duration 0.5 (transpose-diatonic 1 n1))	(multiply-duration 0.5 (transpose-diatonic 2 n1))
TR	rel-pitch-3	2	true	n1	(and (duration>= (duration n1) 4) (not (rest? n1)) (= (note-category n1) C) (= (relative-pitch n1) 3))	(multiply-duration 0.5 (transpose-diatonic #-1 n1))	(multiply-duration 0.5 (transpose-diatonic 1 n1))
TR	rel-pitch-3	1	true	n1	(and (duration>= (duration n1) 4) (not (rest? n1)) (= (note-category n1) C) (= (relative-pitch n1) 3))	(multiply-duration 0.5 (transpose-diatonic 2 n1))	(multiply-duration 0.5 (transpose-diatonic b1 n1))
TR	rel-pitch-3	1	true	n1	(and (duration>= (duration n1) 4) (not (rest? n1)) (= (note-category n1) C) (= (relative-pitch n1) 3))	(multiply-duration 0.5 (make-rest n1))	(multiply-duration 0.5 (transpose-diatonic 1 n1))
TR	rel-pitch-3	5	true	n1	(and (duration>= (duration n1) 4) (not (rest? n1)) (= (note-category n1) C) (= (relative-pitch n1) 3))	(multiply-duration 0.5 (transpose-diatonic 2 n1))	(multiply-duration 0.5 (transpose-diatonic -1 n1))
TR	rel-pitch-3	4	true	n1	(and (duration>= (duration n1) 4) (not (rest? n1)) (= (note-category n1) C) (= (relative-pitch n1) 3))	(multiply-duration 0.5 (transpose-diatonic #2 n1))	(multiply-duration 0.5 (transpose-diatonic 1 n1))
TR	rel-pitch-3	11	true	n1	(and (duration>= (duration n1) 4) (not (rest? n1)) (= (note-category n1) C) (= (relative-pitch n1) 3))	(multiply-duration 0.5 (transpose-diatonic 1 n1))	(multiply-duration 0.5 (transpose-diatonic -1 n1))
TR	rel-pitch-3	2	true	n1	(and (duration>= (duration n1) 4) (not (rest? n1)) (= (note-category n1) C) (= (relative-pitch n1) 3))	(multiply-duration 1.0 (transpose-diatonic 2 n1))
TR	rel-pitch-3	6	true	n1	(and (duration>= (duration n1) 4) (not (rest? n1)) (= (note-category n1) C) (= (relative-pitch n1) 3))	(multiply-duration 0.5 (transpose-diatonic 1 n1))	(multiply-duration 0.5 (make-rest n1))
TR	rel-pitch-3	1	true	n1	(and (duration>= (duration n1) 4) (not (rest? n1)) (= (note-category n1) C) (= (relative-pitch n1) 3))	(multiply-duration 0.5 (transpose-diatonic -1 n1))	(multiply-duration 0.5 (transpose-diatonic 2 n1))
TR	rel-pitch-3	1	true	n1	(and (duration>= (duration n1) 4) (not (rest? n1)) (= (note-category n1) C) (= (relative-pitch n1) 3))	(multiply-duration 0.16666666666666666 (transpose-diatonic 2 n1))	(multiply-duration 0.16666666666666666 (transpose-diatonic 3 n1))	(multiply-duration 0.16666666666666666 (transpose-diatonic 2 n1))	(multiply-duration 0.5 (transpose-diatonic -1 n1))
TR	rel-pitch-3	2	true	n1	(and (duration>= (duration n1) 4) (not (rest? n1)) (= (note-category n1) C) (= (relative-pitch n1) 3))	(multiply-duration 0.5 (transpose-diatonic b1 n1))	(multiply-duration 0.5 (transpose-diatonic b-1 n1))
TR	rel-pitch-3	4	true	n1	(and (duration>= (duration n1) 4) (not (rest? n1)) (= (note-category n1) C) (= (relative-pitch n1) 3))	(multiply-duration 1.0 (transpose-diatonic b1 n1))
TR	rel-pitch-3	1	true	n1	(and (duration>= (duration n1) 4) (not (rest? n1)) (= (note-category n1) C) (= (relative-pitch n1) 3))	(multiply-duration 0.5 (transpose-diatonic 1 n1))	(multiply-duration 0.5 (transpose-diatonic 1 n1))
TR	rel-pitch-3	1	true	n1	(and (duration>= (duration n1) 4) (not (rest? n1)) (= (note-category n1) C) (= (relative-pitch n1) 3))	(multiply-duration 0.5 (transpose-diatonic 2 n1))	(multiply-duration 0.25 (transpose-diatonic 3 n1))	(multiply-duration 0.25 (transpose-diatonic 2 n1))
TR	rel-pitch-3	2	true	n1	(and (duration>= (duration n1) 4) (not (rest? n1)) (= (note-category n1) C) (= (relative-pitch n1) 3))	(multiply-duration 0.5 (transpose-diatonic 3 n1))	(multiply-duration 0.5 (transpose-diatonic 1 n1))
TR	rel-pitch-3	1	true	n1	(and (duration>= (duration n1) 4) (not (rest? n1)) (= (note-category n1) C) (= (relative-pitch n1) 3))	(multiply-duration 0.5 (transpose-diatonic -1 n1))	(multiply-duration 0.25 (transpose-diatonic 1 n1))	(multiply-duration 0.25 (transpose-diatonic -1 n1))
TR	rel-pitch-3	1	true	n1	(and (duration>= (duration n1) 4) (not (rest? n1)) (= (note-category n1) C) (= (relative-pitch n1) 3))	(multiply-duration 0.25 (transpose-diatonic 3 n1))	(multiply-duration 0.25 (transpose-diatonic 2 n1))	(multiply-duration 0.25 (transpose-diatonic 1 n1))	(multiply-duration 0.25 (transpose-diatonic -1 n1))
TR	rel-pitch-3	1	true	n1	(and (duration>= (duration n1) 4) (not (rest? n1)) (= (note-category n1) C) (= (relative-pitch n1) 3))	(multiply-duration 0.25 (transpose-diatonic -3 n1))	(multiply-duration 0.25 (transpose-diatonic -1 n1))	(multiply-duration 0.25 (transpose-diatonic 2 n1))	(multiply-duration 0.25 (transpose-diatonic #3 n1))
TR	rel-pitch-3	1	true	n1	(and (duration>= (duration n1) 4) (not (rest? n1)) (= (note-category n1) C) (= (relative-pitch n1) 3))	(multiply-duration 0.25 (transpose-diatonic 2 n1))	(multiply-duration 0.25 (transpose-diatonic 1 n1))	(multiply-duration 0.25 (transpose-diatonic -1 n1))	(multiply-duration 0.25 (transpose-diatonic -2 n1))
TR	rel-pitch-3	1	true	n1	(and (duration>= (duration n1) 4) (not (rest? n1)) (= (note-category n1) C) (= (relative-pitch n1) 3))	(multiply-duration 0.25 (transpose-diatonic 2 n1))	(multiply-duration 0.25 (transpose-diatonic -1 n1))	(multiply-duration 0.25 (transpose-diatonic b1 n1))	(multiply-duration 0.25 (transpose-diatonic 1 n1))
TR	rel-pitch-3	1	true	n1	(and (duration>= (duration n1) 4) (not (rest? n1)) (= (note-category n1) C) (= (relative-pitch n1) 3))	(multiply-duration 0.5 (transpose-diatonic 2 n1))	(multiply-duration 0.5 (transpose-diatonic 1 n1))
TR	rel-pitch-3	1	true	n1	(and (duration>= (duration n1) 4) (not (rest? n1)) (= (note-category n1) C) (= (relative-pitch n1) 3))	(multiply-duration 0.5 (make-rest n1))	(multiply-duration 0.5 (transpose-diatonic 2 n1))
TR	rel-pitch-3	2	true	n1	(and (duration>= (duration n1) 4) (not (rest? n1)) (= (note-category n1) C) (= (relative-pitch n1) 3))	(multiply-duration 0.5 (transpose-diatonic 2 n1))	(multiply-duration 0.5 (transpose-diatonic #1 n1))
TR	rel-pitch-3	1	true	n1	(and (duration>= (duration n1) 4) (not (rest? n1)) (= (note-category n1) C) (= (relative-pitch n1) 3))	(multiply-duration 0.5 (transpose-diatonic #2 n1))	(multiply-duration 0.5 (transpose-diatonic b1 n1))
TR	rel-pitch-3	1	true	n1	(and (duration>= (duration n1) 4) (not (rest? n1)) (= (note-category n1) C) (= (relative-pitch n1) 3))	(multiply-duration 0.5 (transpose-diatonic #2 n1))	(multiply-duration 0.5 (transpose-diatonic b-1 n1))
TR	rel-pitch-3	1	true	n1	(and (duration>= (duration n1) 4) (not (rest? n1)) (= (note-category n1) C) (= (relative-pitch n1) 3))	(multiply-duration 0.5 (transpose-diatonic -1 n1))	(multiply-duration 0.5 (make-rest n1))
TR	rel-pitch-3	1	true	n1	(and (duration>= (duration n1) 4) (not (rest? n1)) (= (note-category n1) C) (= (relative-pitch n1) 3))	(multiply-duration 0.5 (transpose-diatonic b1 n1))	(multiply-duration 0.5 (transpose-diatonic b1 n1))
TR	rel-pitch-3	1	true	n1	(and (duration>= (duration n1) 4) (not (rest? n1)) (= (note-category n1) C) (= (relative-pitch n1) 3))	(multiply-duration 0.5 (transpose-diatonic #1 n1))	(multiply-duration 0.5 (transpose-diatonic -1 n1))
TR	rel-pitch-3	1	true	n1	(and (duration>= (duration n1) 4) (not (rest? n1)) (= (note-category n1) C) (= (relative-pitch n1) 3))	(multiply-duration 0.5 (make-rest n1))	(multiply-duration 0.25 (transpose-diatonic 1 n1))	(multiply-duration 0.25 (transpose-diatonic 2 n1))
TR	rel-pitch-3	1	true	n1	(and (duration>= (duration n1) 4) (not (rest? n1)) (= (note-category n1) C) (= (relative-pitch n1) 3))	(multiply-duration 1.0 (transpose-diatonic #1 n1))
TR	rel-pitch-3	1	true	n1	(and (duration>= (duration n1) 4) (not (rest? n1)) (= (note-category n1) C) (= (relative-pitch n1) 3))	(multiply-duration 0.5 (transpose-diatonic 2 n1))	(multiply-duration 0.5 (make-rest n1))
TR	rel-pitch-3	1	true	n1	(and (duration>= (duration n1) 4) (not (rest? n1)) (= (note-category n1) C) (= (relative-pitch n1) 3))	(multiply-duration 0.3333333333333333 (transpose-diatonic -1 n1))	(multiply-duration 0.3333333333333333 (transpose-diatonic 2 n1))	(multiply-duration 0.3333333333333333 (transpose-diatonic 4 n1))
TR	rel-pitch-3	1	true	n1	(and (duration>= (duration n1) 4) (not (rest? n1)) (= (note-category n1) C) (= (relative-pitch n1) 3))	(multiply-duration 0.5 (transpose-diatonic 2 n1))	(multiply-duration 0.5 (transpose-diatonic b-1 n1))
TR	rel-pitch-3	1	true	n1	(and (duration>= (duration n1) 4) (not (rest? n1)) (= (note-category n1) C) (= (relative-pitch n1) 3))	(multiply-duration 0.5 (transpose-diatonic 3 n1))	(multiply-duration 0.5 (transpose-diatonic -1 n1))
TR	rel-pitch-3	1	true	n1	(and (duration>= (duration n1) 4) (not (rest? n1)) (= (note-category n1) C) (= (relative-pitch n1) 3))	(multiply-duration 0.5 (make-rest n1))	(multiply-duration 0.5 (transpose-diatonic b1 n1))
SUB	quarter-first-rel-pitch-7	motif	1	true
TR	rel-pitch-7-to-3	1	true	n1 n2	(and (duration>= (duration n1) 4) (not (rest? n1)) (= (note-category n1) C) (= (relative-pitch n1) 7) (duration>= (duration n2) 4) (not (rest? n2)) (= (note-category n2) C) (= (relative-pitch n2) 3) (pitch>= n1 n2))	(multiply-duration 0.5 (transpose-diatonic 2 n1))	(multiply-duration 0.5 (transpose-diatonic -1 n1))	(multiply-duration 0.5 (transpose-diatonic 2 n2))	(multiply-duration 0.5 (transpose-diatonic -1 n2))
TR	rel-pitch-7-to-1	1	true	n1 n2	(and (duration>= (duration n1) 4) (not (rest? n1)) (= (note-category n1) C) (= (relative-pitch n1) 7) (duration>= (duration n2) 4) (not (rest? n2)) (= (note-category n2) C) (= (relative-pitch n2) 1) (pitch< n1 n2))	(multiply-duration 0.5 (transpose-diatonic #-1 n1))	(multiply-duration 0.5 (make-rest n1))	(multiply-duration 0.5 (transpose-diatonic #-2 n2))	(multiply-duration 0.5 (transpose-diatonic 4 n2))
TR	rel-pitch-7-to-rest	2	true	n1 n2	(and (duration>= (duration n1) 4) (not (rest? n1)) (= (note-category n1) C) (= (relative-pitch n1) 7) (duration>= (duration n2) 4) (rest? n2))	(multiply-duration 0.5 (transpose-diatonic 1 n1))	(multiply-duration 0.5 (make-rest n1))	n2
TR	rel-pitch-7-to-7	3	true	n1 n2	(and (duration>= (duration n1) 4) (not (rest? n1)) (= (note-category n1) C) (= (relative-pitch n1) 7) (duration>= (duration n2) 4) (not (rest? n2)) (= (note-category n2) C) (= (relative-pitch n2) 7) (pitch>= n1 n2))	(multiply-duration 0.5 (transpose-diatonic 4 n1))	(multiply-duration 0.5 (transpose-diatonic -2 n1))	(multiply-duration 0.5 (transpose-diatonic -1 n2))	(multiply-duration 0.5 (transpose-diatonic 1 n2))
TR	rel-pitch-7-to-3	2	true	n1 n2	(and (duration>= (duration n1) 4) (not (rest? n1)) (= (note-category n1) C) (= (relative-pitch n1) 7) (duration>= (duration n2) 4) (not (rest? n2)) (= (note-category n2) C) (= (relative-pitch n2) 3) (pitch< n1 n2))	(multiply-duration 0.5 (transpose-diatonic #-1 n1))	(multiply-duration 0.5 (transpose-diatonic 2 n1))	(multiply-duration 0.5 (transpose-diatonic #-1 n2))	(multiply-duration 0.5 (transpose-diatonic 1 n2))
TR	rel-pitch-7-to-5	2	true	n1 n2	(and (duration>= (duration n1) 4) (not (rest? n1)) (= (note-category n1) C) (= (relative-pitch n1) 7) (duration>= (duration n2) 4) (not (rest? n2)) (= (note-category n2) C) (= (relative-pitch n2) 5) (pitch>= n1 n2))	(multiply-duration 0.5 (transpose-diatonic 1 n1))	(multiply-duration 0.5 (transpose-diatonic #-2 n1))	(multiply-duration 0.5 (transpose-diatonic 1 n2))	(multiply-duration 0.5 (transpose-diatonic -1 n2))
TR	rel-pitch-7-to-rest	1	true	n1 n2	(and (duration>= (duration n1) 4) (not (rest? n1)) (= (note-category n1) C) (= (relative-pitch n1) 7) (duration>= (duration n2) 4) (rest? n2))	(multiply-duration 0.5 (transpose-diatonic 1 n1))	(multiply-duration 0.5 (transpose-diatonic -1 n1))	n2
TR	rel-pitch-7-to-7	2	true	n1 n2	(and (duration>= (duration n1) 4) (not (rest? n1)) (= (note-category n1) C) (= (relative-pitch n1) 7) (duration>= (duration n2) 4) (not (rest? n2)) (= (note-category n2) C) (= (relative-pitch n2) 7) (pitch>= n1 n2))	(multiply-duration 0.5 (transpose-diatonic -1 n1))	(multiply-duration 0.25 (transpose-diatonic 1 n1))	(multiply-duration 0.25 (transpose-diatonic -1 n1))	(multiply-duration 0.5 (transpose-diatonic -2 n2))	(multiply-duration 0.5 (transpose-diatonic 2 n2))
TR	rel-pitch-7-to-5	1	true	n1 n2	(and (duration>= (duration n1) 4) (not (rest? n1)) (= (note-category n1) C) (= (relative-pitch n1) 7) (duration>= (duration n2) 4) (not (rest? n2)) (= (note-category n2) C) (= (relative-pitch n2) 5) (pitch>= n1 n2))	(multiply-duration 0.5 (make-rest n1))	(multiply-duration 0.5 (transpose-diatonic -1 n1))	(multiply-duration 0.5 (transpose-diatonic 1 n2))	(multiply-duration 0.5 (make-rest n2))
TR	rel-pitch-7-to-5	1	true	n1 n2	(and (duration>= (duration n1) 4) (not (rest? n1)) (= (note-category n1) C) (= (relative-pitch n1) 7) (duration>= (duration n2) 4) (not (rest? n2)) (= (note-category n2) C) (= (relative-pitch n2) 5) (pitch>= n1 n2))	(multiply-duration 1.0 (transpose-diatonic -1 n1))	(multiply-duration 0.5 (transpose-diatonic #1 n2))	(multiply-duration 0.5 (make-rest n2))
TR	rel-pitch-7-to-rest	1	true	n1 n2	(and (duration>= (duration n1) 4) (not (rest? n1)) (= (note-category n1) C) (= (relative-pitch n1) 7) (duration>= (duration n2) 4) (rest? n2))	(multiply-duration 1.0 (transpose-diatonic -1 n1))	n2
TR	rel-pitch-7-to-5	2	true	n1 n2	(and (duration>= (duration n1) 4) (not (rest? n1)) (= (note-category n1) C) (= (relative-pitch n1) 7) (duration>= (duration n2) 4) (not (rest? n2)) (= (note-category n2) C) (= (relative-pitch n2) 5) (pitch>= n1 n2))	(multiply-duration 0.5 (transpose-diatonic 1 n1))	(multiply-duration 0.5 (transpose-diatonic -1 n1))	(multiply-duration 0.5 (transpose-diatonic 1 n2))	(multiply-duration 0.5 (make-rest n2))
TR	rel-pitch-7-to-7	1	true	n1 n2	(and (duration>= (duration n1) 4) (not (rest? n1)) (= (note-category n1) C) (= (relative-pitch n1) 7) (duration>= (duration n2) 4) (not (rest? n2)) (= (note-category n2) C) (= (relative-pitch n2) 7) (pitch>= n1 n2))	(multiply-duration 0.5 (transpose-diatonic -1 n1))	(multiply-duration 0.5 (transpose-diatonic 1 n1))	(multiply-duration 1.0 (transpose-diatonic 1 n2))
TR	rel-pitch-7-to-5	1	true	n1 n2	(and (duration>= (duration n1) 4) (not (rest? n1)) (= (note-category n1) C) (= (relative-pitch n1) 7) (duration>= (duration n2) 4) (not (rest? n2)) (= (note-category n2) C) (= (relative-pitch n2) 5) (pitch>= n1 n2))	(multiply-duration 0.5 (transpose-diatonic 1 n1))	(multiply-duration 0.25 (transpose-diatonic 2 n1))	(multiply-duration 0.25 (transpose-diatonic 1 n1))	(multiply-duration 0.5 (transpose-diatonic 1 n2))	(multiply-duration 0.5 (transpose-diatonic -2 n2))
TR	rel-pitch-7-to-7	1	true	n1 n2	(and (duration>= (duration n1) 4) (not (rest? n1)) (= (note-category n1) C) (= (relative-pitch n1) 7) (duration>= (duration n2) 4) (not (rest? n2)) (= (note-category n2) C) (= (relative-pitch n2) 7) (pitch>= n1 n2))	(multiply-duration 0.5 (transpose-diatonic #1 n1))	(multiply-duration 0.5 (transpose-diatonic #-2 n1))	(multiply-duration 0.5 (transpose-diatonic 1 n2))	(multiply-duration 0.5 (transpose-diatonic #-2 n2))
TR	rel-pitch-7-to-3	1	true	n1 n2	(and (duration>= (duration n1) 4) (not (rest? n1)) (= (note-category n1) C) (= (relative-pitch n1) 7) (duration>= (duration n2) 4) (not (rest? n2)) (= (note-category n2) C) (= (relative-pitch n2) 3) (pitch>= n1 n2))	(multiply-duration 0.5 (transpose-diatonic 3 n1))	(multiply-duration 0.5 (transpose-diatonic -1 n1))	(multiply-duration 0.5 (transpose-diatonic 2 n2))	(multiply-duration 0.5 (transpose-diatonic -1 n2))
TR	rel-pitch-7-to-5	1	true	n1 n2	(and (duration>= (duration n1) 4) (not (rest? n1)) (= (note-category n1) C) (= (relative-pitch n1) 7) (duration>= (duration n2) 4) (not (rest? n2)) (= (note-category n2) C) (= (relative-pitch n2) 5) (pitch>= n1 n2))	(multiply-duration 0.5 (transpose-diatonic -1 n1))	(multiply-duration 0.5 (make-rest n1))	(multiply-duration 0.5 (make-rest n2))	(multiply-duration 0.5 (transpose-diatonic 1 n2))
TR	rel-pitch-7-to-3	1	true	n1 n2	(and (duration>= (duration n1) 4) (not (rest? n1)) (= (note-category n1) C) (= (relative-pitch n1) 7) (duration>= (duration n2) 4) (not (rest? n2)) (= (note-category n2) C) (= (relative-pitch n2) 3) (pitch>= n1 n2))	(multiply-duration 0.5 (transpose-diatonic 2 n1))	(multiply-duration 0.5 (transpose-diatonic #-3 n1))	(multiply-duration 1.0 (transpose-diatonic b1 n2))
TR	rel-pitch-7-to-7	1	true	n1 n2	(and (duration>= (duration n1) 4) (not (rest? n1)) (= (note-category n1) C) (= (relative-pitch n1) 7) (duration>= (duration n2) 4) (not (rest? n2)) (= (note-category n2) C) (= (relative-pitch n2) 7) (pitch>= n1 n2))	(multiply-duration 1.0 (transpose-diatonic -1 n1))	(multiply-duration 0.5 (transpose-diatonic -1 n2))	(multiply-duration 0.5 (make-rest n2))
TR	rel-pitch-7-to-7	1	true	n1 n2	(and (duration>= (duration n1) 4) (not (rest? n1)) (= (note-category n1) C) (= (relative-pitch n1) 7) (duration>= (duration n2) 4) (not (rest? n2)) (= (note-category n2) C) (= (relative-pitch n2) 7) (pitch>= n1 n2))	(multiply-duration 0.5 (transpose-diatonic 1 n1))	(multiply-duration 0.5 (transpose-diatonic -1 n1))	(multiply-duration 0.5 (transpose-diatonic 1 n2))	(multiply-duration 0.5 (transpose-diatonic -1 n2))
TR	rel-pitch-7	1	true	n1	(and (duration>= (duration n1) 4) (not (rest? n1)) (= (note-category n1) C) (= (relative-pitch n1) 7))	(multiply-duration 0.5 (transpose-diatonic #-1 n1))	(multiply-duration 0.5 (make-rest n1))
TR	rel-pitch-7	5	true	n1	(and (duration>= (duration n1) 4) (not (rest? n1)) (= (note-category n1) C) (= (relative-pitch n1) 7))	(multiply-duration 0.5 (transpose-diatonic -1 n1))	(multiply-duration 0.5 (transpose-diatonic 1 n1))
TR	rel-pitch-7	3	true	n1	(and (duration>= (duration n1) 4) (not (rest? n1)) (= (note-category n1) C) (= (relative-pitch n1) 7))	(multiply-duration 0.5 (transpose-diatonic 4 n1))	(multiply-duration 0.5 (transpose-diatonic -2 n1))
TR	rel-pitch-7	2	true	n1	(and (duration>= (duration n1) 4) (not (rest? n1)) (= (note-category n1) C) (= (relative-pitch n1) 7))	(multiply-duration 0.5 (transpose-diatonic #-1 n1))	(multiply-duration 0.5 (transpose-diatonic 2 n1))
TR	rel-pitch-7	3	true	n1	(and (duration>= (duration n1) 4) (not (rest? n1)) (= (note-category n1) C) (= (relative-pitch n1) 7))	(multiply-duration 0.5 (transpose-diatonic 1 n1))	(multiply-duration 0.5 (transpose-diatonic #-2 n1))
TR	rel-pitch-7	4	true	n1	(and (duration>= (duration n1) 4) (not (rest? n1)) (= (note-category n1) C) (= (relative-pitch n1) 7))	(multiply-duration 0.5 (transpose-diatonic 1 n1))	(multiply-duration 0.5 (make-rest n1))
TR	rel-pitch-7	1	true	n1	(and (duration>= (duration n1) 4) (not (rest? n1)) (= (note-category n1) C) (= (relative-pitch n1) 7))	(multiply-duration 0.5 (make-rest n1))	(multiply-duration 0.25 (transpose-diatonic 1 n1))	(multiply-duration 0.25 (transpose-diatonic 2 n1))
TR	rel-pitch-7	5	true	n1	(and (duration>= (duration n1) 4) (not (rest? n1)) (= (note-category n1) C) (= (relative-pitch n1) 7))	(multiply-duration 0.5 (transpose-diatonic 1 n1))	(multiply-duration 0.5 (transpose-diatonic -1 n1))
TR	rel-pitch-7	3	true	n1	(and (duration>= (duration n1) 4) (not (rest? n1)) (= (note-category n1) C) (= (relative-pitch n1) 7))	(multiply-duration 0.5 (transpose-diatonic 2 n1))	(multiply-duration 0.5 (transpose-diatonic -1 n1))
TR	rel-pitch-7	2	true	n1	(and (duration>= (duration n1) 4) (not (rest? n1)) (= (note-category n1) C) (= (relative-pitch n1) 7))	(multiply-duration 0.5 (transpose-diatonic -2 n1))	(multiply-duration 0.5 (transpose-diatonic 2 n1))
TR	rel-pitch-7	2	true	n1	(and (duration>= (duration n1) 4) (not (rest? n1)) (= (note-category n1) C) (= (relative-pitch n1) 7))	(multiply-duration 0.5 (transpose-diatonic -1 n1))	(multiply-duration 0.25 (transpose-diatonic 1 n1))	(multiply-duration 0.25 (transpose-diatonic -1 n1))
TR	rel-pitch-7	1	true	n1	(and (duration>= (duration n1) 4) (not (rest? n1)) (= (note-category n1) C) (= (relative-pitch n1) 7))	(multiply-duration 0.5 (transpose-diatonic -4 n1))	(multiply-duration 0.5 (transpose-diatonic b4 n1))
TR	rel-pitch-7	1	true	n1	(and (duration>= (duration n1) 4) (not (rest? n1)) (= (note-category n1) C) (= (relative-pitch n1) 7))	(multiply-duration 0.5 (transpose-diatonic -2 n1))	(multiply-duration 0.5 (transpose-diatonic #1 n1))
TR	rel-pitch-7	1	true	n1	(and (duration>= (duration n1) 4) (not (rest? n1)) (= (note-category n1) C) (= (relative-pitch n1) 7))	(multiply-duration 0.5 (make-rest n1))	(multiply-duration 0.5 (transpose-diatonic -1 n1))
TR	rel-pitch-7	3	true	n1	(and (duration>= (duration n1) 4) (not (rest? n1)) (= (note-category n1) C) (= (relative-pitch n1) 7))	(multiply-duration 1.0 (transpose-diatonic -1 n1))
TR	rel-pitch-7	1	true	n1	(and (duration>= (duration n1) 4) (not (rest? n1)) (= (note-category n1) C) (= (relative-pitch n1) 7))	(multiply-duration 1.0 (transpose-diatonic 1 n1))
TR	rel-pitch-7	1	true	n1	(and (duration>= (duration n1) 4) (not (rest? n1)) (= (note-category n1) C) (= (relative-pitch n1) 7))	(multiply-duration 0.25 (transpose-diatonic -2 n1))	(multiply-duration 0.25 (transpose-diatonic -1 n1))	(multiply-duration 0.25 (transpose-diatonic 1 n1))	(multiply-duration 0.25 (transpose-diatonic 3 n1))
TR	rel-pitch-7	1	true	n1	(and (duration>= (duration n1) 4) (not (rest? n1)) (= (note-category n1) C) (= (relative-pitch n1) 7))	(multiply-duration 0.5 (transpose-diatonic 1 n1))	(multiply-duration 0.25 (transpose-diatonic 2 n1))	(multiply-duration 0.25 (transpose-diatonic 1 n1))
TR	rel-pitch-7	1	true	n1	(and (duration>= (duration n1) 4) (not (rest? n1)) (= (note-category n1) C) (= (relative-pitch n1) 7))	(multiply-duration 0.5 (transpose-diatonic #1 n1))	(multiply-duration 0.5 (transpose-diatonic #-2 n1))
TR	rel-pitch-7	1	true	n1	(and (duration>= (duration n1) 4) (not (rest? n1)) (= (note-category n1) C) (= (relative-pitch n1) 7))	(multiply-duration 0.5 (transpose-diatonic 3 n1))	(multiply-duration 0.5 (transpose-diatonic -1 n1))
TR	rel-pitch-7	1	true	n1	(and (duration>= (duration n1) 4) (not (rest? n1)) (= (note-category n1) C) (= (relative-pitch n1) 7))	(multiply-duration 0.5 (transpose-diatonic 2 n1))	(multiply-duration 0.5 (transpose-diatonic #-3 n1))
TR	rel-pitch-7	2	true	n1	(and (duration>= (duration n1) 4) (not (rest? n1)) (= (note-category n1) C) (= (relative-pitch n1) 7))	(multiply-duration 0.5 (transpose-diatonic -1 n1))	(multiply-duration 0.5 (make-rest n1))
SUB	quarter-first-rel-pitch-rest	motif	1	true
TR	rel-pitch-rest-to-1	1	true	n1 n2	(and (duration>= (duration n1) 4) (rest? n1) (duration>= (duration n2) 4) (not (rest? n2)) (= (note-category n2) C) (= (relative-pitch n2) 1))	n1	(multiply-duration 1.0 (transpose-diatonic 1 n2))
TR	rel-pitch-rest-to-rest	29	true	n1 n2	(and (duration>= (duration n1) 4) (rest? n1) (duration>= (duration n2) 4) (rest? n2))	n1	n2
TR	rel-pitch-rest-to-1	1	true	n1 n2	(and (duration>= (duration n1) 4) (rest? n1) (duration>= (duration n2) 4) (not (rest? n2)) (= (note-category n2) C) (= (relative-pitch n2) 1))	n1	(multiply-duration 0.5 (transpose-diatonic #-1 n2))	(multiply-duration 0.25 (transpose-diatonic 1 n2))	(multiply-duration 0.25 (transpose-diatonic #-1 n2))
TR	rel-pitch-rest-to-5	1	true	n1 n2	(and (duration>= (duration n1) 4) (rest? n1) (duration>= (duration n2) 4) (not (rest? n2)) (= (note-category n2) C) (= (relative-pitch n2) 5))	n1	(multiply-duration 0.5 (transpose-diatonic 1 n2))	(multiply-duration 0.5 (transpose-diatonic 2 n2))
TR	rel-pitch-rest-to-7	1	true	n1 n2	(and (duration>= (duration n1) 4) (rest? n1) (duration>= (duration n2) 4) (not (rest? n2)) (= (note-category n2) C) (= (relative-pitch n2) 7))	n1	(multiply-duration 0.5 (make-rest n2))	(multiply-duration 0.25 (transpose-diatonic 1 n2))	(multiply-duration 0.25 (transpose-diatonic 2 n2))
TR	rel-pitch-rest-to-5	2	true	n1 n2	(and (duration>= (duration n1) 4) (rest? n1) (duration>= (duration n2) 4) (not (rest? n2)) (= (note-category n2) C) (= (relative-pitch n2) 5))	n1	(multiply-duration 0.5 (transpose-diatonic 1 n2))	(multiply-duration 0.5 (transpose-diatonic -2 n2))
TR	rel-pitch-rest-to-1	2	true	n1 n2	(and (duration>= (duration n1) 4) (rest? n1) (duration>= (duration n2) 4) (not (rest? n2)) (= (note-category n2) C) (= (relative-pitch n2) 1))	n1	(multiply-duration 0.5 (transpose-diatonic 1 n2))	(multiply-duration 0.5 (transpose-diatonic 2 n2))
TR	rel-pitch-rest-to-5	1	true	n1 n2	(and (duration>= (duration n1) 4) (rest? n1) (duration>= (duration n2) 4) (not (rest? n2)) (= (note-category n2) C) (= (relative-pitch n2) 5))	n1	(multiply-duration 0.5 (transpose-diatonic -1 n2))	(multiply-duration 0.5 (transpose-diatonic 1 n2))
TR	rel-pitch-rest-to-1	1	true	n1 n2	(and (duration>= (duration n1) 4) (rest? n1) (duration>= (duration n2) 4) (not (rest? n2)) (= (note-category n2) C) (= (relative-pitch n2) 1))	n1	(multiply-duration 0.5 (transpose-diatonic 1 n2))	(multiply-duration 0.5 (transpose-diatonic #-1 n2))
TR	rel-pitch-rest-to-5	1	true	n1 n2	(and (duration>= (duration n1) 4) (rest? n1) (duration>= (duration n2) 4) (not (rest? n2)) (= (note-category n2) C) (= (relative-pitch n2) 5))	n1	(multiply-duration 0.5 (transpose-diatonic -1 n2))	(multiply-duration 0.5 (transpose-diatonic #1 n2))
TR	rel-pitch-rest-to-5	1	true	n1 n2	(and (duration>= (duration n1) 4) (rest? n1) (duration>= (duration n2) 4) (not (rest? n2)) (= (note-category n2) C) (= (relative-pitch n2) 5))	n1	(multiply-duration 0.5 (make-rest n2))	(multiply-duration 0.5 (transpose-diatonic 1 n2))
TR	rel-pitch-rest-to-3	1	true	n1 n2	(and (duration>= (duration n1) 4) (rest? n1) (duration>= (duration n2) 4) (not (rest? n2)) (= (note-category n2) C) (= (relative-pitch n2) 3))	n1	(multiply-duration 1.0 (transpose-diatonic 1 n2))
TR	rel-pitch-rest	89	true	n1	(and (duration>= (duration n1) 4) (rest? n1))	n1
SUB	quarter-first-rel-pitch-#5	motif	1	true
TR	rel-pitch-#5	1	true	n1	(and (duration>= (duration n1) 4) (not (rest? n1)) (= (note-category n1) C) (= (relative-pitch n1) #5))	(multiply-duration 0.5 (transpose-diatonic b1 n1))	(multiply-duration 0.5 (make-rest n1))
SUB	quarter-first-rel-pitch-b3	motif	1	true
TR	rel-pitch-b3-to-1	1	true	n1 n2	(and (duration>= (duration n1) 4) (not (rest? n1)) (= (note-category n1) C) (= (relative-pitch n1) b3) (duration>= (duration n2) 4) (not (rest? n2)) (= (note-category n2) C) (= (relative-pitch n2) 1) (pitch>= n1 n2))	(multiply-duration 0.5 (transpose-diatonic 1 n1))	(multiply-duration 0.25 (transpose-diatonic #2 n1))	(multiply-duration 0.25 (transpose-diatonic 1 n1))	(multiply-duration 0.5 (transpose-diatonic 1 n2))	(multiply-duration 0.5 (make-rest n2))
TR	rel-pitch-b3	1	true	n1	(and (duration>= (duration n1) 4) (not (rest? n1)) (= (note-category n1) C) (= (relative-pitch n1) b3))	(multiply-duration 0.5 (transpose-diatonic 1 n1))	(multiply-duration 0.25 (transpose-diatonic #2 n1))	(multiply-duration 0.25 (transpose-diatonic 1 n1))
TR	rel-pitch-b3	1	true	n1	(and (duration>= (duration n1) 4) (not (rest? n1)) (= (note-category n1) C) (= (relative-pitch n1) b3))	(multiply-duration 0.5 (transpose-diatonic #-1 n1))	(multiply-duration 0.5 (transpose-diatonic #1 n1))
SUB	eighth-first-rel-pitch-rest	motif	1	true
TR	rel-pitch-rest-to-1	1	true	n1 n2	(and (duration>= (duration n1) 8) (rest? n1) (duration>= (duration n2) 8) (not (rest? n2)) (= (note-category n2) C) (= (relative-pitch n2) 1))	n1	(multiply-duration 0.5 (transpose-diatonic 1 n2))	(multiply-duration 0.5 (transpose-diatonic b2 n2))
TR	rel-pitch-rest-to-7	1	true	n1 n2	(and (duration>= (duration n1) 8) (rest? n1) (duration>= (duration n2) 8) (not (rest? n2)) (= (note-category n2) C) (= (relative-pitch n2) 7))	n1	(multiply-duration 0.5 (transpose-diatonic 1 n2))	(multiply-duration 0.5 (transpose-diatonic 2 n2))
TR	rel-pitch-rest-to-3	1	true	n1 n2	(and (duration>= (duration n1) 8) (rest? n1) (duration>= (duration n2) 8) (not (rest? n2)) (= (note-category n2) C) (= (relative-pitch n2) 3))	n1	(multiply-duration 1.0 (transpose-diatonic 1 n2))
TR	rel-pitch-rest-to-rest	89	true	n1 n2	(and (duration>= (duration n1) 8) (rest? n1) (duration>= (duration n2) 8) (rest? n2))	n1	n2
TR	rel-pitch-rest-to-1	3	true	n1 n2	(and (duration>= (duration n1) 8) (rest? n1) (duration>= (duration n2) 8) (not (rest? n2)) (= (note-category n2) C) (= (relative-pitch n2) 1))	n1	(multiply-duration 1.0 (transpose-diatonic 1 n2))
TR	rel-pitch-rest-to-7	1	true	n1 n2	(and (duration>= (duration n1) 8) (rest? n1) (duration>= (duration n2) 8) (not (rest? n2)) (= (note-category n2) C) (= (relative-pitch n2) 7))	n1	(multiply-duration 1.0 (transpose-diatonic -1 n2))
TR	rel-pitch-rest-to-5	1	true	n1 n2	(and (duration>= (duration n1) 8) (rest? n1) (duration>= (duration n2) 8) (not (rest? n2)) (= (note-category n2) C) (= (relative-pitch n2) 5))	n1	(multiply-duration 0.5 (transpose-diatonic 1 n2))	(multiply-duration 0.5 (transpose-diatonic -1 n2))
TR	rel-pitch-rest-to-5	1	true	n1 n2	(and (duration>= (duration n1) 8) (rest? n1) (duration>= (duration n2) 8) (not (rest? n2)) (= (note-category n2) C) (= (relative-pitch n2) 5))	n1	(multiply-duration 0.5 (make-rest n2))	(multiply-duration 0.5 (transpose-diatonic #-1 n2))
TR	rel-pitch-rest-to-3	1	true	n1 n2	(and (duration>= (duration n1) 8) (rest? n1) (duration>= (duration n2) 8) (not (rest? n2)) (= (note-category n2) C) (= (relative-pitch n2) 3))	n1	(multiply-duration 1.0 (transpose-diatonic 2 n2))
TR	rel-pitch-rest-to-5	1	true	n1 n2	(and (duration>= (duration n1) 8) (rest? n1) (duration>= (duration n2) 8) (not (rest? n2)) (= (note-category n2) C) (= (relative-pitch n2) 5))	n1	(multiply-duration 0.5 (transpose-diatonic 1 n2))	(multiply-duration 0.5 (transpose-diatonic b1 n2))
TR	rel-pitch-rest-to-5	4	true	n1 n2	(and (duration>= (duration n1) 8) (rest? n1) (duration>= (duration n2) 8) (not (rest? n2)) (= (note-category n2) C) (= (relative-pitch n2) 5))	n1	(multiply-duration 1.0 (transpose-diatonic 1 n2))
TR	rel-pitch-rest-to-5	1	true	n1 n2	(and (duration>= (duration n1) 8) (rest? n1) (duration>= (duration n2) 8) (not (rest? n2)) (= (note-category n2) C) (= (relative-pitch n2) 5))	n1	(multiply-duration 1.0 (transpose-diatonic #-1 n2))
TR	rel-pitch-rest-to-3	1	true	n1 n2	(and (duration>= (duration n1) 8) (rest? n1) (duration>= (duration n2) 8) (not (rest? n2)) (= (note-category n2) C) (= (relative-pitch n2) 3))	n1	(multiply-duration 0.5 (transpose-diatonic 1 n2))	(multiply-duration 0.5 (transpose-diatonic 2 n2))
TR	rel-pitch-rest-to-3	1	true	n1 n2	(and (duration>= (duration n1) 8) (rest? n1) (duration>= (duration n2) 8) (not (rest? n2)) (= (note-category n2) C) (= (relative-pitch n2) 3))	n1	(multiply-duration 1.0 (transpose-diatonic b1 n2))
TR	rel-pitch-rest	229	true	n1	(and (duration>= (duration n1) 8) (rest? n1))	n1
SUB	eighth-first-rel-pitch-5	motif	1	true
TR	rel-pitch-5-to-5	1	true	n1 n2	(and (duration>= (duration n1) 8) (not (rest? n1)) (= (note-category n1) C) (= (relative-pitch n1) 5) (duration>= (duration n2) 8) (not (rest? n2)) (= (note-category n2) C) (= (relative-pitch n2) 5) (pitch>= n1 n2))	(multiply-duration 1.0 (transpose-diatonic 1 n1))	(multiply-duration 1.0 (transpose-diatonic -1 n2))
TR	rel-pitch-5-to-3	4	true	n1 n2	(and (duration>= (duration n1) 8) (not (rest? n1)) (= (note-category n1) C) (= (relative-pitch n1) 5) (duration>= (duration n2) 8) (not (rest? n2)) (= (note-category n2) C) (= (relative-pitch n2) 3) (pitch>= n1 n2))	(multiply-duration 1.0 (transpose-diatonic 1 n1))	(multiply-duration 1.0 (transpose-diatonic 2 n2))
TR	rel-pitch-5-to-5	1	true	n1 n2	(and (duration>= (duration n1) 8) (not (rest? n1)) (= (note-category n1) C) (= (relative-pitch n1) 5) (duration>= (duration n2) 8) (not (rest? n2)) (= (note-category n2) C) (= (relative-pitch n2) 5) (pitch>= n1 n2))	(multiply-duration 1.0 (transpose-diatonic 2 n1))	(multiply-duration 1.0 (transpose-diatonic 2 n2))
TR	rel-pitch-5-to-7	4	true	n1 n2	(and (duration>= (duration n1) 8) (not (rest? n1)) (= (note-category n1) C) (= (relative-pitch n1) 5) (duration>= (duration n2) 8) (not (rest? n2)) (= (note-category n2) C) (= (relative-pitch n2) 7) (pitch< n1 n2))	(multiply-duration 1.0 (transpose-diatonic 1 n1))	(multiply-duration 1.0 (transpose-diatonic -1 n2))
TR	rel-pitch-5-to-5	1	true	n1 n2	(and (duration>= (duration n1) 8) (not (rest? n1)) (= (note-category n1) C) (= (relative-pitch n1) 5) (duration>= (duration n2) 8) (not (rest? n2)) (= (note-category n2) C) (= (relative-pitch n2) 5) (pitch>= n1 n2))	(multiply-duration 1.0 (transpose-diatonic 1 n1))	(multiply-duration 1.0 (transpose-diatonic 2 n2))
TR	rel-pitch-5-to-7	1	true	n1 n2	(and (duration>= (duration n1) 8) (not (rest? n1)) (= (note-category n1) C) (= (relative-pitch n1) 5) (duration>= (duration n2) 8) (not (rest? n2)) (= (note-category n2) C) (= (relative-pitch n2) 7) (pitch< n1 n2))	(multiply-duration 1.0 (transpose-diatonic -1 n1))	(multiply-duration 1.0 (transpose-diatonic -1 n2))
TR	rel-pitch-5-to-3	4	true	n1 n2	(and (duration>= (duration n1) 8) (not (rest? n1)) (= (note-category n1) C) (= (relative-pitch n1) 5) (duration>= (duration n2) 8) (not (rest? n2)) (= (note-category n2) C) (= (relative-pitch n2) 3) (pitch>= n1 n2))	(multiply-duration 1.0 (transpose-diatonic #-1 n1))	(multiply-duration 1.0 (transpose-diatonic 1 n2))
TR	rel-pitch-5-to-5	4	true	n1 n2	(and (duration>= (duration n1) 8) (not (rest? n1)) (= (note-category n1) C) (= (relative-pitch n1) 5) (duration>= (duration n2) 8) (not (rest? n2)) (= (note-category n2) C) (= (relative-pitch n2) 5) (pitch>= n1 n2))	(multiply-duration 1.0 (transpose-diatonic -1 n1))	(multiply-duration 0.5 (transpose-diatonic 1 n2))	(multiply-duration 0.5 (transpose-diatonic -1 n2))
TR	rel-pitch-5-to-5	10	true	n1 n2	(and (duration>= (duration n1) 8) (not (rest? n1)) (= (note-category n1) C) (= (relative-pitch n1) 5) (duration>= (duration n2) 8) (not (rest? n2)) (= (note-category n2) C) (= (relative-pitch n2) 5) (pitch>= n1 n2))	(multiply-duration 1.0 (transpose-diatonic 1 n1))	(multiply-duration 1.0 (transpose-diatonic 1 n2))
TR	rel-pitch-5-to-1	2	true	n1 n2	(and (duration>= (duration n1) 8) (not (rest? n1)) (= (note-category n1) C) (= (relative-pitch n1) 5) (duration>= (duration n2) 8) (not (rest? n2)) (= (note-category n2) C) (= (relative-pitch n2) 1) (pitch< n1 n2))	(multiply-duration 1.0 (transpose-diatonic 1 n1))	(multiply-duration 1.0 (transpose-diatonic 1 n2))
TR	rel-pitch-5-to-3	8	true	n1 n2	(and (duration>= (duration n1) 8) (not (rest? n1)) (= (note-category n1) C) (= (relative-pitch n1) 5) (duration>= (duration n2) 8) (not (rest? n2)) (= (note-category n2) C) (= (relative-pitch n2) 3) (pitch>= n1 n2))	(multiply-duration 1.0 (transpose-diatonic 1 n1))	(multiply-duration 1.0 (transpose-diatonic 1 n2))
TR	rel-pitch-5-to-3	1	true	n1 n2	(and (duration>= (duration n1) 8) (not (rest? n1)) (= (note-category n1) C) (= (relative-pitch n1) 5) (duration>= (duration n2) 8) (not (rest? n2)) (= (note-category n2) C) (= (relative-pitch n2) 3) (pitch>= n1 n2))	(multiply-duration 0.3333333333333333 (transpose-diatonic 1 n1))	(multiply-duration 0.3333333333333333 (transpose-diatonic 2 n1))	(multiply-duration 0.3333333333333333 (transpose-diatonic 1 n1))	(multiply-duration 1.0 (transpose-diatonic 1 n2))
TR	rel-pitch-5-to-7	1	true	n1 n2	(and (duration>= (duration n1) 8) (not (rest? n1)) (= (note-category n1) C) (= (relative-pitch n1) 5) (duration>= (duration n2) 8) (not (rest? n2)) (= (note-category n2) C) (= (relative-pitch n2) 7) (pitch< n1 n2))	(multiply-duration 1.0 (transpose-diatonic 1 n1))	(multiply-duration 0.5 (transpose-diatonic 1 n2))	(multiply-duration 0.5 (transpose-diatonic -2 n2))
TR	rel-pitch-5-to-1	1	true	n1 n2	(and (duration>= (duration n1) 8) (not (rest? n1)) (= (note-category n1) C) (= (relative-pitch n1) 5) (duration>= (duration n2) 8) (not (rest? n2)) (= (note-category n2) C) (= (relative-pitch n2) 1) (pitch< n1 n2))	(multiply-duration 1.0 (transpose-diatonic 1 n1))	(multiply-duration 1.0 (transpose-diatonic #-1 n2))
TR	rel-pitch-5-to-rest	1	true	n1 n2	(and (duration>= (duration n1) 8) (not (rest? n1)) (= (note-category n1) C) (= (relative-pitch n1) 5) (duration>= (duration n2) 8) (rest? n2))	(multiply-duration 1.0 (transpose-diatonic #1 n1))	n2
TR	rel-pitch-5-to-3	1	true	n1 n2	(and (duration>= (duration n1) 8) (not (rest? n1)) (= (note-category n1) C) (= (relative-pitch n1) 5) (duration>= (duration n2) 8) (not (rest? n2)) (= (note-category n2) C) (= (relative-pitch n2) 3) (pitch>= n1 n2))	(multiply-duration 0.5 (transpose-diatonic 1 n1))	(multiply-duration 0.5 (transpose-diatonic -1 n1))	(multiply-duration 0.5 (transpose-diatonic 1 n2))	(multiply-duration 0.5 (transpose-diatonic -1 n2))
TR	rel-pitch-5-to-1	1	true	n1 n2	(and (duration>= (duration n1) 8) (not (rest? n1)) (= (note-category n1) C) (= (relative-pitch n1) 5) (duration>= (duration n2) 8) (not (rest? n2)) (= (note-category n2) C) (= (relative-pitch n2) 1) (pitch< n1 n2))	(multiply-duration 0.5 (transpose-diatonic 1 n1))	(multiply-duration 0.5 (transpose-diatonic 2 n1))	(multiply-duration 0.5 (transpose-diatonic -1 n2))	(multiply-duration 0.5 (transpose-diatonic 2 n2))
TR	rel-pitch-5-to-3	1	true	n1 n2	(and (duration>= (duration n1) 8) (not (rest? n1)) (= (note-category n1) C) (= (relative-pitch n1) 5) (duration>= (duration n2) 8) (not (rest? n2)) (= (note-category n2) C) (= (relative-pitch n2) 3) (pitch>= n1 n2))	(multiply-duration 1.0 (transpose-diatonic -1 n1))	(multiply-duration 1.0 (transpose-diatonic 1 n2))
TR	rel-pitch-5-to-5	2	true	n1 n2	(and (duration>= (duration n1) 8) (not (rest? n1)) (= (note-category n1) C) (= (relative-pitch n1) 5) (duration>= (duration n2) 8) (not (rest? n2)) (= (note-category n2) C) (= (relative-pitch n2) 5) (pitch>= n1 n2))	(multiply-duration 1.0 (transpose-diatonic -1 n1))	(multiply-duration 1.0 (transpose-diatonic -1 n2))
TR	rel-pitch-5-to-5	1	true	n1 n2	(and (duration>= (duration n1) 8) (not (rest? n1)) (= (note-category n1) C) (= (relative-pitch n1) 5) (duration>= (duration n2) 8) (not (rest? n2)) (= (note-category n2) C) (= (relative-pitch n2) 5) (pitch>= n1 n2))	(multiply-duration 1.0 (transpose-diatonic #-1 n1))	(multiply-duration 1.0 (transpose-diatonic 1 n2))
TR	rel-pitch-5-to-5	1	true	n1 n2	(and (duration>= (duration n1) 8) (not (rest? n1)) (= (note-category n1) C) (= (relative-pitch n1) 5) (duration>= (duration n2) 8) (not (rest? n2)) (= (note-category n2) C) (= (relative-pitch n2) 5) (pitch>= n1 n2))	(multiply-duration 1.0 (transpose-diatonic #-1 n1))	(multiply-duration 1.0 (transpose-diatonic #-1 n2))
TR	rel-pitch-5-to-3	2	true	n1 n2	(and (duration>= (duration n1) 8) (not (rest? n1)) (= (note-category n1) C) (= (relative-pitch n1) 5) (duration>= (duration n2) 8) (not (rest? n2)) (= (note-category n2) C) (= (relative-pitch n2) 3) (pitch>= n1 n2))	(multiply-duration 1.0 (transpose-diatonic -1 n1))	(multiply-duration 1.0 (transpose-diatonic #1 n2))
TR	rel-pitch-5-to-3	1	true	n1 n2	(and (duration>= (duration n1) 8) (not (rest? n1)) (= (note-category n1) C) (= (relative-pitch n1) 5) (duration>= (duration n2) 8) (not (rest? n2)) (= (note-category n2) C) (= (relative-pitch n2) 3) (pitch>= n1 n2))	(multiply-duration 1.0 (transpose-diatonic #-1 n1))	(multiply-duration 1.0 (transpose-diatonic b1 n2))
TR	rel-pitch-5-to-1	2	true	n1 n2	(and (duration>= (duration n1) 8) (not (rest? n1)) (= (note-category n1) C) (= (relative-pitch n1) 5) (duration>= (duration n2) 8) (not (rest? n2)) (= (note-category n2) C) (= (relative-pitch n2) 1) (pitch< n1 n2))	(multiply-duration 1.0 (transpose-diatonic 2 n1))	(multiply-duration 1.0 (transpose-diatonic -1 n2))
TR	rel-pitch-5-to-rest	1	true	n1 n2	(and (duration>= (duration n1) 8) (not (rest? n1)) (= (note-category n1) C) (= (relative-pitch n1) 5) (duration>= (duration n2) 8) (rest? n2))	(multiply-duration 1.0 (transpose-diatonic -1 n1))	n2
TR	rel-pitch-5-to-rest	4	true	n1 n2	(and (duration>= (duration n1) 8) (not (rest? n1)) (= (note-category n1) C) (= (relative-pitch n1) 5) (duration>= (duration n2) 8) (rest? n2))	(multiply-duration 1.0 (transpose-diatonic 1 n1))	n2
TR	rel-pitch-5-to-1	1	true	n1 n2	(and (duration>= (duration n1) 8) (not (rest? n1)) (= (note-category n1) C) (= (relative-pitch n1) 5) (duration>= (duration n2) 8) (not (rest? n2)) (= (note-category n2) C) (= (relative-pitch n2) 1) (pitch>= n1 n2))	(multiply-duration 1.0 (transpose-diatonic #-1 n1))	(multiply-duration 1.0 (transpose-diatonic b2 n2))
TR	rel-pitch-5-to-5	1	true	n1 n2	(and (duration>= (duration n1) 8) (not (rest? n1)) (= (note-category n1) C) (= (relative-pitch n1) 5) (duration>= (duration n2) 8) (not (rest? n2)) (= (note-category n2) C) (= (relative-pitch n2) 5) (pitch>= n1 n2))	(multiply-duration 1.0 (transpose-diatonic -1 n1))	(multiply-duration 1.0 (transpose-diatonic #1 n2))
TR	rel-pitch-5-to-5	1	true	n1 n2	(and (duration>= (duration n1) 8) (not (rest? n1)) (= (note-category n1) C) (= (relative-pitch n1) 5) (duration>= (duration n2) 8) (not (rest? n2)) (= (note-category n2) C) (= (relative-pitch n2) 5) (pitch>= n1 n2))	(multiply-duration 1.0 (transpose-diatonic 1 n1))	(multiply-duration 0.5 (transpose-diatonic 2 n2))	(multiply-duration 0.5 (transpose-diatonic 1 n2))
TR	rel-pitch-5-to-3	1	true	n1 n2	(and (duration>= (duration n1) 8) (not (rest? n1)) (= (note-category n1) C) (= (relative-pitch n1) 5) (duration>= (duration n2) 8) (not (rest? n2)) (= (note-category n2) C) (= (relative-pitch n2) 3) (pitch>= n1 n2))	(multiply-duration 1.0 (transpose-diatonic 1 n1))	(multiply-duration 1.0 (transpose-diatonic #1 n2))
TR	rel-pitch-5-to-5	2	true	n1 n2	(and (duration>= (duration n1) 8) (not (rest? n1)) (= (note-category n1) C) (= (relative-pitch n1) 5) (duration>= (duration n2) 8) (not (rest? n2)) (= (note-category n2) C) (= (relative-pitch n2) 5) (pitch>= n1 n2))	(multiply-duration 1.0 (transpose-diatonic #1 n1))	(multiply-duration 1.0 (transpose-diatonic #1 n2))
TR	rel-pitch-5-to-5	1	true	n1 n2	(and (duration>= (duration n1) 8) (not (rest? n1)) (= (note-category n1) C) (= (relative-pitch n1) 5) (duration>= (duration n2) 8) (not (rest? n2)) (= (note-category n2) C) (= (relative-pitch n2) 5) (pitch>= n1 n2))	(multiply-duration 1.0 (transpose-diatonic #-1 n1))	(multiply-duration 1.0 (transpose-diatonic #1 n2))
TR	rel-pitch-5-to-3	1	true	n1 n2	(and (duration>= (duration n1) 8) (not (rest? n1)) (= (note-category n1) C) (= (relative-pitch n1) 5) (duration>= (duration n2) 8) (not (rest? n2)) (= (note-category n2) C) (= (relative-pitch n2) 3) (pitch>= n1 n2))	(multiply-duration 1.0 (transpose-diatonic 1 n1))	(multiply-duration 1.0 (transpose-diatonic -1 n2))
TR	rel-pitch-5-to-3	2	true	n1 n2	(and (duration>= (duration n1) 8) (not (rest? n1)) (= (note-category n1) C) (= (relative-pitch n1) 5) (duration>= (duration n2) 8) (not (rest? n2)) (= (note-category n2) C) (= (relative-pitch n2) 3) (pitch>= n1 n2))	(multiply-duration 1.0 (transpose-diatonic #1 n1))	(multiply-duration 1.0 (transpose-diatonic 1 n2))
TR	rel-pitch-5	5	true	n1	(and (duration>= (duration n1) 8) (not (rest? n1)) (= (note-category n1) C) (= (relative-pitch n1) 5))	(multiply-duration 0.3333333333333333 (transpose-diatonic #-1 n1))	(multiply-duration 0.6666666666666666 (transpose-diatonic 2 n1))
TR	rel-pitch-5	12	true	n1	(and (duration>= (duration n1) 8) (not (rest? n1)) (= (note-category n1) C) (= (relative-pitch n1) 5))	(multiply-duration 1.0 (transpose-diatonic #-1 n1))
TR	rel-pitch-5	7	true	n1	(and (duration>= (duration n1) 8) (not (rest? n1)) (= (note-category n1) C) (= (relative-pitch n1) 5))	(multiply-duration 0.5 (transpose-diatonic 1 n1))	(multiply-duration 0.5 (transpose-diatonic -1 n1))
TR	rel-pitch-5	22	true	n1	(and (duration>= (duration n1) 8) (not (rest? n1)) (= (note-category n1) C) (= (relative-pitch n1) 5))	(multiply-duration 1.0 (transpose-diatonic -1 n1))
TR	rel-pitch-5	62	true	n1	(and (duration>= (duration n1) 8) (not (rest? n1)) (= (note-category n1) C) (= (relative-pitch n1) 5))	(multiply-duration 1.0 (transpose-diatonic 1 n1))
TR	rel-pitch-5	1	true	n1	(and (duration>= (duration n1) 8) (not (rest? n1)) (= (note-category n1) C) (= (relative-pitch n1) 5))	(multiply-duration 0.3333333333333333 (transpose-diatonic 1 n1))	(multiply-duration 0.3333333333333333 (transpose-diatonic 2 n1))	(multiply-duration 0.3333333333333333 (transpose-diatonic 1 n1))
TR	rel-pitch-5	1	true	n1	(and (duration>= (duration n1) 8) (not (rest? n1)) (= (note-category n1) C) (= (relative-pitch n1) 5))	(multiply-duration 0.5 (transpose-diatonic -1 n1))	(multiply-duration 0.5 (transpose-diatonic #1 n1))
TR	rel-pitch-5	1	true	n1	(and (duration>= (duration n1) 8) (not (rest? n1)) (= (note-category n1) C) (= (relative-pitch n1) 5))	(multiply-duration 0.5 (transpose-diatonic 1 n1))	(multiply-duration 0.5 (transpose-diatonic 2 n1))
TR	rel-pitch-5	1	true	n1	(and (duration>= (duration n1) 8) (not (rest? n1)) (= (note-category n1) C) (= (relative-pitch n1) 5))	(multiply-duration 0.5 (make-rest n1))	(multiply-duration 0.5 (transpose-diatonic #-1 n1))
TR	rel-pitch-5	1	true	n1	(and (duration>= (duration n1) 8) (not (rest? n1)) (= (note-category n1) C) (= (relative-pitch n1) 5))	(multiply-duration 0.5 (transpose-diatonic 1 n1))	(multiply-duration 0.5 (transpose-diatonic b1 n1))
TR	rel-pitch-5	5	true	n1	(and (duration>= (duration n1) 8) (not (rest? n1)) (= (note-category n1) C) (= (relative-pitch n1) 5))	(multiply-duration 1.0 (transpose-diatonic 2 n1))
TR	rel-pitch-5	15	true	n1	(and (duration>= (duration n1) 8) (not (rest? n1)) (= (note-category n1) C) (= (relative-pitch n1) 5))	(multiply-duration 1.0 (transpose-diatonic #1 n1))
TR	rel-pitch-5	1	true	n1	(and (duration>= (duration n1) 8) (not (rest? n1)) (= (note-category n1) C) (= (relative-pitch n1) 5))	(multiply-duration 0.5 (transpose-diatonic 2 n1))	(multiply-duration 0.5 (transpose-diatonic 1 n1))
TR	rel-pitch-5	1	true	n1	(and (duration>= (duration n1) 8) (not (rest? n1)) (= (note-category n1) C) (= (relative-pitch n1) 5))	(multiply-duration 0.3333333333333333 (transpose-diatonic -1 n1))	(multiply-duration 0.6666666666666666 (transpose-diatonic 2 n1))
SUB	eighth-first-rel-pitch-1	motif	1	true
TR	rel-pitch-1-to-3	2	true	n1 n2	(and (duration>= (duration n1) 8) (not (rest? n1)) (= (note-category n1) C) (= (relative-pitch n1) 1) (duration>= (duration n2) 8) (not (rest? n2)) (= (note-category n2) C) (= (relative-pitch n2) 3) (pitch< n1 n2))	(multiply-duration 1.0 (transpose-diatonic #-1 n1))	(multiply-duration 1.0 (transpose-diatonic #-1 n2))
TR	rel-pitch-1-to-1	1	true	n1 n2	(and (duration>= (duration n1) 8) (not (rest? n1)) (= (note-category n1) C) (= (relative-pitch n1) 1) (duration>= (duration n2) 8) (not (rest? n2)) (= (note-category n2) C) (= (relative-pitch n2) 1) (pitch>= n1 n2))	(multiply-duration 1.0 (transpose-diatonic #-1 n1))	(multiply-duration 0.5 (transpose-diatonic 1 n2))	(multiply-duration 0.5 (transpose-diatonic #-1 n2))
TR	rel-pitch-1-to-1	10	true	n1 n2	(and (duration>= (duration n1) 8) (not (rest? n1)) (= (note-category n1) C) (= (relative-pitch n1) 1) (duration>= (duration n2) 8) (not (rest? n2)) (= (note-category n2) C) (= (relative-pitch n2) 1) (pitch>= n1 n2))	(multiply-duration 1.0 (transpose-diatonic 1 n1))	(multiply-duration 1.0 (transpose-diatonic 1 n2))
TR	rel-pitch-1-to-rest	4	true	n1 n2	(and (duration>= (duration n1) 8) (not (rest? n1)) (= (note-category n1) C) (= (relative-pitch n1) 1) (duration>= (duration n2) 8) (rest? n2))	(multiply-duration 1.0 (transpose-diatonic b2 n1))	n2
TR	rel-pitch-1-to-rest	5	true	n1 n2	(and (duration>= (duration n1) 8) (not (rest? n1)) (= (note-category n1) C) (= (relative-pitch n1) 1) (duration>= (duration n2) 8) (rest? n2))	(multiply-duration 1.0 (transpose-diatonic 1 n1))	n2
TR	rel-pitch-1-to-7	3	true	n1 n2	(and (duration>= (duration n1) 8) (not (rest? n1)) (= (note-category n1) C) (= (relative-pitch n1) 1) (duration>= (duration n2) 8) (not (rest? n2)) (= (note-category n2) C) (= (relative-pitch n2) 7) (pitch>= n1 n2))	(multiply-duration 1.0 (transpose-diatonic 1 n1))	(multiply-duration 1.0 (transpose-diatonic -1 n2))
TR	rel-pitch-1-to-rest	2	true	n1 n2	(and (duration>= (duration n1) 8) (not (rest? n1)) (= (note-category n1) C) (= (relative-pitch n1) 1) (duration>= (duration n2) 8) (rest? n2))	(multiply-duration 1.0 (transpose-diatonic #-1 n1))	n2
TR	rel-pitch-1-to-3	2	true	n1 n2	(and (duration>= (duration n1) 8) (not (rest? n1)) (= (note-category n1) C) (= (relative-pitch n1) 1) (duration>= (duration n2) 8) (not (rest? n2)) (= (note-category n2) C) (= (relative-pitch n2) 3) (pitch< n1 n2))	(multiply-duration 1.0 (transpose-diatonic 1 n1))	(multiply-duration 1.0 (transpose-diatonic 1 n2))
TR	rel-pitch-1-to-7	11	true	n1 n2	(and (duration>= (duration n1) 8) (not (rest? n1)) (= (note-category n1) C) (= (relative-pitch n1) 1) (duration>= (duration n2) 8) (not (rest? n2)) (= (note-category n2) C) (= (relative-pitch n2) 7) (pitch>= n1 n2))	(multiply-duration 1.0 (transpose-diatonic 1 n1))	(multiply-duration 1.0 (transpose-diatonic 1 n2))
TR	rel-pitch-1-to-1	3	true	n1 n2	(and (duration>= (duration n1) 8) (not (rest? n1)) (= (note-category n1) C) (= (relative-pitch n1) 1) (duration>= (duration n2) 8) (not (rest? n2)) (= (note-category n2) C) (= (relative-pitch n2) 1) (pitch>= n1 n2))	(multiply-duration 1.0 (transpose-diatonic b2 n1))	(multiply-duration 1.0 (transpose-diatonic #-1 n2))
TR	rel-pitch-1-to-5	1	true	n1 n2	(and (duration>= (duration n1) 8) (not (rest? n1)) (= (note-category n1) C) (= (relative-pitch n1) 1) (duration>= (duration n2) 8) (not (rest? n2)) (= (note-category n2) C) (= (relative-pitch n2) 5) (pitch< n1 n2))	(multiply-duration 1.0 (transpose-diatonic 2 n1))	(multiply-duration 1.0 (transpose-diatonic -1 n2))
TR	rel-pitch-1-to-5	1	true	n1 n2	(and (duration>= (duration n1) 8) (not (rest? n1)) (= (note-category n1) C) (= (relative-pitch n1) 1) (duration>= (duration n2) 8) (not (rest? n2)) (= (note-category n2) C) (= (relative-pitch n2) 5) (pitch< n1 n2))	(multiply-duration 0.5 (transpose-diatonic -1 n1))	(multiply-duration 0.5 (transpose-diatonic 2 n1))	(multiply-duration 0.5 (transpose-diatonic -1 n2))	(multiply-duration 0.5 (transpose-diatonic #1 n2))
TR	rel-pitch-1-to-1	1	true	n1 n2	(and (duration>= (duration n1) 8) (not (rest? n1)) (= (note-category n1) C) (= (relative-pitch n1) 1) (duration>= (duration n2) 8) (not (rest? n2)) (= (note-category n2) C) (= (relative-pitch n2) 1) (pitch>= n1 n2))	(multiply-duration 0.5 (transpose-diatonic 1 n1))	(multiply-duration 0.5 (transpose-diatonic b2 n1))	(multiply-duration 0.5 (transpose-diatonic 2 n2))	(multiply-duration 0.5 (transpose-diatonic 1 n2))
TR	rel-pitch-1-to-1	1	true	n1 n2	(and (duration>= (duration n1) 8) (not (rest? n1)) (= (note-category n1) C) (= (relative-pitch n1) 1) (duration>= (duration n2) 8) (not (rest? n2)) (= (note-category n2) C) (= (relative-pitch n2) 1) (pitch>= n1 n2))	(multiply-duration 1.0 (transpose-diatonic #-1 n1))	(multiply-duration 1.0 (transpose-diatonic 1 n2))
TR	rel-pitch-1-to-1	1	true	n1 n2	(and (duration>= (duration n1) 8) (not (rest? n1)) (= (note-category n1) C) (= (relative-pitch n1) 1) (duration>= (duration n2) 8) (not (rest? n2)) (= (note-category n2) C) (= (relative-pitch n2) 1) (pitch>= n1 n2))	(multiply-duration 1.0 (transpose-diatonic #-1 n1))	(multiply-duration 1.0 (transpose-diatonic #-1 n2))
TR	rel-pitch-1-to-3	7	true	n1 n2	(and (duration>= (duration n1) 8) (not (rest? n1)) (= (note-category n1) C) (= (relative-pitch n1) 1) (duration>= (duration n2) 8) (not (rest? n2)) (= (note-category n2) C) (= (relative-pitch n2) 3) (pitch< n1 n2))	(multiply-duration 1.0 (transpose-diatonic 1 n1))	(multiply-duration 1.0 (transpose-diatonic -1 n2))
TR	rel-pitch-1-to-7	1	true	n1 n2	(and (duration>= (duration n1) 8) (not (rest? n1)) (= (note-category n1) C) (= (relative-pitch n1) 1) (duration>= (duration n2) 8) (not (rest? n2)) (= (note-category n2) C) (= (relative-pitch n2) 7) (pitch>= n1 n2))	(multiply-duration 0.3333333333333333 (transpose-diatonic 1 n1))	(multiply-duration 0.3333333333333333 (transpose-diatonic 2 n1))	(multiply-duration 0.3333333333333333 (transpose-diatonic 1 n1))	(multiply-duration 1.0 (transpose-diatonic 1 n2))
TR	rel-pitch-1-to-1	3	true	n1 n2	(and (duration>= (duration n1) 8) (not (rest? n1)) (= (note-category n1) C) (= (relative-pitch n1) 1) (duration>= (duration n2) 8) (not (rest? n2)) (= (note-category n2) C) (= (relative-pitch n2) 1) (pitch>= n1 n2))	(multiply-duration 1.0 (transpose-diatonic 1 n1))	(multiply-duration 1.0 (transpose-diatonic #-1 n2))
TR	rel-pitch-1-to-3	1	true	n1 n2	(and (duration>= (duration n1) 8) (not (rest? n1)) (= (note-category n1) C) (= (relative-pitch n1) 1) (duration>= (duration n2) 8) (not (rest? n2)) (= (note-category n2) C) (= (relative-pitch n2) 3) (pitch< n1 n2))	(multiply-duration 1.0 (transpose-diatonic -1 n1))	(multiply-duration 1.0 (transpose-diatonic -1 n2))
TR	rel-pitch-1-to-5	1	true	n1 n2	(and (duration>= (duration n1) 8) (not (rest? n1)) (= (note-category n1) C) (= (relative-pitch n1) 1) (duration>= (duration n2) 8) (not (rest? n2)) (= (note-category n2) C) (= (relative-pitch n2) 5) (pitch>= n1 n2))	(multiply-duration 1.0 (transpose-diatonic #-1 n1))	(multiply-duration 1.0 (transpose-diatonic #1 n2))
TR	rel-pitch-1-to-b3	1	true	n1 n2	(and (duration>= (duration n1) 8) (not (rest? n1)) (= (note-category n1) C) (= (relative-pitch n1) 1) (duration>= (duration n2) 8) (not (rest? n2)) (= (note-category n2) C) (= (relative-pitch n2) b3) (pitch< n1 n2))	(multiply-duration 1.0 (transpose-diatonic 1 n1))	(multiply-duration 1.0 (transpose-diatonic #-1 n2))
TR	rel-pitch-1-to-3	1	true	n1 n2	(and (duration>= (duration n1) 8) (not (rest? n1)) (= (note-category n1) C) (= (relative-pitch n1) 1) (duration>= (duration n2) 8) (not (rest? n2)) (= (note-category n2) C) (= (relative-pitch n2) 3) (pitch< n1 n2))	(multiply-duration 1.0 (transpose-diatonic 1 n1))	(multiply-duration 1.0 (transpose-diatonic #-1 n2))
TR	rel-pitch-1-to-5	1	true	n1 n2	(and (duration>= (duration n1) 8) (not (rest? n1)) (= (note-category n1) C) (= (relative-pitch n1) 1) (duration>= (duration n2) 8) (not (rest? n2)) (= (note-category n2) C) (= (relative-pitch n2) 5) (pitch>= n1 n2))	(multiply-duration 1.0 (transpose-diatonic 1 n1))	(multiply-duration 1.0 (transpose-diatonic #-1 n2))
TR	rel-pitch-1-to-1	1	true	n1 n2	(and (duration>= (duration n1) 8) (not (rest? n1)) (= (note-category n1) C) (= (relative-pitch n1) 1) (duration>= (duration n2) 8) (not (rest? n2)) (= (note-category n2) C) (= (relative-pitch n2) 1) (pitch>= n1 n2))	(multiply-duration 1.0 (transpose-diatonic -1 n1))	(multiply-duration 1.0 (transpose-diatonic -1 n2))
TR	rel-pitch-1-to-3	1	true	n1 n2	(and (duration>= (duration n1) 8) (not (rest? n1)) (= (note-category n1) C) (= (relative-pitch n1) 1) (duration>= (duration n2) 8) (not (rest? n2)) (= (note-category n2) C) (= (relative-pitch n2) 3) (pitch< n1 n2))	(multiply-duration 1.0 (transpose-diatonic 2 n1))	(multiply-duration 1.0 (transpose-diatonic #-1 n2))
TR	rel-pitch-1-to-1	6	true	n1 n2	(and (duration>= (duration n1) 8) (not (rest? n1)) (= (note-category n1) C) (= (relative-pitch n1) 1) (duration>= (duration n2) 8) (not (rest? n2)) (= (note-category n2) C) (= (relative-pitch n2) 1) (pitch>= n1 n2))	(multiply-duration 1.0 (transpose-diatonic b2 n1))	(multiply-duration 1.0 (transpose-diatonic b2 n2))
TR	rel-pitch-1	1	true	n1	(and (duration>= (duration n1) 8) (not (rest? n1)) (= (note-category n1) C) (= (relative-pitch n1) 1))	(multiply-duration 0.5 (transpose-diatonic 1 n1))	(multiply-duration 0.5 (transpose-diatonic #-1 n1))
TR	rel-pitch-1	16	true	n1	(and (duration>= (duration n1) 8) (not (rest? n1)) (= (note-category n1) C) (= (relative-pitch n1) 1))	(multiply-duration 1.0 (transpose-diatonic #-1 n1))
TR	rel-pitch-1	25	true	n1	(and (duration>= (duration n1) 8) (not (rest? n1)) (= (note-category n1) C) (= (relative-pitch n1) 1))	(multiply-duration 1.0 (transpose-diatonic b2 n1))
TR	rel-pitch-1	8	true	n1	(and (duration>= (duration n1) 8) (not (rest? n1)) (= (note-category n1) C) (= (relative-pitch n1) 1))	(multiply-duration 1.0 (transpose-diatonic 2 n1))
TR	rel-pitch-1	67	true	n1	(and (duration>= (duration n1) 8) (not (rest? n1)) (= (note-category n1) C) (= (relative-pitch n1) 1))	(multiply-duration 1.0 (transpose-diatonic 1 n1))
TR	rel-pitch-1	2	true	n1	(and (duration>= (duration n1) 8) (not (rest? n1)) (= (note-category n1) C) (= (relative-pitch n1) 1))	(multiply-duration 0.5 (transpose-diatonic 2 n1))	(multiply-duration 0.5 (transpose-diatonic 1 n1))
TR	rel-pitch-1	2	true	n1	(and (duration>= (duration n1) 8) (not (rest? n1)) (= (note-category n1) C) (= (relative-pitch n1) 1))	(multiply-duration 0.5 (transpose-diatonic 1 n1))	(multiply-duration 0.5 (transpose-diatonic b2 n1))
TR	rel-pitch-1	2	true	n1	(and (duration>= (duration n1) 8) (not (rest? n1)) (= (note-category n1) C) (= (relative-pitch n1) 1))	(multiply-duration 0.5 (transpose-diatonic -1 n1))	(multiply-duration 0.5 (transpose-diatonic 2 n1))
TR	rel-pitch-1	1	true	n1	(and (duration>= (duration n1) 8) (not (rest? n1)) (= (note-category n1) C) (= (relative-pitch n1) 1))	(multiply-duration 0.3333333333333333 (transpose-diatonic 1 n1))	(multiply-duration 0.6666666666666666 (transpose-diatonic 3 n1))
TR	rel-pitch-1	1	true	n1	(and (duration>= (duration n1) 8) (not (rest? n1)) (= (note-category n1) C) (= (relative-pitch n1) 1))	(multiply-duration 0.3333333333333333 (transpose-diatonic 1 n1))	(multiply-duration 0.3333333333333333 (transpose-diatonic 2 n1))	(multiply-duration 0.3333333333333333 (transpose-diatonic 1 n1))
TR	rel-pitch-1	1	true	n1	(and (duration>= (duration n1) 8) (not (rest? n1)) (= (note-category n1) C) (= (relative-pitch n1) 1))	(multiply-duration 0.5 (transpose-diatonic 1 n1))	(multiply-duration 0.5 (transpose-diatonic -1 n1))
TR	rel-pitch-1	7	true	n1	(and (duration>= (duration n1) 8) (not (rest? n1)) (= (note-category n1) C) (= (relative-pitch n1) 1))	(multiply-duration 1.0 (transpose-diatonic -1 n1))
SUB	eighth-first-rel-pitch-3	motif	1	true
TR	rel-pitch-3-to-3	1	true	n1 n2	(and (duration>= (duration n1) 8) (not (rest? n1)) (= (note-category n1) C) (= (relative-pitch n1) 3) (duration>= (duration n2) 8) (not (rest? n2)) (= (note-category n2) C) (= (relative-pitch n2) 3) (pitch>= n1 n2))	(multiply-duration 1.0 (transpose-diatonic 1 n1))	(multiply-duration 1.0 (transpose-diatonic b1 n2))
TR	rel-pitch-3-to-1	4	true	n1 n2	(and (duration>= (duration n1) 8) (not (rest? n1)) (= (note-category n1) C) (= (relative-pitch n1) 3) (duration>= (duration n2) 8) (not (rest? n2)) (= (note-category n2) C) (= (relative-pitch n2) 1) (pitch>= n1 n2))	(multiply-duration 1.0 (transpose-diatonic 1 n1))	(multiply-duration 1.0 (transpose-diatonic 1 n2))
TR	rel-pitch-3-to-3	8	true	n1 n2	(and (duration>= (duration n1) 8) (not (rest? n1)) (= (note-category n1) C) (= (relative-pitch n1) 3) (duration>= (duration n2) 8) (not (rest? n2)) (= (note-category n2) C) (= (relative-pitch n2) 3) (pitch>= n1 n2))	(multiply-duration 1.0 (transpose-diatonic 1 n1))	(multiply-duration 1.0 (transpose-diatonic 1 n2))
TR	rel-pitch-3-to-7	1	true	n1 n2	(and (duration>= (duration n1) 8) (not (rest? n1)) (= (note-category n1) C) (= (relative-pitch n1) 3) (duration>= (duration n2) 8) (not (rest? n2)) (= (note-category n2) C) (= (relative-pitch n2) 7) (pitch< n1 n2))	(multiply-duration 0.5 (make-rest n1))	(multiply-duration 0.5 (transpose-diatonic 2 n1))	(multiply-duration 0.5 (transpose-diatonic -1 n2))	(multiply-duration 0.5 (transpose-diatonic 2 n2))
TR	rel-pitch-3-to-3	1	true	n1 n2	(and (duration>= (duration n1) 8) (not (rest? n1)) (= (note-category n1) C) (= (relative-pitch n1) 3) (duration>= (duration n2) 8) (not (rest? n2)) (= (note-category n2) C) (= (relative-pitch n2) 3) (pitch>= n1 n2))	(multiply-duration 1.0 (transpose-diatonic -1 n1))	(multiply-duration 1.0 (transpose-diatonic -1 n2))
TR	rel-pitch-3-to-1	1	true	n1 n2	(and (duration>= (duration n1) 8) (not (rest? n1)) (= (note-category n1) C) (= (relative-pitch n1) 3) (duration>= (duration n2) 8) (not (rest? n2)) (= (note-category n2) C) (= (relative-pitch n2) 1) (pitch>= n1 n2))	(multiply-duration 1.0 (transpose-diatonic -1 n1))	(multiply-duration 1.0 (transpose-diatonic 1 n2))
TR	rel-pitch-3-to-5	4	true	n1 n2	(and (duration>= (duration n1) 8) (not (rest? n1)) (= (note-category n1) C) (= (relative-pitch n1) 3) (duration>= (duration n2) 8) (not (rest? n2)) (= (note-category n2) C) (= (relative-pitch n2) 5) (pitch< n1 n2))	(multiply-duration 1.0 (transpose-diatonic 1 n1))	(multiply-duration 1.0 (transpose-diatonic -1 n2))
TR	rel-pitch-3-to-5	2	true	n1 n2	(and (duration>= (duration n1) 8) (not (rest? n1)) (= (note-category n1) C) (= (relative-pitch n1) 3) (duration>= (duration n2) 8) (not (rest? n2)) (= (note-category n2) C) (= (relative-pitch n2) 5) (pitch< n1 n2))	(multiply-duration 1.0 (transpose-diatonic 2 n1))	(multiply-duration 1.0 (transpose-diatonic 1 n2))
TR	rel-pitch-3-to-7	2	true	n1 n2	(and (duration>= (duration n1) 8) (not (rest? n1)) (= (note-category n1) C) (= (relative-pitch n1) 3) (duration>= (duration n2) 8) (not (rest? n2)) (= (note-category n2) C) (= (relative-pitch n2) 7) (pitch>= n1 n2))	(multiply-duration 1.0 (transpose-diatonic -1 n1))	(multiply-duration 1.0 (transpose-diatonic 1 n2))
TR	rel-pitch-3-to-5	4	true	n1 n2	(and (duration>= (duration n1) 8) (not (rest? n1)) (= (note-category n1) C) (= (relative-pitch n1) 3) (duration>= (duration n2) 8) (not (rest? n2)) (= (note-category n2) C) (= (relative-pitch n2) 5) (pitch>= n1 n2))	(multiply-duration 1.0 (transpose-diatonic 1 n1))	(multiply-duration 1.0 (transpose-diatonic 1 n2))
TR	rel-pitch-3-to-3	2	true	n1 n2	(and (duration>= (duration n1) 8) (not (rest? n1)) (= (note-category n1) C) (= (relative-pitch n1) 3) (duration>= (duration n2) 8) (not (rest? n2)) (= (note-category n2) C) (= (relative-pitch n2) 3) (pitch>= n1 n2))	(multiply-duration 1.0 (transpose-diatonic #-1 n1))	(multiply-duration 1.0 (transpose-diatonic 1 n2))
TR	rel-pitch-3-to-3	5	true	n1 n2	(and (duration>= (duration n1) 8) (not (rest? n1)) (= (note-category n1) C) (= (relative-pitch n1) 3) (duration>= (duration n2) 8) (not (rest? n2)) (= (note-category n2) C) (= (relative-pitch n2) 3) (pitch>= n1 n2))	(multiply-duration 1.0 (transpose-diatonic 1 n1))	(multiply-duration 1.0 (transpose-diatonic -1 n2))
TR	rel-pitch-3-to-3	1	true	n1 n2	(and (duration>= (duration n1) 8) (not (rest? n1)) (= (note-category n1) C) (= (relative-pitch n1) 3) (duration>= (duration n2) 8) (not (rest? n2)) (= (note-category n2) C) (= (relative-pitch n2) 3) (pitch>= n1 n2))	(multiply-duration 1.0 (transpose-diatonic 2 n1))	(multiply-duration 1.0 (transpose-diatonic b1 n2))
TR	rel-pitch-3-to-7	3	true	n1 n2	(and (duration>= (duration n1) 8) (not (rest? n1)) (= (note-category n1) C) (= (relative-pitch n1) 3) (duration>= (duration n2) 8) (not (rest? n2)) (= (note-category n2) C) (= (relative-pitch n2) 7) (pitch< n1 n2))	(multiply-duration 1.0 (transpose-diatonic 1 n1))	(multiply-duration 1.0 (transpose-diatonic -1 n2))
TR	rel-pitch-3-to-3	5	true	n1 n2	(and (duration>= (duration n1) 8) (not (rest? n1)) (= (note-category n1) C) (= (relative-pitch n1) 3) (duration>= (duration n2) 8) (not (rest? n2)) (= (note-category n2) C) (= (relative-pitch n2) 3) (pitch>= n1 n2))	(multiply-duration 1.0 (transpose-diatonic 2 n1))	(multiply-duration 1.0 (transpose-diatonic -1 n2))
TR	rel-pitch-3-to-5	2	true	n1 n2	(and (duration>= (duration n1) 8) (not (rest? n1)) (= (note-category n1) C) (= (relative-pitch n1) 3) (duration>= (duration n2) 8) (not (rest? n2)) (= (note-category n2) C) (= (relative-pitch n2) 5) (pitch>= n1 n2))	(multiply-duration 1.0 (transpose-diatonic 1 n1))	(multiply-duration 1.0 (transpose-diatonic #1 n2))
TR	rel-pitch-3-to-5	5	true	n1 n2	(and (duration>= (duration n1) 8) (not (rest? n1)) (= (note-category n1) C) (= (relative-pitch n1) 3) (duration>= (duration n2) 8) (not (rest? n2)) (= (note-category n2) C) (= (relative-pitch n2) 5) (pitch< n1 n2))	(multiply-duration 0.6666666666666666 (transpose-diatonic b1 n1))	(multiply-duration 0.3333333333333333 (transpose-diatonic #2 n1))	(multiply-duration 0.3333333333333333 (transpose-diatonic #-1 n2))	(multiply-duration 0.6666666666666666 (transpose-diatonic 2 n2))
TR	rel-pitch-3-to-1	6	true	n1 n2	(and (duration>= (duration n1) 8) (not (rest? n1)) (= (note-category n1) C) (= (relative-pitch n1) 3) (duration>= (duration n2) 8) (not (rest? n2)) (= (note-category n2) C) (= (relative-pitch n2) 1) (pitch>= n1 n2))	(multiply-duration 1.0 (transpose-diatonic 1 n1))	(multiply-duration 1.0 (transpose-diatonic 2 n2))
TR	rel-pitch-3-to-3	2	true	n1 n2	(and (duration>= (duration n1) 8) (not (rest? n1)) (= (note-category n1) C) (= (relative-pitch n1) 3) (duration>= (duration n2) 8) (not (rest? n2)) (= (note-category n2) C) (= (relative-pitch n2) 3) (pitch>= n1 n2))	(multiply-duration 1.0 (transpose-diatonic 2 n1))	(multiply-duration 1.0 (transpose-diatonic 2 n2))
TR	rel-pitch-3-to-rest	6	true	n1 n2	(and (duration>= (duration n1) 8) (not (rest? n1)) (= (note-category n1) C) (= (relative-pitch n1) 3) (duration>= (duration n2) 8) (rest? n2))	(multiply-duration 1.0 (transpose-diatonic 1 n1))	n2
TR	rel-pitch-3-to-5	1	true	n1 n2	(and (duration>= (duration n1) 8) (not (rest? n1)) (= (note-category n1) C) (= (relative-pitch n1) 3) (duration>= (duration n2) 8) (not (rest? n2)) (= (note-category n2) C) (= (relative-pitch n2) 5) (pitch< n1 n2))	(multiply-duration 1.0 (transpose-diatonic 1 n1))	(multiply-duration 1.0 (transpose-diatonic 1 n2))
TR	rel-pitch-3-to-3	1	true	n1 n2	(and (duration>= (duration n1) 8) (not (rest? n1)) (= (note-category n1) C) (= (relative-pitch n1) 3) (duration>= (duration n2) 8) (not (rest? n2)) (= (note-category n2) C) (= (relative-pitch n2) 3) (pitch>= n1 n2))	(multiply-duration 0.3333333333333333 (transpose-diatonic 2 n1))	(multiply-duration 0.3333333333333333 (transpose-diatonic 3 n1))	(multiply-duration 0.3333333333333333 (transpose-diatonic 2 n1))	(multiply-duration 1.0 (transpose-diatonic -1 n2))
TR	rel-pitch-3-to-1	2	true	n1 n2	(and (duration>= (duration n1) 8) (not (rest? n1)) (= (note-category n1) C) (= (relative-pitch n1) 3) (duration>= (duration n2) 8) (not (rest? n2)) (= (note-category n2) C) (= (relative-pitch n2) 1) (pitch>= n1 n2))	(multiply-duration 1.0 (transpose-diatonic b1 n1))	(multiply-duration 1.0 (transpose-diatonic b2 n2))
TR	rel-pitch-3-to-3	5	true	n1 n2	(and (duration>= (duration n1) 8) (not (rest? n1)) (= (note-category n1) C) (= (relative-pitch n1) 3) (duration>= (duration n2) 8) (not (rest? n2)) (= (note-category n2) C) (= (relative-pitch n2) 3) (pitch>= n1 n2))	(multiply-duration 1.0 (transpose-diatonic b1 n1))	(multiply-duration 1.0 (transpose-diatonic b1 n2))
TR	rel-pitch-3-to-3	1	true	n1 n2	(and (duration>= (duration n1) 8) (not (rest? n1)) (= (note-category n1) C) (= (relative-pitch n1) 3) (duration>= (duration n2) 8) (not (rest? n2)) (= (note-category n2) C) (= (relative-pitch n2) 3) (pitch< n1 n2))	(multiply-duration 1.0 (transpose-diatonic 1 n1))	(multiply-duration 1.0 (transpose-diatonic b1 n2))
TR	rel-pitch-3-to-#5	1	true	n1 n2	(and (duration>= (duration n1) 8) (not (rest? n1)) (= (note-category n1) C) (= (relative-pitch n1) 3) (duration>= (duration n2) 8) (not (rest? n2)) (= (note-category n2) C) (= (relative-pitch n2) #5) (pitch< n1 n2))	(multiply-duration 1.0 (transpose-diatonic 2 n1))	(multiply-duration 0.5 (transpose-diatonic b1 n2))	(multiply-duration 0.5 (transpose-diatonic b-1 n2))
TR	rel-pitch-3-to-3	1	true	n1 n2	(and (duration>= (duration n1) 8) (not (rest? n1)) (= (note-category n1) C) (= (relative-pitch n1) 3) (duration>= (duration n2) 8) (not (rest? n2)) (= (note-category n2) C) (= (relative-pitch n2) 3) (pitch>= n1 n2))	(multiply-duration 1.0 (transpose-diatonic -1 n1))	(multiply-duration 0.5 (transpose-diatonic 1 n2))	(multiply-duration 0.5 (transpose-diatonic -1 n2))
TR	rel-pitch-3-to-1	1	true	n1 n2	(and (duration>= (duration n1) 8) (not (rest? n1)) (= (note-category n1) C) (= (relative-pitch n1) 3) (duration>= (duration n2) 8) (not (rest? n2)) (= (note-category n2) C) (= (relative-pitch n2) 1) (pitch>= n1 n2))	(multiply-duration 0.5 (transpose-diatonic 2 n1))	(multiply-duration 0.5 (transpose-diatonic 1 n1))	(multiply-duration 0.5 (transpose-diatonic 2 n2))	(multiply-duration 0.5 (transpose-diatonic 1 n2))
TR	rel-pitch-3-to-3	1	true	n1 n2	(and (duration>= (duration n1) 8) (not (rest? n1)) (= (note-category n1) C) (= (relative-pitch n1) 3) (duration>= (duration n2) 8) (not (rest? n2)) (= (note-category n2) C) (= (relative-pitch n2) 3) (pitch>= n1 n2))	(multiply-duration 0.5 (transpose-diatonic 2 n1))	(multiply-duration 0.5 (transpose-diatonic -1 n1))	(multiply-duration 0.5 (transpose-diatonic b1 n2))	(multiply-duration 0.5 (transpose-diatonic 1 n2))
TR	rel-pitch-3-to-1	1	true	n1 n2	(and (duration>= (duration n1) 8) (not (rest? n1)) (= (note-category n1) C) (= (relative-pitch n1) 3) (duration>= (duration n2) 8) (not (rest? n2)) (= (note-category n2) C) (= (relative-pitch n2) 1) (pitch>= n1 n2))	(multiply-duration 1.0 (transpose-diatonic -1 n1))	(multiply-duration 1.0 (transpose-diatonic b2 n2))
TR	rel-pitch-3-to-rest	1	true	n1 n2	(and (duration>= (duration n1) 8) (not (rest? n1)) (= (note-category n1) C) (= (relative-pitch n1) 3) (duration>= (duration n2) 8) (rest? n2))	(multiply-duration 1.0 (transpose-diatonic -1 n1))	n2
TR	rel-pitch-3-to-3	2	true	n1 n2	(and (duration>= (duration n1) 8) (not (rest? n1)) (= (note-category n1) C) (= (relative-pitch n1) 3) (duration>= (duration n2) 8) (not (rest? n2)) (= (note-category n2) C) (= (relative-pitch n2) 3) (pitch>= n1 n2))	(multiply-duration 1.0 (transpose-diatonic 1 n1))	(multiply-duration 1.0 (transpose-diatonic 2 n2))
TR	rel-pitch-3-to-3	1	true	n1 n2	(and (duration>= (duration n1) 8) (not (rest? n1)) (= (note-category n1) C) (= (relative-pitch n1) 3) (duration>= (duration n2) 8) (not (rest? n2)) (= (note-category n2) C) (= (relative-pitch n2) 3) (pitch>= n1 n2))	(multiply-duration 1.0 (transpose-diatonic #1 n1))	(multiply-duration 1.0 (transpose-diatonic -1 n2))
TR	rel-pitch-3-to-7	1	true	n1 n2	(and (duration>= (duration n1) 8) (not (rest? n1)) (= (note-category n1) C) (= (relative-pitch n1) 3) (duration>= (duration n2) 8) (not (rest? n2)) (= (note-category n2) C) (= (relative-pitch n2) 7) (pitch>= n1 n2))	(multiply-duration 1.0 (transpose-diatonic -1 n1))	(multiply-duration 1.0 (transpose-diatonic -1 n2))
TR	rel-pitch-3-to-3	1	true	n1 n2	(and (duration>= (duration n1) 8) (not (rest? n1)) (= (note-category n1) C) (= (relative-pitch n1) 3) (duration>= (duration n2) 8) (not (rest? n2)) (= (note-category n2) C) (= (relative-pitch n2) 3) (pitch>= n1 n2))	(multiply-duration 1.0 (transpose-diatonic #1 n1))	(multiply-duration 1.0 (transpose-diatonic #1 n2))
TR	rel-pitch-3-to-1	1	true	n1 n2	(and (duration>= (duration n1) 8) (not (rest? n1)) (= (note-category n1) C) (= (relative-pitch n1) 3) (duration>= (duration n2) 8) (not (rest? n2)) (= (note-category n2) C) (= (relative-pitch n2) 1) (pitch>= n1 n2))	(multiply-duration 0.3333333333333333 (transpose-diatonic -1 n1))	(multiply-duration 0.3333333333333333 (transpose-diatonic 1 n1))	(multiply-duration 0.3333333333333333 (transpose-diatonic -1 n1))	(multiply-duration 1.0 (transpose-diatonic -1 n2))
TR	rel-pitch-3-to-rest	1	true	n1 n2	(and (duration>= (duration n1) 8) (not (rest? n1)) (= (note-category n1) C) (= (relative-pitch n1) 3) (duration>= (duration n2) 8) (rest? n2))	(multiply-duration 1.0 (transpose-diatonic 2 n1))	n2
TR	rel-pitch-3-to-5	1	true	n1 n2	(and (duration>= (duration n1) 8) (not (rest? n1)) (= (note-category n1) C) (= (relative-pitch n1) 3) (duration>= (duration n2) 8) (not (rest? n2)) (= (note-category n2) C) (= (relative-pitch n2) 5) (pitch< n1 n2))	(multiply-duration 0.6666666666666666 (transpose-diatonic -1 n1))	(multiply-duration 0.3333333333333333 (transpose-diatonic 2 n1))	(multiply-duration 0.3333333333333333 (transpose-diatonic -1 n2))	(multiply-duration 0.6666666666666666 (transpose-diatonic 2 n2))
TR	rel-pitch-3-to-1	1	true	n1 n2	(and (duration>= (duration n1) 8) (not (rest? n1)) (= (note-category n1) C) (= (relative-pitch n1) 3) (duration>= (duration n2) 8) (not (rest? n2)) (= (note-category n2) C) (= (relative-pitch n2) 1) (pitch>= n1 n2))	(multiply-duration 1.0 (transpose-diatonic 2 n1))	(multiply-duration 1.0 (transpose-diatonic b2 n2))
TR	rel-pitch-3-to-1	1	true	n1 n2	(and (duration>= (duration n1) 8) (not (rest? n1)) (= (note-category n1) C) (= (relative-pitch n1) 3) (duration>= (duration n2) 8) (not (rest? n2)) (= (note-category n2) C) (= (relative-pitch n2) 1) (pitch>= n1 n2))	(multiply-duration 1.0 (transpose-diatonic -1 n1))	(multiply-duration 1.0 (transpose-diatonic -1 n2))
TR	rel-pitch-3-to-7	1	true	n1 n2	(and (duration>= (duration n1) 8) (not (rest? n1)) (= (note-category n1) C) (= (relative-pitch n1) 3) (duration>= (duration n2) 8) (not (rest? n2)) (= (note-category n2) C) (= (relative-pitch n2) 7) (pitch< n1 n2))	(multiply-duration 1.0 (transpose-diatonic 1 n1))	(multiply-duration 1.0 (transpose-diatonic 1 n2))
TR	rel-pitch-3	1	true	n1	(and (duration>= (duration n1) 8) (not (rest? n1)) (= (note-category n1) C) (= (relative-pitch n1) 3))	(multiply-duration 0.5 (make-rest n1))	(multiply-duration 0.5 (transpose-diatonic 2 n1))
TR	rel-pitch-3	6	true	n1	(and (duration>= (duration n1) 8) (not (rest? n1)) (= (note-category n1) C) (= (relative-pitch n1) 3))	(multiply-duration 1.0 (transpose-diatonic #-1 n1))
TR	rel-pitch-3	17	true	n1	(and (duration>= (duration n1) 8) (not (rest? n1)) (= (note-category n1) C) (= (relative-pitch n1) 3))	(multiply-duration 1.0 (transpose-diatonic b1 n1))
TR	rel-pitch-3	1	true	n1	(and (duration>= (duration n1) 8) (not (rest? n1)) (= (note-category n1) C) (= (relative-pitch n1) 3))	(multiply-duration 0.5 (transpose-diatonic 2 n1))	(multiply-duration 0.5 (transpose-diatonic b1 n1))
TR	rel-pitch-3	33	true	n1	(and (duration>= (duration n1) 8) (not (rest? n1)) (= (note-category n1) C) (= (relative-pitch n1) 3))	(multiply-duration 1.0 (transpose-diatonic -1 n1))
TR	rel-pitch-3	5	true	n1	(and (duration>= (duration n1) 8) (not (rest? n1)) (= (note-category n1) C) (= (relative-pitch n1) 3))	(multiply-duration 0.6666666666666666 (transpose-diatonic b1 n1))	(multiply-duration 0.3333333333333333 (transpose-diatonic #2 n1))
TR	rel-pitch-3	22	true	n1	(and (duration>= (duration n1) 8) (not (rest? n1)) (= (note-category n1) C) (= (relative-pitch n1) 3))	(multiply-duration 1.0 (transpose-diatonic 2 n1))
TR	rel-pitch-3	79	true	n1	(and (duration>= (duration n1) 8) (not (rest? n1)) (= (note-category n1) C) (= (relative-pitch n1) 3))	(multiply-duration 1.0 (transpose-diatonic 1 n1))
TR	rel-pitch-3	1	true	n1	(and (duration>= (duration n1) 8) (not (rest? n1)) (= (note-category n1) C) (= (relative-pitch n1) 3))	(multiply-duration 0.3333333333333333 (transpose-diatonic 2 n1))	(multiply-duration 0.3333333333333333 (transpose-diatonic 3 n1))	(multiply-duration 0.3333333333333333 (transpose-diatonic 2 n1))
TR	rel-pitch-3	2	true	n1	(and (duration>= (duration n1) 8) (not (rest? n1)) (= (note-category n1) C) (= (relative-pitch n1) 3))	(multiply-duration 0.5 (transpose-diatonic 1 n1))	(multiply-duration 0.5 (transpose-diatonic -1 n1))
TR	rel-pitch-3	1	true	n1	(and (duration>= (duration n1) 8) (not (rest? n1)) (= (note-category n1) C) (= (relative-pitch n1) 3))	(multiply-duration 0.5 (transpose-diatonic 2 n1))	(multiply-duration 0.5 (transpose-diatonic 1 n1))
TR	rel-pitch-3	1	true	n1	(and (duration>= (duration n1) 8) (not (rest? n1)) (= (note-category n1) C) (= (relative-pitch n1) 3))	(multiply-duration 0.5 (transpose-diatonic b1 n1))	(multiply-duration 0.5 (transpose-diatonic 1 n1))
TR	rel-pitch-3	1	true	n1	(and (duration>= (duration n1) 8) (not (rest? n1)) (= (note-category n1) C) (= (relative-pitch n1) 3))	(multiply-duration 0.5 (transpose-diatonic 2 n1))	(multiply-duration 0.5 (transpose-diatonic -1 n1))
TR	rel-pitch-3	6	true	n1	(and (duration>= (duration n1) 8) (not (rest? n1)) (= (note-category n1) C) (= (relative-pitch n1) 3))	(multiply-duration 1.0 (transpose-diatonic #1 n1))
TR	rel-pitch-3	1	true	n1	(and (duration>= (duration n1) 8) (not (rest? n1)) (= (note-category n1) C) (= (relative-pitch n1) 3))	(multiply-duration 0.3333333333333333 (transpose-diatonic -2 n1))	(multiply-duration 0.6666666666666666 (transpose-diatonic 1 n1))
TR	rel-pitch-3	1	true	n1	(and (duration>= (duration n1) 8) (not (rest? n1)) (= (note-category n1) C) (= (relative-pitch n1) 3))	(multiply-duration 0.5 (transpose-diatonic 1 n1))	(multiply-duration 0.5 (transpose-diatonic 2 n1))
TR	rel-pitch-3	1	true	n1	(and (duration>= (duration n1) 8) (not (rest? n1)) (= (note-category n1) C) (= (relative-pitch n1) 3))	(multiply-duration 0.3333333333333333 (transpose-diatonic -1 n1))	(multiply-duration 0.3333333333333333 (transpose-diatonic 1 n1))	(multiply-duration 0.3333333333333333 (transpose-diatonic -1 n1))
TR	rel-pitch-3	1	true	n1	(and (duration>= (duration n1) 8) (not (rest? n1)) (= (note-category n1) C) (= (relative-pitch n1) 3))	(multiply-duration 0.6666666666666666 (transpose-diatonic -1 n1))	(multiply-duration 0.3333333333333333 (transpose-diatonic 2 n1))
SUB	eighth-first-rel-pitch-7	motif	1	true
TR	rel-pitch-7-to-5	1	true	n1 n2	(and (duration>= (duration n1) 8) (not (rest? n1)) (= (note-category n1) C) (= (relative-pitch n1) 7) (duration>= (duration n2) 8) (not (rest? n2)) (= (note-category n2) C) (= (relative-pitch n2) 5) (pitch< n1 n2))	(multiply-duration 1.0 (transpose-diatonic #-1 n1))	(multiply-duration 1.0 (transpose-diatonic -1 n2))
TR	rel-pitch-7-to-rest	1	true	n1 n2	(and (duration>= (duration n1) 8) (not (rest? n1)) (= (note-category n1) C) (= (relative-pitch n1) 7) (duration>= (duration n2) 8) (rest? n2))	(multiply-duration 1.0 (transpose-diatonic #-1 n1))	n2
TR	rel-pitch-7-to-7	5	true	n1 n2	(and (duration>= (duration n1) 8) (not (rest? n1)) (= (note-category n1) C) (= (relative-pitch n1) 7) (duration>= (duration n2) 8) (not (rest? n2)) (= (note-category n2) C) (= (relative-pitch n2) 7) (pitch>= n1 n2))	(multiply-duration 1.0 (transpose-diatonic -1 n1))	(multiply-duration 1.0 (transpose-diatonic 1 n2))
TR	rel-pitch-7-to-1	2	true	n1 n2	(and (duration>= (duration n1) 8) (not (rest? n1)) (= (note-category n1) C) (= (relative-pitch n1) 7) (duration>= (duration n2) 8) (not (rest? n2)) (= (note-category n2) C) (= (relative-pitch n2) 1) (pitch< n1 n2))	(multiply-duration 1.0 (transpose-diatonic #-1 n1))	(multiply-duration 1.0 (transpose-diatonic 1 n2))
TR	rel-pitch-7-to-5	3	true	n1 n2	(and (duration>= (duration n1) 8) (not (rest? n1)) (= (note-category n1) C) (= (relative-pitch n1) 7) (duration>= (duration n2) 8) (not (rest? n2)) (= (note-category n2) C) (= (relative-pitch n2) 5) (pitch>= n1 n2))	(multiply-duration 1.0 (transpose-diatonic 1 n1))	(multiply-duration 1.0 (transpose-diatonic #1 n2))
TR	rel-pitch-7-to-rest	4	true	n1 n2	(and (duration>= (duration n1) 8) (not (rest? n1)) (= (note-category n1) C) (= (relative-pitch n1) 7) (duration>= (duration n2) 8) (rest? n2))	(multiply-duration 1.0 (transpose-diatonic 1 n1))	n2
TR	rel-pitch-7-to-7	5	true	n1 n2	(and (duration>= (duration n1) 8) (not (rest? n1)) (= (note-category n1) C) (= (relative-pitch n1) 7) (duration>= (duration n2) 8) (not (rest? n2)) (= (note-category n2) C) (= (relative-pitch n2) 7) (pitch>= n1 n2))	(multiply-duration 1.0 (transpose-diatonic 1 n1))	(multiply-duration 1.0 (transpose-diatonic -1 n2))
TR	rel-pitch-7-to-7	2	true	n1 n2	(and (duration>= (duration n1) 8) (not (rest? n1)) (= (note-category n1) C) (= (relative-pitch n1) 7) (duration>= (duration n2) 8) (not (rest? n2)) (= (note-category n2) C) (= (relative-pitch n2) 7) (pitch>= n1 n2))	(multiply-duration 1.0 (transpose-diatonic -1 n1))	(multiply-duration 0.5 (transpose-diatonic 1 n2))	(multiply-duration 0.5 (transpose-diatonic -1 n2))
TR	rel-pitch-7-to-7	1	true	n1 n2	(and (duration>= (duration n1) 8) (not (rest? n1)) (= (note-category n1) C) (= (relative-pitch n1) 7) (duration>= (duration n2) 8) (not (rest? n2)) (= (note-category n2) C) (= (relative-pitch n2) 7) (pitch>= n1 n2))	(multiply-duration 1.0 (transpose-diatonic 1 n1))	(multiply-duration 1.0 (transpose-diatonic 1 n2))
TR	rel-pitch-7-to-5	1	true	n1 n2	(and (duration>= (duration n1) 8) (not (rest? n1)) (= (note-category n1) C) (= (relative-pitch n1) 7) (duration>= (duration n2) 8) (not (rest? n2)) (= (note-category n2) C) (= (relative-pitch n2) 5) (pitch>= n1 n2))	(multiply-duration 0.5 (transpose-diatonic 2 n1))	(multiply-duration 0.5 (transpose-diatonic #-2 n1))	(multiply-duration 0.5 (transpose-diatonic 1 n2))	(multiply-duration 0.5 (transpose-diatonic -1 n2))
TR	rel-pitch-7-to-1	1	true	n1 n2	(and (duration>= (duration n1) 8) (not (rest? n1)) (= (note-category n1) C) (= (relative-pitch n1) 7) (duration>= (duration n2) 8) (not (rest? n2)) (= (note-category n2) C) (= (relative-pitch n2) 1) (pitch< n1 n2))	(multiply-duration 0.6666666666666666 (transpose-diatonic #-1 n1))	(multiply-duration 0.3333333333333333 (transpose-diatonic 2 n1))	(multiply-duration 0.3333333333333333 (transpose-diatonic 1 n2))	(multiply-duration 0.6666666666666666 (transpose-diatonic 3 n2))
TR	rel-pitch-7-to-3	1	true	n1 n2	(and (duration>= (duration n1) 8) (not (rest? n1)) (= (note-category n1) C) (= (relative-pitch n1) 7) (duration>= (duration n2) 8) (not (rest? n2)) (= (note-category n2) C) (= (relative-pitch n2) 3) (pitch>= n1 n2))	(multiply-duration 1.0 (transpose-diatonic 1 n1))	(multiply-duration 1.0 (transpose-diatonic -1 n2))
TR	rel-pitch-7-to-3	1	true	n1 n2	(and (duration>= (duration n1) 8) (not (rest? n1)) (= (note-category n1) C) (= (relative-pitch n1) 7) (duration>= (duration n2) 8) (not (rest? n2)) (= (note-category n2) C) (= (relative-pitch n2) 3) (pitch>= n1 n2))	(multiply-duration 1.0 (transpose-diatonic 1 n1))	(multiply-duration 1.0 (transpose-diatonic 1 n2))
TR	rel-pitch-7-to-5	1	true	n1 n2	(and (duration>= (duration n1) 8) (not (rest? n1)) (= (note-category n1) C) (= (relative-pitch n1) 7) (duration>= (duration n2) 8) (not (rest? n2)) (= (note-category n2) C) (= (relative-pitch n2) 5) (pitch>= n1 n2))	(multiply-duration 1.0 (transpose-diatonic -1 n1))	(multiply-duration 1.0 (transpose-diatonic 1 n2))
TR	rel-pitch-7-to-1	1	true	n1 n2	(and (duration>= (duration n1) 8) (not (rest? n1)) (= (note-category n1) C) (= (relative-pitch n1) 7) (duration>= (duration n2) 8) (not (rest? n2)) (= (note-category n2) C) (= (relative-pitch n2) 1) (pitch< n1 n2))	(multiply-duration 1.0 (transpose-diatonic 1 n1))	(multiply-duration 0.5 (transpose-diatonic 1 n2))	(multiply-duration 0.5 (transpose-diatonic -1 n2))
TR	rel-pitch-7-to-3	1	true	n1 n2	(and (duration>= (duration n1) 8) (not (rest? n1)) (= (note-category n1) C) (= (relative-pitch n1) 7) (duration>= (duration n2) 8) (not (rest? n2)) (= (note-category n2) C) (= (relative-pitch n2) 3) (pitch< n1 n2))	(multiply-duration 1.0 (transpose-diatonic 1 n1))	(multiply-duration 1.0 (transpose-diatonic -1 n2))
TR	rel-pitch-7-to-3	1	true	n1 n2	(and (duration>= (duration n1) 8) (not (rest? n1)) (= (note-category n1) C) (= (relative-pitch n1) 7) (duration>= (duration n2) 8) (not (rest? n2)) (= (note-category n2) C) (= (relative-pitch n2) 3) (pitch< n1 n2))	(multiply-duration 0.6666666666666666 (transpose-diatonic -1 n1))	(multiply-duration 0.3333333333333333 (transpose-diatonic 2 n1))	(multiply-duration 0.3333333333333333 (transpose-diatonic -2 n2))	(multiply-duration 0.6666666666666666 (transpose-diatonic 1 n2))
TR	rel-pitch-7-to-5	1	true	n1 n2	(and (duration>= (duration n1) 8) (not (rest? n1)) (= (note-category n1) C) (= (relative-pitch n1) 7) (duration>= (duration n2) 8) (not (rest? n2)) (= (note-category n2) C) (= (relative-pitch n2) 5) (pitch>= n1 n2))	(multiply-duration 1.0 (transpose-diatonic -1 n1))	(multiply-duration 1.0 (transpose-diatonic -1 n2))
TR	rel-pitch-7-to-1	1	true	n1 n2	(and (duration>= (duration n1) 8) (not (rest? n1)) (= (note-category n1) C) (= (relative-pitch n1) 7) (duration>= (duration n2) 8) (not (rest? n2)) (= (note-category n2) C) (= (relative-pitch n2) 1) (pitch< n1 n2))	(multiply-duration 1.0 (transpose-diatonic -1 n1))	(multiply-duration 1.0 (transpose-diatonic b2 n2))
TR	rel-pitch-7-to-rest	2	true	n1 n2	(and (duration>= (duration n1) 8) (not (rest? n1)) (= (note-category n1) C) (= (relative-pitch n1) 7) (duration>= (duration n2) 8) (rest? n2))	(multiply-duration 1.0 (transpose-diatonic -1 n1))	n2
TR	rel-pitch-7-to-7	3	true	n1 n2	(and (duration>= (duration n1) 8) (not (rest? n1)) (= (note-category n1) C) (= (relative-pitch n1) 7) (duration>= (duration n2) 8) (not (rest? n2)) (= (note-category n2) C) (= (relative-pitch n2) 7) (pitch>= n1 n2))	(multiply-duration 1.0 (transpose-diatonic -1 n1))	(multiply-duration 1.0 (transpose-diatonic -1 n2))
TR	rel-pitch-7	1	true	n1	(and (duration>= (duration n1) 8) (not (rest? n1)) (= (note-category n1) C) (= (relative-pitch n1) 7))	(multiply-duration 0.5 (transpose-diatonic -1 n1))	(multiply-duration 0.5 (transpose-diatonic 2 n1))
TR	rel-pitch-7	4	true	n1	(and (duration>= (duration n1) 8) (not (rest? n1)) (= (note-category n1) C) (= (relative-pitch n1) 7))	(multiply-duration 1.0 (transpose-diatonic #-1 n1))
TR	rel-pitch-7	1	true	n1	(and (duration>= (duration n1) 8) (not (rest? n1)) (= (note-category n1) C) (= (relative-pitch n1) 7))	(multiply-duration 0.5 (transpose-diatonic 1 n1))	(multiply-duration 0.5 (transpose-diatonic 2 n1))
TR	rel-pitch-7	38	true	n1	(and (duration>= (duration n1) 8) (not (rest? n1)) (= (note-category n1) C) (= (relative-pitch n1) 7))	(multiply-duration 1.0 (transpose-diatonic 1 n1))
TR	rel-pitch-7	2	true	n1	(and (duration>= (duration n1) 8) (not (rest? n1)) (= (note-category n1) C) (= (relative-pitch n1) 7))	(multiply-duration 0.5 (transpose-diatonic 1 n1))	(multiply-duration 0.5 (transpose-diatonic -1 n1))
TR	rel-pitch-7	36	true	n1	(and (duration>= (duration n1) 8) (not (rest? n1)) (= (note-category n1) C) (= (relative-pitch n1) 7))	(multiply-duration 1.0 (transpose-diatonic -1 n1))
TR	rel-pitch-7	1	true	n1	(and (duration>= (duration n1) 8) (not (rest? n1)) (= (note-category n1) C) (= (relative-pitch n1) 7))	(multiply-duration 0.5 (transpose-diatonic 1 n1))	(multiply-duration 0.5 (transpose-diatonic -2 n1))
TR	rel-pitch-7	1	true	n1	(and (duration>= (duration n1) 8) (not (rest? n1)) (= (note-category n1) C) (= (relative-pitch n1) 7))	(multiply-duration 0.5 (transpose-diatonic 2 n1))	(multiply-duration 0.5 (transpose-diatonic #-2 n1))
TR	rel-pitch-7	1	true	n1	(and (duration>= (duration n1) 8) (not (rest? n1)) (= (note-category n1) C) (= (relative-pitch n1) 7))	(multiply-duration 0.6666666666666666 (transpose-diatonic #-1 n1))	(multiply-duration 0.3333333333333333 (transpose-diatonic 2 n1))
TR	rel-pitch-7	1	true	n1	(and (duration>= (duration n1) 8) (not (rest? n1)) (= (note-category n1) C) (= (relative-pitch n1) 7))	(multiply-duration 0.6666666666666666 (transpose-diatonic -1 n1))	(multiply-duration 0.3333333333333333 (transpose-diatonic 2 n1))
SUB	eighth-first-rel-pitch-b3	motif	1	true
TR	rel-pitch-b3-to-3	1	true	n1 n2	(and (duration>= (duration n1) 8) (not (rest? n1)) (= (note-category n1) C) (= (relative-pitch n1) b3) (duration>= (duration n2) 8) (not (rest? n2)) (= (note-category n2) C) (= (relative-pitch n2) 3) (pitch< n1 n2))	(multiply-duration 1.0 (transpose-diatonic 1 n1))	(multiply-duration 0.5 (transpose-diatonic 2 n2))	(multiply-duration 0.5 (transpose-diatonic b1 n2))
TR	rel-pitch-b3-to-3	1	true	n1 n2	(and (duration>= (duration n1) 8) (not (rest? n1)) (= (note-category n1) C) (= (relative-pitch n1) b3) (duration>= (duration n2) 8) (not (rest? n2)) (= (note-category n2) C) (= (relative-pitch n2) 3) (pitch< n1 n2))	(multiply-duration 1.0 (transpose-diatonic #-1 n1))	(multiply-duration 1.0 (transpose-diatonic 1 n2))
TR	rel-pitch-b3	1	true	n1	(and (duration>= (duration n1) 8) (not (rest? n1)) (= (note-category n1) C) (= (relative-pitch n1) b3))	(multiply-duration 1.0 (transpose-diatonic 1 n1))
TR	rel-pitch-b3	2	true	n1	(and (duration>= (duration n1) 8) (not (rest? n1)) (= (note-category n1) C) (= (relative-pitch n1) b3))	(multiply-duration 1.0 (transpose-diatonic #-1 n1))
SUB	eighth-first-rel-pitch-#5	motif	1	true
TR	rel-pitch-#5-to-rest	1	true	n1 n2	(and (duration>= (duration n1) 8) (not (rest? n1)) (= (note-category n1) C) (= (relative-pitch n1) #5) (duration>= (duration n2) 8) (rest? n2))	(multiply-duration 1.0 (transpose-diatonic b1 n1))	n2
TR	rel-pitch-#5	1	true	n1	(and (duration>= (duration n1) 8) (not (rest? n1)) (= (note-category n1) C) (= (relative-pitch n1) #5))	(multiply-duration 0.5 (transpose-diatonic b1 n1))	(multiply-duration 0.5 (transpose-diatonic b-1 n1))
TR	rel-pitch-#5	1	true	n1	(and (duration>= (duration n1) 8) (not (rest? n1)) (= (note-category n1) C) (= (relative-pitch n1) #5))	(multiply-duration 1.0 (transpose-diatonic b1 n1))
