SUB	whole-first-rel-pitch-3	motif	1	true
TR	rel-pitch-3-to-#4	1	true	n1 n2	(and (duration>= (duration n1) 1) (not (rest? n1)) (= (note-category n1) C) (= (relative-pitch n1) 3) (duration>= (duration n2) 1) (not (rest? n2)) (= (note-category n2) C) (= (relative-pitch n2) #4) (pitch< n1 n2))	(multiply-duration 0.125 (transpose-diatonic #3 n1))	(multiply-duration 0.125 (transpose-diatonic 1 n1))	(multiply-duration 0.125 (transpose-diatonic #-1 n1))	(multiply-duration 0.125 (transpose-diatonic -2 n1))	(multiply-duration 0.375 (transpose-diatonic 2 n1))	(multiply-duration 0.125 (make-rest n1))	(multiply-duration 0.5 (make-rest n2))	(multiply-duration 0.125 (transpose-diatonic b-3 n2))	(multiply-duration 0.125 (transpose-diatonic b-1 n2))	(multiply-duration 0.125 (transpose-diatonic b2 n2))	(multiply-duration 0.125 (transpose-diatonic b4 n2))
TR	rel-pitch-3-to-5	1	true	n1 n2	(and (duration>= (duration n1) 1) (not (rest? n1)) (= (note-category n1) C) (= (relative-pitch n1) 3) (duration>= (duration n2) 1) (not (rest? n2)) (= (note-category n2) C) (= (relative-pitch n2) 5) (pitch< n1 n2))	(multiply-duration 0.125 (transpose-diatonic -1 n1))	(multiply-duration 0.125 (transpose-diatonic -2 n1))	(multiply-duration 0.125 (transpose-diatonic -3 n1))	(multiply-duration 0.125 (transpose-diatonic -2 n1))	(multiply-duration 0.125 (transpose-diatonic 1 n1))	(multiply-duration 0.125 (transpose-diatonic 3 n1))	(multiply-duration 0.125 (transpose-diatonic 5 n1))	(multiply-duration 0.125 (transpose-diatonic 7 n1))	(multiply-duration 0.125 (transpose-diatonic -4 n2))	(multiply-duration 0.125 (transpose-diatonic -3 n2))	(multiply-duration 0.125 (transpose-diatonic -2 n2))	(multiply-duration 0.125 (transpose-diatonic 1 n2))	(multiply-duration 0.125 (transpose-diatonic 3 n2))	(multiply-duration 0.125 (transpose-diatonic 5 n2))	(multiply-duration 0.125 (make-rest n2))	(multiply-duration 0.125 (transpose-diatonic 5 n2))
TR	rel-pitch-3-to-3	1	true	n1 n2	(and (duration>= (duration n1) 1) (not (rest? n1)) (= (note-category n1) C) (= (relative-pitch n1) 3) (duration>= (duration n2) 1) (not (rest? n2)) (= (note-category n2) C) (= (relative-pitch n2) 3) (pitch< n1 n2))	(multiply-duration 0.125 (transpose-diatonic -2 n1))	(multiply-duration 0.125 (transpose-diatonic -1 n1))	(multiply-duration 0.125 (transpose-diatonic 1 n1))	(multiply-duration 0.125 (transpose-diatonic 3 n1))	(multiply-duration 0.125 (transpose-diatonic 6 n1))	(multiply-duration 0.125 (transpose-diatonic 4 n1))	(multiply-duration 0.25 (make-rest n1))	(multiply-duration 0.625 (make-rest n2))	(multiply-duration 0.125 (transpose-diatonic b1 n2))	(multiply-duration 0.125 (make-rest n2))	(multiply-duration 0.125 (transpose-diatonic b1 n2))
TR	rel-pitch-3-to-7	1	true	n1 n2	(and (duration>= (duration n1) 1) (not (rest? n1)) (= (note-category n1) C) (= (relative-pitch n1) 3) (duration>= (duration n2) 1) (not (rest? n2)) (= (note-category n2) C) (= (relative-pitch n2) 7) (pitch>= n1 n2))	(multiply-duration 0.125 (transpose-diatonic 4 n1))	(multiply-duration 0.125 (transpose-diatonic 2 n1))	(multiply-duration 0.125 (transpose-diatonic -1 n1))	(multiply-duration 0.125 (transpose-diatonic -3 n1))	(multiply-duration 0.125 (transpose-diatonic #1 n1))	(multiply-duration 0.125 (transpose-diatonic 2 n1))	(multiply-duration 0.125 (transpose-diatonic 4 n1))	(multiply-duration 0.125 (transpose-diatonic #3 n1))	(multiply-duration 0.125 (transpose-diatonic b3 n2))	(multiply-duration 0.125 (transpose-diatonic 2 n2))	(multiply-duration 0.125 (transpose-diatonic 1 n2))	(multiply-duration 0.125 (transpose-diatonic #-2 n2))	(multiply-duration 0.125 (transpose-diatonic -1 n2))	(multiply-duration 0.125 (transpose-diatonic 2 n2))	(multiply-duration 0.125 (transpose-diatonic -1 n2))	(multiply-duration 0.125 (transpose-diatonic -2 n2))
TR	rel-pitch-3-to-7	1	true	n1 n2	(and (duration>= (duration n1) 1) (not (rest? n1)) (= (note-category n1) C) (= (relative-pitch n1) 3) (duration>= (duration n2) 1) (not (rest? n2)) (= (note-category n2) C) (= (relative-pitch n2) 7) (pitch>= n1 n2))	(multiply-duration 0.125 (make-rest n1))	(multiply-duration 0.125 (transpose-diatonic b1 n1))	(multiply-duration 0.125 (transpose-diatonic 1 n1))	(multiply-duration 0.125 (transpose-diatonic 3 n1))	(multiply-duration 0.125 (transpose-diatonic 1 n1))	(multiply-duration 0.125 (transpose-diatonic -1 n1))	(multiply-duration 0.125 (transpose-diatonic -2 n1))	(multiply-duration 0.125 (transpose-diatonic -4 n1))	(multiply-duration 0.25 (transpose-diatonic 2 n2))	(multiply-duration 0.125 (transpose-diatonic 2 n2))	(multiply-duration 0.125 (transpose-diatonic b1 n2))	(multiply-duration 0.125 (make-rest n2))	(multiply-duration 0.125 (transpose-diatonic b1 n2))	(multiply-duration 0.25 (transpose-diatonic -2 n2))
TR	rel-pitch-3-to-3	1	true	n1 n2	(and (duration>= (duration n1) 1) (not (rest? n1)) (= (note-category n1) C) (= (relative-pitch n1) 3) (duration>= (duration n2) 1) (not (rest? n2)) (= (note-category n2) C) (= (relative-pitch n2) 3) (pitch>= n1 n2))	(multiply-duration 0.125 (transpose-diatonic -5 n1))	(multiply-duration 0.125 (transpose-diatonic -2 n1))	(multiply-duration 0.125 (transpose-diatonic 1 n1))	(multiply-duration 0.125 (transpose-diatonic 3 n1))	(multiply-duration 0.125 (make-rest n1))	(multiply-duration 0.375 (transpose-diatonic 3 n1))	(multiply-duration 0.125 (transpose-diatonic 2 n2))	(multiply-duration 0.125 (transpose-diatonic 3 n2))	(multiply-duration 0.125 (make-rest n2))	(multiply-duration 0.125 (transpose-diatonic 2 n2))	(multiply-duration 0.125 (make-rest n2))	(multiply-duration 0.125 (transpose-diatonic 1 n2))	(multiply-duration 0.25 (transpose-diatonic -1 n2))
TR	rel-pitch-3-to-3	1	true	n1 n2	(and (duration>= (duration n1) 1) (not (rest? n1)) (= (note-category n1) C) (= (relative-pitch n1) 3) (duration>= (duration n2) 1) (not (rest? n2)) (= (note-category n2) C) (= (relative-pitch n2) 3) (pitch>= n1 n2))	(multiply-duration 0.125 (transpose-diatonic 2 n1))	(multiply-duration 0.125 (transpose-diatonic #3 n1))	(multiply-duration 0.125 (transpose-diatonic 2 n1))	(multiply-duration 0.125 (transpose-diatonic #2 n1))	(multiply-duration 0.125 (transpose-diatonic 3 n1))	(multiply-duration 0.125 (transpose-diatonic 1 n1))	(multiply-duration 0.125 (transpose-diatonic -2 n1))	(multiply-duration 0.125 (transpose-diatonic -4 n1))	(multiply-duration 0.125 (transpose-diatonic -1 n2))	(multiply-duration 0.125 (transpose-diatonic -3 n2))	(multiply-duration 0.125 (transpose-diatonic -2 n2))	(multiply-duration 0.125 (transpose-diatonic -1 n2))	(multiply-duration 0.125 (transpose-diatonic 1 n2))	(multiply-duration 0.125 (transpose-diatonic 3 n2))	(multiply-duration 0.125 (transpose-diatonic 5 n2))	(multiply-duration 0.125 (transpose-diatonic 7 n2))
TR	rel-pitch-3-to-1	1	true	n1 n2	(and (duration>= (duration n1) 1) (not (rest? n1)) (= (note-category n1) C) (= (relative-pitch n1) 3) (duration>= (duration n2) 1) (not (rest? n2)) (= (note-category n2) C) (= (relative-pitch n2) 1) (pitch< n1 n2))	(multiply-duration 0.125 (transpose-diatonic -1 n1))	(multiply-duration 0.125 (transpose-diatonic #-1 n1))	(multiply-duration 0.125 (transpose-diatonic 2 n1))	(multiply-duration 0.125 (transpose-diatonic #-1 n1))	(multiply-duration 0.125 (transpose-diatonic 1 n1))	(multiply-duration 0.125 (transpose-diatonic 2 n1))	(multiply-duration 0.125 (transpose-diatonic 3 n1))	(multiply-duration 0.125 (transpose-diatonic #4 n1))	(multiply-duration 0.125 (transpose-diatonic -3 n2))	(multiply-duration 0.125 (transpose-diatonic -1 n2))	(multiply-duration 0.125 (transpose-diatonic b2 n2))	(multiply-duration 0.125 (transpose-diatonic 3 n2))	(multiply-duration 0.125 (transpose-diatonic b3 n2))	(multiply-duration 0.125 (transpose-diatonic b2 n2))	(multiply-duration 0.125 (transpose-diatonic 1 n2))	(multiply-duration 0.125 (transpose-diatonic #-1 n2))
TR	rel-pitch-3-to-3	1	true	n1 n2	(and (duration>= (duration n1) 1) (not (rest? n1)) (= (note-category n1) C) (= (relative-pitch n1) 3) (duration>= (duration n2) 1) (not (rest? n2)) (= (note-category n2) C) (= (relative-pitch n2) 3) (pitch>= n1 n2))	(multiply-duration 0.125 (transpose-diatonic 1 n1))	(multiply-duration 0.125 (transpose-diatonic 3 n1))	(multiply-duration 0.125 (transpose-diatonic 1 n1))	(multiply-duration 0.125 (transpose-diatonic -4 n1))	(multiply-duration 0.5 (make-rest n1))	(multiply-duration 0.125 (make-rest n2))	(multiply-duration 0.125 (transpose-diatonic b1 n2))	(multiply-duration 0.125 (transpose-diatonic 1 n2))	(multiply-duration 0.125 (transpose-diatonic 3 n2))	(multiply-duration 0.125 (transpose-diatonic 1 n2))	(multiply-duration 0.125 (transpose-diatonic -3 n2))	(multiply-duration 0.25 (make-rest n2))
TR	rel-pitch-3-to-1	1	true	n1 n2	(and (duration>= (duration n1) 1) (not (rest? n1)) (= (note-category n1) C) (= (relative-pitch n1) 3) (duration>= (duration n2) 1) (not (rest? n2)) (= (note-category n2) C) (= (relative-pitch n2) 1) (pitch< n1 n2))	(multiply-duration 0.625 (make-rest n1))	(multiply-duration 0.125 (transpose-diatonic 1 n1))	(multiply-duration 0.125 (transpose-diatonic 3 n1))	(multiply-duration 0.125 (transpose-diatonic #1 n1))	(multiply-duration 0.125 (transpose-diatonic 1 n2))	(multiply-duration 0.125 (transpose-diatonic -2 n2))	(multiply-duration 0.125 (transpose-diatonic b2 n2))	(multiply-duration 0.125 (transpose-diatonic #-1 n2))	(multiply-duration 0.125 (transpose-diatonic 1 n2))	(multiply-duration 0.125 (transpose-diatonic -2 n2))	(multiply-duration 0.125 (transpose-diatonic b2 n2))	(multiply-duration 0.125 (transpose-diatonic #-1 n2))
TR	rel-pitch-3-to-1	1	true	n1 n2	(and (duration>= (duration n1) 1) (not (rest? n1)) (= (note-category n1) C) (= (relative-pitch n1) 3) (duration>= (duration n2) 1) (not (rest? n2)) (= (note-category n2) C) (= (relative-pitch n2) 1) (pitch< n1 n2))	(multiply-duration 0.125 (make-rest n1))	(multiply-duration 0.25 (transpose-diatonic -2 n1))	(multiply-duration 0.25 (transpose-diatonic 1 n1))	(multiply-duration 0.25 (transpose-diatonic 3 n1))	(multiply-duration 0.125 (transpose-diatonic #4 n1))	(multiply-duration 0.125 (transpose-diatonic -5 n2))	(multiply-duration 0.125 (transpose-diatonic -3 n2))	(multiply-duration 0.125 (transpose-diatonic -1 n2))	(multiply-duration 0.125 (transpose-diatonic 1 n2))	(multiply-duration 0.125 (transpose-diatonic b2 n2))	(multiply-duration 0.125 (transpose-diatonic b3 n2))	(multiply-duration 0.125 (transpose-diatonic 3 n2))	(multiply-duration 0.125 (transpose-diatonic #4 n2))
TR	rel-pitch-3-to-7	1	true	n1 n2	(and (duration>= (duration n1) 1) (not (rest? n1)) (= (note-category n1) C) (= (relative-pitch n1) 3) (duration>= (duration n2) 1) (not (rest? n2)) (= (note-category n2) C) (= (relative-pitch n2) 7) (pitch>= n1 n2))	(multiply-duration 0.375 (make-rest n1))	(multiply-duration 0.125 (transpose-diatonic b1 n1))	(multiply-duration 0.125 (transpose-diatonic 1 n1))	(multiply-duration 0.125 (transpose-diatonic 3 n1))	(multiply-duration 0.125 (transpose-diatonic 1 n1))	(multiply-duration 0.125 (transpose-diatonic -1 n1))	(multiply-duration 0.125 (transpose-diatonic 2 n2))	(multiply-duration 0.125 (transpose-diatonic 1 n2))	(multiply-duration 0.125 (transpose-diatonic b1 n2))	(multiply-duration 0.125 (transpose-diatonic -1 n2))	(multiply-duration 0.125 (transpose-diatonic #-2 n2))	(multiply-duration 0.125 (transpose-diatonic -2 n2))	(multiply-duration 0.125 (transpose-diatonic -1 n2))	(multiply-duration 0.125 (transpose-diatonic #-3 n2))
TR	rel-pitch-3-to-1	1	true	n1 n2	(and (duration>= (duration n1) 1) (not (rest? n1)) (= (note-category n1) C) (= (relative-pitch n1) 3) (duration>= (duration n2) 1) (not (rest? n2)) (= (note-category n2) C) (= (relative-pitch n2) 1) (pitch< n1 n2))	(multiply-duration 0.75 (transpose-diatonic 1 n1))	(multiply-duration 0.25 (transpose-diatonic 2 n1))	(multiply-duration 0.25 (transpose-diatonic b2 n2))	(multiply-duration 0.25 (transpose-diatonic 1 n2))	(multiply-duration 0.3333333333333333 (transpose-diatonic b3 n2))	(multiply-duration 0.08333333333333333 (transpose-diatonic 2 n2))	(multiply-duration 0.08333333333333333 (transpose-diatonic b2 n2))
TR	rel-pitch-3-to-#4	1	true	n1 n2	(and (duration>= (duration n1) 1) (not (rest? n1)) (= (note-category n1) C) (= (relative-pitch n1) 3) (duration>= (duration n2) 1) (not (rest? n2)) (= (note-category n2) C) (= (relative-pitch n2) #4) (pitch< n1 n2))	(multiply-duration 0.125 (transpose-diatonic 6 n1))	(multiply-duration 0.125 (transpose-diatonic 3 n1))	(multiply-duration 0.125 (transpose-diatonic 1 n1))	(multiply-duration 0.125 (transpose-diatonic -2 n1))	(multiply-duration 0.08333333333333333 (transpose-diatonic 1 n1))	(multiply-duration 0.08333333333333333 (transpose-diatonic -2 n1))	(multiply-duration 0.08333333333333333 (transpose-diatonic 1 n1))	(multiply-duration 0.08333333333333333 (transpose-diatonic 3 n1))	(multiply-duration 0.08333333333333333 (transpose-diatonic 1 n1))	(multiply-duration 0.08333333333333333 (transpose-diatonic 3 n1))	(multiply-duration 0.08333333333333333 (transpose-diatonic b1 n2))	(multiply-duration 0.08333333333333333 (transpose-diatonic b-2 n2))	(multiply-duration 0.08333333333333333 (transpose-diatonic b1 n2))	(multiply-duration 0.08333333333333333 (transpose-diatonic b3 n2))	(multiply-duration 0.08333333333333333 (transpose-diatonic b1 n2))	(multiply-duration 0.08333333333333333 (transpose-diatonic b3 n2))	(multiply-duration 0.125 (transpose-diatonic b5 n2))	(multiply-duration 0.125 (transpose-diatonic 2 n2))	(multiply-duration 0.125 (transpose-diatonic b-1 n2))	(multiply-duration 0.125 (transpose-diatonic b-3 n2))
TR	rel-pitch-3-to-3	1	true	n1 n2	(and (duration>= (duration n1) 1) (not (rest? n1)) (= (note-category n1) C) (= (relative-pitch n1) 3) (duration>= (duration n2) 1) (not (rest? n2)) (= (note-category n2) C) (= (relative-pitch n2) 3) (pitch>= n1 n2))	(multiply-duration 0.125 (transpose-diatonic 1 n1))	(multiply-duration 0.125 (transpose-diatonic 3 n1))	(multiply-duration 0.125 (transpose-diatonic 1 n1))	(multiply-duration 0.125 (transpose-diatonic -1 n1))	(multiply-duration 0.125 (transpose-diatonic -2 n1))	(multiply-duration 0.125 (transpose-diatonic -1 n1))	(multiply-duration 0.125 (transpose-diatonic 1 n1))	(multiply-duration 0.125 (transpose-diatonic 3 n1))	(multiply-duration 0.125 (transpose-diatonic 1 n2))	(multiply-duration 0.125 (transpose-diatonic -1 n2))	(multiply-duration 0.125 (transpose-diatonic -2 n2))	(multiply-duration 0.125 (transpose-diatonic -1 n2))	(multiply-duration 0.125 (transpose-diatonic 1 n2))	(multiply-duration 0.125 (transpose-diatonic 3 n2))	(multiply-duration 0.125 (transpose-diatonic 1 n2))	(multiply-duration 0.125 (transpose-diatonic -1 n2))
TR	rel-pitch-3-to-3	1	true	n1 n2	(and (duration>= (duration n1) 1) (not (rest? n1)) (= (note-category n1) C) (= (relative-pitch n1) 3) (duration>= (duration n2) 1) (not (rest? n2)) (= (note-category n2) C) (= (relative-pitch n2) 3) (pitch>= n1 n2))	(multiply-duration 0.25 (transpose-diatonic 1 n1))	(multiply-duration 0.125 (transpose-diatonic -2 n1))	(multiply-duration 0.125 (transpose-diatonic 1 n1))	(multiply-duration 0.08333333333333333 (transpose-diatonic 3 n1))	(multiply-duration 0.08333333333333333 (transpose-diatonic #3 n1))	(multiply-duration 0.08333333333333333 (transpose-diatonic 3 n1))	(multiply-duration 0.125 (transpose-diatonic 2 n1))	(multiply-duration 0.125 (transpose-diatonic #1 n1))	(multiply-duration 0.125 (transpose-diatonic 5 n2))	(multiply-duration 0.125 (transpose-diatonic #3 n2))	(multiply-duration 0.125 (transpose-diatonic 3 n2))	(multiply-duration 0.125 (transpose-diatonic 2 n2))	(multiply-duration 0.125 (transpose-diatonic 1 n2))	(multiply-duration 0.125 (transpose-diatonic b-1 n2))	(multiply-duration 0.125 (transpose-diatonic -2 n2))	(multiply-duration 0.125 (transpose-diatonic -3 n2))
TR	rel-pitch-3-to-5	1	true	n1 n2	(and (duration>= (duration n1) 1) (not (rest? n1)) (= (note-category n1) C) (= (relative-pitch n1) 3) (duration>= (duration n2) 1) (not (rest? n2)) (= (note-category n2) C) (= (relative-pitch n2) 5) (pitch>= n1 n2))	(multiply-duration 0.125 (transpose-diatonic 1 n1))	(multiply-duration 0.125 (transpose-diatonic 2 n1))	(multiply-duration 0.125 (transpose-diatonic 3 n1))	(multiply-duration 0.125 (transpose-diatonic 1 n1))	(multiply-duration 0.125 (transpose-diatonic 2 n1))	(multiply-duration 0.125 (transpose-diatonic -1 n1))	(multiply-duration 0.125 (transpose-diatonic -2 n1))	(multiply-duration 0.125 (transpose-diatonic b-3 n1))	(multiply-duration 0.125 (transpose-diatonic 3 n2))	(multiply-duration 0.125 (transpose-diatonic 5 n2))	(multiply-duration 0.125 (transpose-diatonic 4 n2))	(multiply-duration 0.125 (transpose-diatonic 1 n2))	(multiply-duration 0.125 (transpose-diatonic -2 n2))	(multiply-duration 0.125 (transpose-diatonic -4 n2))	(multiply-duration 0.25 (transpose-diatonic -1 n2))
TR	rel-pitch-3-to-7	1	true	n1 n2	(and (duration>= (duration n1) 1) (not (rest? n1)) (= (note-category n1) C) (= (relative-pitch n1) 3) (duration>= (duration n2) 1) (not (rest? n2)) (= (note-category n2) C) (= (relative-pitch n2) 7) (pitch>= n1 n2))	(multiply-duration 0.08333333333333333 (transpose-diatonic 3 n1))	(multiply-duration 0.9166666666666666 (transpose-diatonic 1 n1))	(multiply-duration 1.0 (transpose-diatonic 1 n2))
TR	rel-pitch-3-to-7	1	true	n1 n2	(and (duration>= (duration n1) 1) (not (rest? n1)) (= (note-category n1) C) (= (relative-pitch n1) 3) (duration>= (duration n2) 1) (not (rest? n2)) (= (note-category n2) C) (= (relative-pitch n2) 7) (pitch>= n1 n2))	(multiply-duration 0.125 (transpose-diatonic -2 n1))	(multiply-duration 0.125 (transpose-diatonic -1 n1))	(multiply-duration 0.125 (transpose-diatonic 1 n1))	(multiply-duration 0.125 (transpose-diatonic 3 n1))	(multiply-duration 0.125 (transpose-diatonic 5 n1))	(multiply-duration 0.125 (transpose-diatonic 3 n1))	(multiply-duration 0.125 (transpose-diatonic 1 n1))	(multiply-duration 0.125 (transpose-diatonic -2 n1))	(multiply-duration 0.125 (transpose-diatonic 1 n2))	(multiply-duration 0.125 (transpose-diatonic -1 n2))	(multiply-duration 0.75 (make-rest n2))
TR	rel-pitch-3-to-1	1	true	n1 n2	(and (duration>= (duration n1) 1) (not (rest? n1)) (= (note-category n1) C) (= (relative-pitch n1) 3) (duration>= (duration n2) 1) (not (rest? n2)) (= (note-category n2) C) (= (relative-pitch n2) 1) (pitch< n1 n2))	(multiply-duration 0.125 (transpose-diatonic -1 n1))	(multiply-duration 0.125 (transpose-diatonic -3 n1))	(multiply-duration 0.125 (transpose-diatonic -2 n1))	(multiply-duration 0.125 (transpose-diatonic -1 n1))	(multiply-duration 0.125 (transpose-diatonic 1 n1))	(multiply-duration 0.125 (transpose-diatonic 3 n1))	(multiply-duration 0.125 (transpose-diatonic 4 n1))	(multiply-duration 0.125 (transpose-diatonic 5 n1))	(multiply-duration 0.125 (transpose-diatonic 2 n2))	(multiply-duration 0.125 (transpose-diatonic -1 n2))	(multiply-duration 0.125 (transpose-diatonic 1 n2))	(multiply-duration 0.125 (transpose-diatonic 2 n2))	(multiply-duration 0.125 (transpose-diatonic 3 n2))	(multiply-duration 0.125 (transpose-diatonic -3 n2))	(multiply-duration 0.25 (make-rest n2))
TR	rel-pitch-3-to-7	1	true	n1 n2	(and (duration>= (duration n1) 1) (not (rest? n1)) (= (note-category n1) C) (= (relative-pitch n1) 3) (duration>= (duration n2) 1) (not (rest? n2)) (= (note-category n2) C) (= (relative-pitch n2) 7) (pitch>= n1 n2))	(multiply-duration 0.5 (transpose-diatonic 3 n1))	(multiply-duration 0.125 (transpose-diatonic 2 n1))	(multiply-duration 0.125 (transpose-diatonic 1 n1))	(multiply-duration 0.25 (transpose-diatonic -2 n1))	(multiply-duration 0.375 (transpose-diatonic 2 n2))	(multiply-duration 0.125 (transpose-diatonic 4 n2))	(multiply-duration 0.125 (transpose-diatonic 2 n2))	(multiply-duration 0.125 (transpose-diatonic b1 n2))	(multiply-duration 0.125 (transpose-diatonic -2 n2))	(multiply-duration 0.125 (transpose-diatonic 3 n2))
TR	rel-pitch-3-to-5	1	true	n1 n2	(and (duration>= (duration n1) 1) (not (rest? n1)) (= (note-category n1) C) (= (relative-pitch n1) 3) (duration>= (duration n2) 1) (not (rest? n2)) (= (note-category n2) C) (= (relative-pitch n2) 5) (pitch>= n1 n2))	(multiply-duration 0.08333333333333333 (transpose-diatonic 4 n1))	(multiply-duration 0.08333333333333333 (transpose-diatonic 5 n1))	(multiply-duration 0.08333333333333333 (transpose-diatonic 4 n1))	(multiply-duration 0.125 (transpose-diatonic 3 n1))	(multiply-duration 0.125 (transpose-diatonic 2 n1))	(multiply-duration 0.125 (transpose-diatonic 1 n1))	(multiply-duration 0.125 (transpose-diatonic -1 n1))	(multiply-duration 0.125 (transpose-diatonic -3 n1))	(multiply-duration 0.125 (transpose-diatonic #-3 n1))	(multiply-duration 0.125 (transpose-diatonic 1 n2))	(multiply-duration 0.125 (transpose-diatonic -1 n2))	(multiply-duration 0.125 (transpose-diatonic -2 n2))	(multiply-duration 0.125 (transpose-diatonic 1 n2))	(multiply-duration 0.125 (transpose-diatonic 3 n2))	(multiply-duration 0.125 (transpose-diatonic b5 n2))	(multiply-duration 0.125 (transpose-diatonic 4 n2))	(multiply-duration 0.125 (transpose-diatonic 3 n2))
TR	rel-pitch-3-to-5	1	true	n1 n2	(and (duration>= (duration n1) 1) (not (rest? n1)) (= (note-category n1) C) (= (relative-pitch n1) 3) (duration>= (duration n2) 1) (not (rest? n2)) (= (note-category n2) C) (= (relative-pitch n2) 5) (pitch< n1 n2))	(multiply-duration 0.5 (make-rest n1))	(multiply-duration 0.125 (transpose-diatonic 2 n1))	(multiply-duration 0.125 (transpose-diatonic #1 n1))	(multiply-duration 0.125 (transpose-diatonic 1 n1))	(multiply-duration 0.125 (transpose-diatonic 2 n1))	(multiply-duration 0.125 (transpose-diatonic 1 n2))	(multiply-duration 0.125 (transpose-diatonic 3 n2))	(multiply-duration 0.125 (transpose-diatonic 5 n2))	(multiply-duration 0.125 (transpose-diatonic 3 n2))	(multiply-duration 0.125 (transpose-diatonic 4 n2))	(multiply-duration 0.125 (transpose-diatonic 1 n2))	(multiply-duration 0.125 (transpose-diatonic -2 n2))	(multiply-duration 0.125 (transpose-diatonic -4 n2))
TR	rel-pitch-3-to-3	1	true	n1 n2	(and (duration>= (duration n1) 1) (not (rest? n1)) (= (note-category n1) C) (= (relative-pitch n1) 3) (duration>= (duration n2) 1) (not (rest? n2)) (= (note-category n2) C) (= (relative-pitch n2) 3) (pitch>= n1 n2))	(multiply-duration 0.125 (transpose-diatonic -2 n1))	(multiply-duration 0.125 (transpose-diatonic #-1 n1))	(multiply-duration 0.125 (transpose-diatonic 1 n1))	(multiply-duration 0.125 (transpose-diatonic 2 n1))	(multiply-duration 0.125 (transpose-diatonic 3 n1))	(multiply-duration 0.125 (transpose-diatonic #-1 n1))	(multiply-duration 0.125 (transpose-diatonic 2 n1))	(multiply-duration 0.125 (transpose-diatonic #-1 n1))	(multiply-duration 0.125 (transpose-diatonic 5 n2))	(multiply-duration 0.125 (transpose-diatonic #2 n2))	(multiply-duration 0.125 (transpose-diatonic 3 n2))	(multiply-duration 0.125 (transpose-diatonic b1 n2))	(multiply-duration 0.125 (transpose-diatonic 1 n2))	(multiply-duration 0.125 (transpose-diatonic -2 n2))	(multiply-duration 0.25 (transpose-diatonic b-1 n2))
TR	rel-pitch-3-to-3	1	true	n1 n2	(and (duration>= (duration n1) 1) (not (rest? n1)) (= (note-category n1) C) (= (relative-pitch n1) 3) (duration>= (duration n2) 1) (not (rest? n2)) (= (note-category n2) C) (= (relative-pitch n2) 3) (pitch>= n1 n2))	(multiply-duration 0.125 (transpose-diatonic b5 n1))	(multiply-duration 0.125 (transpose-diatonic #3 n1))	(multiply-duration 0.125 (transpose-diatonic 3 n1))	(multiply-duration 0.125 (transpose-diatonic 2 n1))	(multiply-duration 0.125 (transpose-diatonic 1 n1))	(multiply-duration 0.125 (transpose-diatonic 3 n1))	(multiply-duration 0.125 (transpose-diatonic 1 n1))	(multiply-duration 0.125 (transpose-diatonic -1 n1))	(multiply-duration 0.125 (transpose-diatonic -3 n2))	(multiply-duration 0.125 (transpose-diatonic -1 n2))	(multiply-duration 0.125 (transpose-diatonic 1 n2))	(multiply-duration 0.125 (transpose-diatonic 3 n2))	(multiply-duration 0.125 (transpose-diatonic 5 n2))	(multiply-duration 0.125 (transpose-diatonic 3 n2))	(multiply-duration 0.125 (transpose-diatonic 4 n2))	(multiply-duration 0.125 (transpose-diatonic #2 n2))
TR	rel-pitch-3-to-3	1	true	n1 n2	(and (duration>= (duration n1) 1) (not (rest? n1)) (= (note-category n1) C) (= (relative-pitch n1) 3) (duration>= (duration n2) 1) (not (rest? n2)) (= (note-category n2) C) (= (relative-pitch n2) 3) (pitch< n1 n2))	(multiply-duration 0.125 (transpose-diatonic 4 n1))	(multiply-duration 0.125 (transpose-diatonic 3 n1))	(multiply-duration 0.125 (transpose-diatonic 4 n1))	(multiply-duration 0.125 (transpose-diatonic 3 n1))	(multiply-duration 0.125 (make-rest n1))	(multiply-duration 0.125 (transpose-diatonic -1 n1))	(multiply-duration 0.08333333333333333 (transpose-diatonic -3 n1))	(multiply-duration 0.08333333333333333 (transpose-diatonic -1 n1))	(multiply-duration 0.08333333333333333 (transpose-diatonic 2 n1))	(multiply-duration 0.125 (transpose-diatonic b1 n2))	(multiply-duration 0.125 (transpose-diatonic b-1 n2))	(multiply-duration 0.125 (transpose-diatonic b1 n2))	(multiply-duration 0.125 (transpose-diatonic b-1 n2))	(multiply-duration 0.5 (make-rest n2))
TR	rel-pitch-3-to-#4	1	true	n1 n2	(and (duration>= (duration n1) 1) (not (rest? n1)) (= (note-category n1) C) (= (relative-pitch n1) 3) (duration>= (duration n2) 1) (not (rest? n2)) (= (note-category n2) C) (= (relative-pitch n2) #4) (pitch< n1 n2))	(multiply-duration 0.25 (make-rest n1))	(multiply-duration 0.125 (transpose-diatonic #-3 n1))	(multiply-duration 0.125 (transpose-diatonic -2 n1))	(multiply-duration 0.125 (transpose-diatonic 2 n1))	(multiply-duration 0.125 (transpose-diatonic #-1 n1))	(multiply-duration 0.125 (transpose-diatonic 1 n1))	(multiply-duration 0.125 (transpose-diatonic 2 n1))	(multiply-duration 0.125 (transpose-diatonic bb-2 n2))	(multiply-duration 0.125 (transpose-diatonic bb-1 n2))	(multiply-duration 0.125 (transpose-diatonic b-1 n2))	(multiply-duration 0.125 (transpose-diatonic 1 n2))	(multiply-duration 0.125 (transpose-diatonic b2 n2))	(multiply-duration 0.125 (transpose-diatonic b3 n2))	(multiply-duration 0.125 (transpose-diatonic b4 n2))	(multiply-duration 0.125 (transpose-diatonic b5 n2))
TR	rel-pitch-3-to-3	1	true	n1 n2	(and (duration>= (duration n1) 1) (not (rest? n1)) (= (note-category n1) C) (= (relative-pitch n1) 3) (duration>= (duration n2) 1) (not (rest? n2)) (= (note-category n2) C) (= (relative-pitch n2) 3) (pitch< n1 n2))	(multiply-duration 0.125 (make-rest n1))	(multiply-duration 0.75 (transpose-diatonic 1 n1))	(multiply-duration 0.125 (transpose-diatonic 2 n1))	(multiply-duration 0.125 (transpose-diatonic b-1 n2))	(multiply-duration 0.125 (transpose-diatonic b1 n2))	(multiply-duration 0.125 (transpose-diatonic 1 n2))	(multiply-duration 0.125 (transpose-diatonic #2 n2))	(multiply-duration 0.25 (transpose-diatonic b1 n2))	(multiply-duration 0.125 (transpose-diatonic b-1 n2))	(multiply-duration 0.125 (transpose-diatonic -2 n2))
TR	rel-pitch-3	1	true	n1	(and (duration>= (duration n1) 1) (not (rest? n1)) (= (note-category n1) C) (= (relative-pitch n1) 3))	(multiply-duration 0.125 (transpose-diatonic #3 n1))	(multiply-duration 0.125 (transpose-diatonic 5 n1))	(multiply-duration 0.125 (transpose-diatonic 4 n1))	(multiply-duration 0.125 (transpose-diatonic #3 n1))	(multiply-duration 0.125 (transpose-diatonic 3 n1))	(multiply-duration 0.125 (transpose-diatonic 1 n1))	(multiply-duration 0.125 (transpose-diatonic -2 n1))	(multiply-duration 0.125 (transpose-diatonic -5 n1))
TR	rel-pitch-3	1	true	n1	(and (duration>= (duration n1) 1) (not (rest? n1)) (= (note-category n1) C) (= (relative-pitch n1) 3))	(multiply-duration 0.375 (transpose-diatonic 2 n1))	(multiply-duration 0.125 (transpose-diatonic b1 n1))	(multiply-duration 0.125 (transpose-diatonic #3 n1))	(multiply-duration 0.125 (transpose-diatonic #2 n1))	(multiply-duration 0.25 (transpose-diatonic 2 n1))
TR	rel-pitch-3	1	true	n1	(and (duration>= (duration n1) 1) (not (rest? n1)) (= (note-category n1) C) (= (relative-pitch n1) 3))	(multiply-duration 0.125 (transpose-diatonic #3 n1))	(multiply-duration 0.125 (transpose-diatonic 1 n1))	(multiply-duration 0.125 (transpose-diatonic #-1 n1))	(multiply-duration 0.125 (transpose-diatonic -2 n1))	(multiply-duration 0.375 (transpose-diatonic 2 n1))	(multiply-duration 0.125 (make-rest n1))
TR	rel-pitch-3	1	true	n1	(and (duration>= (duration n1) 1) (not (rest? n1)) (= (note-category n1) C) (= (relative-pitch n1) 3))	(multiply-duration 0.125 (transpose-diatonic -1 n1))	(multiply-duration 0.125 (transpose-diatonic -2 n1))	(multiply-duration 0.125 (transpose-diatonic -3 n1))	(multiply-duration 0.125 (transpose-diatonic -2 n1))	(multiply-duration 0.125 (transpose-diatonic 1 n1))	(multiply-duration 0.125 (transpose-diatonic 3 n1))	(multiply-duration 0.125 (transpose-diatonic 5 n1))	(multiply-duration 0.125 (transpose-diatonic 7 n1))
TR	rel-pitch-3	1	true	n1	(and (duration>= (duration n1) 1) (not (rest? n1)) (= (note-category n1) C) (= (relative-pitch n1) 3))	(multiply-duration 0.625 (make-rest n1))	(multiply-duration 0.125 (transpose-diatonic b1 n1))	(multiply-duration 0.125 (make-rest n1))	(multiply-duration 0.125 (transpose-diatonic b1 n1))
TR	rel-pitch-3	1	true	n1	(and (duration>= (duration n1) 1) (not (rest? n1)) (= (note-category n1) C) (= (relative-pitch n1) 3))	(multiply-duration 0.125 (transpose-diatonic -2 n1))	(multiply-duration 0.125 (transpose-diatonic -1 n1))	(multiply-duration 0.125 (transpose-diatonic 1 n1))	(multiply-duration 0.125 (transpose-diatonic 3 n1))	(multiply-duration 0.125 (transpose-diatonic 6 n1))	(multiply-duration 0.125 (transpose-diatonic 4 n1))	(multiply-duration 0.25 (make-rest n1))
TR	rel-pitch-3	1	true	n1	(and (duration>= (duration n1) 1) (not (rest? n1)) (= (note-category n1) C) (= (relative-pitch n1) 3))	(multiply-duration 0.125 (transpose-diatonic 4 n1))	(multiply-duration 0.125 (transpose-diatonic 2 n1))	(multiply-duration 0.125 (transpose-diatonic -1 n1))	(multiply-duration 0.125 (transpose-diatonic -3 n1))	(multiply-duration 0.125 (transpose-diatonic #1 n1))	(multiply-duration 0.125 (transpose-diatonic 2 n1))	(multiply-duration 0.125 (transpose-diatonic 4 n1))	(multiply-duration 0.125 (transpose-diatonic #3 n1))
TR	rel-pitch-3	1	true	n1	(and (duration>= (duration n1) 1) (not (rest? n1)) (= (note-category n1) C) (= (relative-pitch n1) 3))	(multiply-duration 0.125 (make-rest n1))	(multiply-duration 0.125 (transpose-diatonic b1 n1))	(multiply-duration 0.125 (transpose-diatonic 1 n1))	(multiply-duration 0.125 (transpose-diatonic 3 n1))	(multiply-duration 0.125 (transpose-diatonic 1 n1))	(multiply-duration 0.125 (transpose-diatonic -1 n1))	(multiply-duration 0.125 (transpose-diatonic -2 n1))	(multiply-duration 0.125 (transpose-diatonic -4 n1))
TR	rel-pitch-3	1	true	n1	(and (duration>= (duration n1) 1) (not (rest? n1)) (= (note-category n1) C) (= (relative-pitch n1) 3))	(multiply-duration 0.25 (transpose-diatonic b1 n1))	(multiply-duration 0.125 (transpose-diatonic #3 n1))	(multiply-duration 0.125 (transpose-diatonic 2 n1))	(multiply-duration 0.125 (make-rest n1))	(multiply-duration 0.125 (transpose-diatonic b-1 n1))	(multiply-duration 0.25 (transpose-diatonic -3 n1))
TR	rel-pitch-3	1	true	n1	(and (duration>= (duration n1) 1) (not (rest? n1)) (= (note-category n1) C) (= (relative-pitch n1) 3))	(multiply-duration 0.125 (transpose-diatonic 2 n1))	(multiply-duration 0.125 (transpose-diatonic 3 n1))	(multiply-duration 0.125 (make-rest n1))	(multiply-duration 0.125 (transpose-diatonic 2 n1))	(multiply-duration 0.125 (make-rest n1))	(multiply-duration 0.125 (transpose-diatonic 1 n1))	(multiply-duration 0.25 (transpose-diatonic -1 n1))
TR	rel-pitch-3	1	true	n1	(and (duration>= (duration n1) 1) (not (rest? n1)) (= (note-category n1) C) (= (relative-pitch n1) 3))	(multiply-duration 0.125 (transpose-diatonic -5 n1))	(multiply-duration 0.125 (transpose-diatonic -2 n1))	(multiply-duration 0.125 (transpose-diatonic 1 n1))	(multiply-duration 0.125 (transpose-diatonic 3 n1))	(multiply-duration 0.125 (make-rest n1))	(multiply-duration 0.375 (transpose-diatonic 3 n1))
TR	rel-pitch-3	1	true	n1	(and (duration>= (duration n1) 1) (not (rest? n1)) (= (note-category n1) C) (= (relative-pitch n1) 3))	(multiply-duration 0.25 (transpose-diatonic 1 n1))	(multiply-duration 0.125 (transpose-diatonic 3 n1))	(multiply-duration 0.125 (transpose-diatonic -2 n1))	(multiply-duration 0.5 (make-rest n1))
TR	rel-pitch-3	1	true	n1	(and (duration>= (duration n1) 1) (not (rest? n1)) (= (note-category n1) C) (= (relative-pitch n1) 3))	(multiply-duration 0.125 (transpose-diatonic -1 n1))	(multiply-duration 0.125 (transpose-diatonic -3 n1))	(multiply-duration 0.125 (transpose-diatonic -2 n1))	(multiply-duration 0.125 (transpose-diatonic -1 n1))	(multiply-duration 0.125 (transpose-diatonic 1 n1))	(multiply-duration 0.125 (transpose-diatonic 3 n1))	(multiply-duration 0.125 (transpose-diatonic 5 n1))	(multiply-duration 0.125 (transpose-diatonic 7 n1))
TR	rel-pitch-3	1	true	n1	(and (duration>= (duration n1) 1) (not (rest? n1)) (= (note-category n1) C) (= (relative-pitch n1) 3))	(multiply-duration 0.125 (transpose-diatonic 2 n1))	(multiply-duration 0.125 (transpose-diatonic #3 n1))	(multiply-duration 0.125 (transpose-diatonic 2 n1))	(multiply-duration 0.125 (transpose-diatonic #2 n1))	(multiply-duration 0.125 (transpose-diatonic 3 n1))	(multiply-duration 0.125 (transpose-diatonic 1 n1))	(multiply-duration 0.125 (transpose-diatonic -2 n1))	(multiply-duration 0.125 (transpose-diatonic -4 n1))
TR	rel-pitch-3	1	true	n1	(and (duration>= (duration n1) 1) (not (rest? n1)) (= (note-category n1) C) (= (relative-pitch n1) 3))	(multiply-duration 0.125 (transpose-diatonic 4 n1))	(multiply-duration 0.125 (transpose-diatonic 2 n1))	(multiply-duration 0.0625 (transpose-diatonic 3 n1))	(multiply-duration 0.0625 (transpose-diatonic 4 n1))	(multiply-duration 0.0625 (transpose-diatonic 3 n1))	(multiply-duration 0.0625 (transpose-diatonic 1 n1))	(multiply-duration 0.125 (transpose-diatonic 2 n1))	(multiply-duration 0.125 (transpose-diatonic -1 n1))	(multiply-duration 0.125 (transpose-diatonic b-3 n1))	(multiply-duration 0.125 (transpose-diatonic -5 n1))
TR	rel-pitch-3	1	true	n1	(and (duration>= (duration n1) 1) (not (rest? n1)) (= (note-category n1) C) (= (relative-pitch n1) 3))	(multiply-duration 0.125 (transpose-diatonic -1 n1))	(multiply-duration 0.125 (transpose-diatonic #-1 n1))	(multiply-duration 0.125 (transpose-diatonic 2 n1))	(multiply-duration 0.125 (transpose-diatonic #-1 n1))	(multiply-duration 0.125 (transpose-diatonic 1 n1))	(multiply-duration 0.125 (transpose-diatonic 2 n1))	(multiply-duration 0.125 (transpose-diatonic 3 n1))	(multiply-duration 0.125 (transpose-diatonic #4 n1))
TR	rel-pitch-3	1	true	n1	(and (duration>= (duration n1) 1) (not (rest? n1)) (= (note-category n1) C) (= (relative-pitch n1) 3))	(multiply-duration 0.125 (make-rest n1))	(multiply-duration 0.125 (transpose-diatonic b1 n1))	(multiply-duration 0.125 (transpose-diatonic 1 n1))	(multiply-duration 0.125 (transpose-diatonic 3 n1))	(multiply-duration 0.125 (transpose-diatonic 1 n1))	(multiply-duration 0.125 (transpose-diatonic -3 n1))	(multiply-duration 0.25 (make-rest n1))
TR	rel-pitch-3	1	true	n1	(and (duration>= (duration n1) 1) (not (rest? n1)) (= (note-category n1) C) (= (relative-pitch n1) 3))	(multiply-duration 0.125 (transpose-diatonic 1 n1))	(multiply-duration 0.125 (transpose-diatonic 3 n1))	(multiply-duration 0.125 (transpose-diatonic 1 n1))	(multiply-duration 0.125 (transpose-diatonic -4 n1))	(multiply-duration 0.5 (make-rest n1))
TR	rel-pitch-3	1	true	n1	(and (duration>= (duration n1) 1) (not (rest? n1)) (= (note-category n1) C) (= (relative-pitch n1) 3))	(multiply-duration 0.125 (transpose-diatonic b1 n1))	(multiply-duration 0.125 (transpose-diatonic -1 n1))	(multiply-duration 0.125 (transpose-diatonic b-1 n1))	(multiply-duration 0.125 (transpose-diatonic -4 n1))	(multiply-duration 0.125 (transpose-diatonic -2 n1))	(multiply-duration 0.125 (transpose-diatonic -1 n1))	(multiply-duration 0.125 (transpose-diatonic 2 n1))	(multiply-duration 0.125 (transpose-diatonic #3 n1))
TR	rel-pitch-3	1	true	n1	(and (duration>= (duration n1) 1) (not (rest? n1)) (= (note-category n1) C) (= (relative-pitch n1) 3))	(multiply-duration 0.625 (make-rest n1))	(multiply-duration 0.125 (transpose-diatonic b1 n1))	(multiply-duration 0.125 (transpose-diatonic 1 n1))	(multiply-duration 0.125 (transpose-diatonic 3 n1))
TR	rel-pitch-3	1	true	n1	(and (duration>= (duration n1) 1) (not (rest? n1)) (= (note-category n1) C) (= (relative-pitch n1) 3))	(multiply-duration 0.125 (transpose-diatonic b1 n1))	(multiply-duration 0.125 (transpose-diatonic #2 n1))	(multiply-duration 0.125 (transpose-diatonic 2 n1))	(multiply-duration 0.125 (transpose-diatonic 1 n1))	(multiply-duration 0.125 (transpose-diatonic b1 n1))	(multiply-duration 0.125 (transpose-diatonic -1 n1))	(multiply-duration 0.125 (transpose-diatonic b-1 n1))	(multiply-duration 0.125 (transpose-diatonic #-3 n1))
TR	rel-pitch-3	1	true	n1	(and (duration>= (duration n1) 1) (not (rest? n1)) (= (note-category n1) C) (= (relative-pitch n1) 3))	(multiply-duration 0.125 (transpose-diatonic 3 n1))	(multiply-duration 0.125 (transpose-diatonic #2 n1))	(multiply-duration 0.125 (transpose-diatonic 3 n1))	(multiply-duration 0.125 (transpose-diatonic #2 n1))	(multiply-duration 0.125 (transpose-diatonic 2 n1))	(multiply-duration 0.125 (transpose-diatonic b1 n1))	(multiply-duration 0.125 (transpose-diatonic -2 n1))	(multiply-duration 0.125 (transpose-diatonic -5 n1))
TR	rel-pitch-3	1	true	n1	(and (duration>= (duration n1) 1) (not (rest? n1)) (= (note-category n1) C) (= (relative-pitch n1) 3))	(multiply-duration 0.625 (make-rest n1))	(multiply-duration 0.125 (transpose-diatonic 1 n1))	(multiply-duration 0.125 (transpose-diatonic 3 n1))	(multiply-duration 0.125 (transpose-diatonic #1 n1))
TR	rel-pitch-3	1	true	n1	(and (duration>= (duration n1) 1) (not (rest? n1)) (= (note-category n1) C) (= (relative-pitch n1) 3))	(multiply-duration 0.125 (transpose-diatonic -1 n1))	(multiply-duration 0.125 (transpose-diatonic 2 n1))	(multiply-duration 0.125 (transpose-diatonic 1 n1))	(multiply-duration 0.125 (transpose-diatonic b5 n1))	(multiply-duration 0.125 (transpose-diatonic 5 n1))	(multiply-duration 0.125 (transpose-diatonic -1 n1))	(multiply-duration 0.125 (transpose-diatonic -2 n1))	(multiply-duration 0.125 (transpose-diatonic -1 n1))
TR	rel-pitch-3	1	true	n1	(and (duration>= (duration n1) 1) (not (rest? n1)) (= (note-category n1) C) (= (relative-pitch n1) 3))	(multiply-duration 0.125 (make-rest n1))	(multiply-duration 0.25 (transpose-diatonic -2 n1))	(multiply-duration 0.25 (transpose-diatonic 1 n1))	(multiply-duration 0.25 (transpose-diatonic 3 n1))	(multiply-duration 0.125 (transpose-diatonic #4 n1))
TR	rel-pitch-3	1	true	n1	(and (duration>= (duration n1) 1) (not (rest? n1)) (= (note-category n1) C) (= (relative-pitch n1) 3))	(multiply-duration 0.375 (make-rest n1))	(multiply-duration 0.125 (transpose-diatonic b1 n1))	(multiply-duration 0.125 (transpose-diatonic 1 n1))	(multiply-duration 0.125 (transpose-diatonic 3 n1))	(multiply-duration 0.125 (transpose-diatonic 1 n1))	(multiply-duration 0.125 (transpose-diatonic -1 n1))
TR	rel-pitch-3	1	true	n1	(and (duration>= (duration n1) 1) (not (rest? n1)) (= (note-category n1) C) (= (relative-pitch n1) 3))	(multiply-duration 0.125 (transpose-diatonic 2 n1))	(multiply-duration 0.125 (transpose-diatonic b-1 n1))	(multiply-duration 0.125 (transpose-diatonic 2 n1))	(multiply-duration 0.125 (transpose-diatonic #3 n1))	(multiply-duration 0.125 (transpose-diatonic #2 n1))	(multiply-duration 0.125 (transpose-diatonic -1 n1))	(multiply-duration 0.25 (make-rest n1))
TR	rel-pitch-3	1	true	n1	(and (duration>= (duration n1) 1) (not (rest? n1)) (= (note-category n1) C) (= (relative-pitch n1) 3))	(multiply-duration 0.75 (transpose-diatonic 1 n1))	(multiply-duration 0.25 (transpose-diatonic 2 n1))
TR	rel-pitch-3	1	true	n1	(and (duration>= (duration n1) 1) (not (rest? n1)) (= (note-category n1) C) (= (relative-pitch n1) 3))	(multiply-duration 0.125 (transpose-diatonic 2 n1))	(multiply-duration 0.125 (transpose-diatonic -1 n1))	(multiply-duration 0.125 (transpose-diatonic #2 n1))	(multiply-duration 0.125 (transpose-diatonic b1 n1))	(multiply-duration 0.125 (transpose-diatonic 3 n1))	(multiply-duration 0.125 (transpose-diatonic 1 n1))	(multiply-duration 0.125 (transpose-diatonic -3 n1))	(multiply-duration 0.125 (transpose-diatonic -5 n1))
TR	rel-pitch-3	1	true	n1	(and (duration>= (duration n1) 1) (not (rest? n1)) (= (note-category n1) C) (= (relative-pitch n1) 3))	(multiply-duration 0.125 (transpose-diatonic 6 n1))	(multiply-duration 0.125 (transpose-diatonic 3 n1))	(multiply-duration 0.125 (transpose-diatonic 1 n1))	(multiply-duration 0.125 (transpose-diatonic -2 n1))	(multiply-duration 0.08333333333333333 (transpose-diatonic 1 n1))	(multiply-duration 0.08333333333333333 (transpose-diatonic -2 n1))	(multiply-duration 0.08333333333333333 (transpose-diatonic 1 n1))	(multiply-duration 0.08333333333333333 (transpose-diatonic 3 n1))	(multiply-duration 0.08333333333333333 (transpose-diatonic 1 n1))	(multiply-duration 0.08333333333333333 (transpose-diatonic 3 n1))
TR	rel-pitch-3	1	true	n1	(and (duration>= (duration n1) 1) (not (rest? n1)) (= (note-category n1) C) (= (relative-pitch n1) 3))	(multiply-duration 0.125 (transpose-diatonic #2 n1))	(multiply-duration 0.125 (transpose-diatonic 5 n1))	(multiply-duration 0.125 (transpose-diatonic #3 n1))	(multiply-duration 0.125 (transpose-diatonic 1 n1))	(multiply-duration 0.125 (transpose-diatonic -2 n1))	(multiply-duration 0.125 (transpose-diatonic #-5 n1))	(multiply-duration 0.125 (transpose-diatonic -1 n1))	(multiply-duration 0.125 (transpose-diatonic #-5 n1))
TR	rel-pitch-3	1	true	n1	(and (duration>= (duration n1) 1) (not (rest? n1)) (= (note-category n1) C) (= (relative-pitch n1) 3))	(multiply-duration 0.75 (make-rest n1))	(multiply-duration 0.125 (transpose-diatonic -1 n1))	(multiply-duration 0.125 (transpose-diatonic #2 n1))
TR	rel-pitch-3	1	true	n1	(and (duration>= (duration n1) 1) (not (rest? n1)) (= (note-category n1) C) (= (relative-pitch n1) 3))	(multiply-duration 0.125 (transpose-diatonic 1 n1))	(multiply-duration 0.125 (transpose-diatonic -1 n1))	(multiply-duration 0.125 (transpose-diatonic -2 n1))	(multiply-duration 0.125 (transpose-diatonic -1 n1))	(multiply-duration 0.125 (transpose-diatonic 1 n1))	(multiply-duration 0.125 (transpose-diatonic 3 n1))	(multiply-duration 0.125 (transpose-diatonic 1 n1))	(multiply-duration 0.125 (transpose-diatonic -1 n1))
TR	rel-pitch-3	1	true	n1	(and (duration>= (duration n1) 1) (not (rest? n1)) (= (note-category n1) C) (= (relative-pitch n1) 3))	(multiply-duration 0.125 (transpose-diatonic 1 n1))	(multiply-duration 0.125 (transpose-diatonic 3 n1))	(multiply-duration 0.125 (transpose-diatonic 1 n1))	(multiply-duration 0.125 (transpose-diatonic -1 n1))	(multiply-duration 0.125 (transpose-diatonic -2 n1))	(multiply-duration 0.125 (transpose-diatonic -1 n1))	(multiply-duration 0.125 (transpose-diatonic 1 n1))	(multiply-duration 0.125 (transpose-diatonic 3 n1))
TR	rel-pitch-3	1	true	n1	(and (duration>= (duration n1) 1) (not (rest? n1)) (= (note-category n1) C) (= (relative-pitch n1) 3))	(multiply-duration 0.125 (make-rest n1))	(multiply-duration 0.125 (transpose-diatonic b-1 n1))	(multiply-duration 0.625 (make-rest n1))	(multiply-duration 0.125 (transpose-diatonic #3 n1))
TR	rel-pitch-3	1	true	n1	(and (duration>= (duration n1) 1) (not (rest? n1)) (= (note-category n1) C) (= (relative-pitch n1) 3))	(multiply-duration 0.125 (transpose-diatonic -4 n1))	(multiply-duration 0.125 (transpose-diatonic -2 n1))	(multiply-duration 0.125 (transpose-diatonic 1 n1))	(multiply-duration 0.125 (transpose-diatonic 3 n1))	(multiply-duration 0.125 (transpose-diatonic -1 n1))	(multiply-duration 0.125 (transpose-diatonic -2 n1))	(multiply-duration 0.125 (transpose-diatonic 2 n1))	(multiply-duration 0.125 (transpose-diatonic #1 n1))
TR	rel-pitch-3	1	true	n1	(and (duration>= (duration n1) 1) (not (rest? n1)) (= (note-category n1) C) (= (relative-pitch n1) 3))	(multiply-duration 0.125 (transpose-diatonic 5 n1))	(multiply-duration 0.125 (transpose-diatonic #3 n1))	(multiply-duration 0.125 (transpose-diatonic 3 n1))	(multiply-duration 0.125 (transpose-diatonic 2 n1))	(multiply-duration 0.125 (transpose-diatonic 1 n1))	(multiply-duration 0.125 (transpose-diatonic b-1 n1))	(multiply-duration 0.125 (transpose-diatonic -2 n1))	(multiply-duration 0.125 (transpose-diatonic -3 n1))
TR	rel-pitch-3	1	true	n1	(and (duration>= (duration n1) 1) (not (rest? n1)) (= (note-category n1) C) (= (relative-pitch n1) 3))	(multiply-duration 0.25 (transpose-diatonic 1 n1))	(multiply-duration 0.125 (transpose-diatonic -2 n1))	(multiply-duration 0.125 (transpose-diatonic 1 n1))	(multiply-duration 0.08333333333333333 (transpose-diatonic 3 n1))	(multiply-duration 0.08333333333333333 (transpose-diatonic #3 n1))	(multiply-duration 0.08333333333333333 (transpose-diatonic 3 n1))	(multiply-duration 0.125 (transpose-diatonic 2 n1))	(multiply-duration 0.125 (transpose-diatonic #1 n1))
TR	rel-pitch-3	1	true	n1	(and (duration>= (duration n1) 1) (not (rest? n1)) (= (note-category n1) C) (= (relative-pitch n1) 3))	(multiply-duration 0.125 (transpose-diatonic b1 n1))	(multiply-duration 0.125 (transpose-diatonic 1 n1))	(multiply-duration 0.125 (transpose-diatonic 3 n1))	(multiply-duration 0.125 (transpose-diatonic #2 n1))	(multiply-duration 0.125 (transpose-diatonic 2 n1))	(multiply-duration 0.125 (transpose-diatonic 1 n1))	(multiply-duration 0.125 (transpose-diatonic -1 n1))	(multiply-duration 0.125 (transpose-diatonic -2 n1))
TR	rel-pitch-3	1	true	n1	(and (duration>= (duration n1) 1) (not (rest? n1)) (= (note-category n1) C) (= (relative-pitch n1) 3))	(multiply-duration 0.125 (transpose-diatonic 1 n1))	(multiply-duration 0.125 (transpose-diatonic 2 n1))	(multiply-duration 0.125 (transpose-diatonic 3 n1))	(multiply-duration 0.125 (transpose-diatonic 1 n1))	(multiply-duration 0.125 (transpose-diatonic 2 n1))	(multiply-duration 0.125 (transpose-diatonic -1 n1))	(multiply-duration 0.125 (transpose-diatonic -2 n1))	(multiply-duration 0.125 (transpose-diatonic b-3 n1))
TR	rel-pitch-3	1	true	n1	(and (duration>= (duration n1) 1) (not (rest? n1)) (= (note-category n1) C) (= (relative-pitch n1) 3))	(multiply-duration 0.08333333333333333 (transpose-diatonic 3 n1))	(multiply-duration 0.9166666666666666 (transpose-diatonic 1 n1))
TR	rel-pitch-3	1	true	n1	(and (duration>= (duration n1) 1) (not (rest? n1)) (= (note-category n1) C) (= (relative-pitch n1) 3))	(multiply-duration 0.125 (transpose-diatonic 2 n1))	(multiply-duration 0.125 (transpose-diatonic 1 n1))	(multiply-duration 0.125 (transpose-diatonic b1 n1))	(multiply-duration 0.125 (transpose-diatonic -1 n1))	(multiply-duration 0.125 (transpose-diatonic b-1 n1))	(multiply-duration 0.125 (transpose-diatonic -2 n1))	(multiply-duration 0.125 (make-rest n1))	(multiply-duration 0.125 (transpose-diatonic b8 n1))
TR	rel-pitch-3	1	true	n1	(and (duration>= (duration n1) 1) (not (rest? n1)) (= (note-category n1) C) (= (relative-pitch n1) 3))	(multiply-duration 0.125 (transpose-diatonic -2 n1))	(multiply-duration 0.125 (transpose-diatonic -1 n1))	(multiply-duration 0.125 (transpose-diatonic 1 n1))	(multiply-duration 0.125 (transpose-diatonic 3 n1))	(multiply-duration 0.125 (transpose-diatonic 5 n1))	(multiply-duration 0.125 (transpose-diatonic 3 n1))	(multiply-duration 0.125 (transpose-diatonic 1 n1))	(multiply-duration 0.125 (transpose-diatonic -2 n1))
TR	rel-pitch-3	1	true	n1	(and (duration>= (duration n1) 1) (not (rest? n1)) (= (note-category n1) C) (= (relative-pitch n1) 3))	(multiply-duration 0.125 (transpose-diatonic 3 n1))	(multiply-duration 0.125 (transpose-diatonic 1 n1))	(multiply-duration 0.125 (transpose-diatonic -3 n1))	(multiply-duration 0.125 (transpose-diatonic -5 n1))	(multiply-duration 0.125 (transpose-diatonic -1 n1))	(multiply-duration 0.125 (transpose-diatonic 2 n1))	(multiply-duration 0.125 (transpose-diatonic 1 n1))	(multiply-duration 0.125 (transpose-diatonic -1 n1))
TR	rel-pitch-3	1	true	n1	(and (duration>= (duration n1) 1) (not (rest? n1)) (= (note-category n1) C) (= (relative-pitch n1) 3))	(multiply-duration 0.125 (transpose-diatonic -1 n1))	(multiply-duration 0.125 (transpose-diatonic -3 n1))	(multiply-duration 0.125 (transpose-diatonic -2 n1))	(multiply-duration 0.125 (transpose-diatonic -1 n1))	(multiply-duration 0.125 (transpose-diatonic 1 n1))	(multiply-duration 0.125 (transpose-diatonic 3 n1))	(multiply-duration 0.125 (transpose-diatonic 4 n1))	(multiply-duration 0.125 (transpose-diatonic 5 n1))
TR	rel-pitch-3	1	true	n1	(and (duration>= (duration n1) 1) (not (rest? n1)) (= (note-category n1) C) (= (relative-pitch n1) 3))	(multiply-duration 0.125 (transpose-diatonic 5 n1))	(multiply-duration 0.125 (transpose-diatonic #3 n1))	(multiply-duration 0.125 (transpose-diatonic 2 n1))	(multiply-duration 0.125 (transpose-diatonic b1 n1))	(multiply-duration 0.125 (transpose-diatonic b-1 n1))	(multiply-duration 0.125 (make-rest n1))	(multiply-duration 0.125 (transpose-diatonic #-5 n1))	(multiply-duration 0.125 (transpose-diatonic -7 n1))
TR	rel-pitch-3	1	true	n1	(and (duration>= (duration n1) 1) (not (rest? n1)) (= (note-category n1) C) (= (relative-pitch n1) 3))	(multiply-duration 0.5 (transpose-diatonic 3 n1))	(multiply-duration 0.125 (transpose-diatonic 2 n1))	(multiply-duration 0.125 (transpose-diatonic 1 n1))	(multiply-duration 0.25 (transpose-diatonic -2 n1))
TR	rel-pitch-3	1	true	n1	(and (duration>= (duration n1) 1) (not (rest? n1)) (= (note-category n1) C) (= (relative-pitch n1) 3))	(multiply-duration 0.08333333333333333 (transpose-diatonic 4 n1))	(multiply-duration 0.08333333333333333 (transpose-diatonic 5 n1))	(multiply-duration 0.08333333333333333 (transpose-diatonic 4 n1))	(multiply-duration 0.125 (transpose-diatonic 3 n1))	(multiply-duration 0.125 (transpose-diatonic 2 n1))	(multiply-duration 0.125 (transpose-diatonic 1 n1))	(multiply-duration 0.125 (transpose-diatonic -1 n1))	(multiply-duration 0.125 (transpose-diatonic -3 n1))	(multiply-duration 0.125 (transpose-diatonic #-3 n1))
TR	rel-pitch-3	1	true	n1	(and (duration>= (duration n1) 1) (not (rest? n1)) (= (note-category n1) C) (= (relative-pitch n1) 3))	(multiply-duration 0.5 (make-rest n1))	(multiply-duration 0.125 (transpose-diatonic 2 n1))	(multiply-duration 0.125 (transpose-diatonic #1 n1))	(multiply-duration 0.125 (transpose-diatonic 1 n1))	(multiply-duration 0.125 (transpose-diatonic 2 n1))
TR	rel-pitch-3	1	true	n1	(and (duration>= (duration n1) 1) (not (rest? n1)) (= (note-category n1) C) (= (relative-pitch n1) 3))	(multiply-duration 0.125 (transpose-diatonic 5 n1))	(multiply-duration 0.125 (transpose-diatonic #2 n1))	(multiply-duration 0.125 (transpose-diatonic 3 n1))	(multiply-duration 0.125 (transpose-diatonic b1 n1))	(multiply-duration 0.125 (transpose-diatonic 1 n1))	(multiply-duration 0.125 (transpose-diatonic -2 n1))	(multiply-duration 0.25 (transpose-diatonic b-1 n1))
TR	rel-pitch-3	1	true	n1	(and (duration>= (duration n1) 1) (not (rest? n1)) (= (note-category n1) C) (= (relative-pitch n1) 3))	(multiply-duration 0.125 (transpose-diatonic -2 n1))	(multiply-duration 0.125 (transpose-diatonic #-1 n1))	(multiply-duration 0.125 (transpose-diatonic 1 n1))	(multiply-duration 0.125 (transpose-diatonic 2 n1))	(multiply-duration 0.125 (transpose-diatonic 3 n1))	(multiply-duration 0.125 (transpose-diatonic #-1 n1))	(multiply-duration 0.125 (transpose-diatonic 2 n1))	(multiply-duration 0.125 (transpose-diatonic #-1 n1))
TR	rel-pitch-3	1	true	n1	(and (duration>= (duration n1) 1) (not (rest? n1)) (= (note-category n1) C) (= (relative-pitch n1) 3))	(multiply-duration 0.125 (transpose-diatonic -3 n1))	(multiply-duration 0.125 (transpose-diatonic -1 n1))	(multiply-duration 0.125 (transpose-diatonic 1 n1))	(multiply-duration 0.125 (transpose-diatonic 3 n1))	(multiply-duration 0.125 (transpose-diatonic 5 n1))	(multiply-duration 0.125 (transpose-diatonic 3 n1))	(multiply-duration 0.125 (transpose-diatonic 4 n1))	(multiply-duration 0.125 (transpose-diatonic #2 n1))
TR	rel-pitch-3	1	true	n1	(and (duration>= (duration n1) 1) (not (rest? n1)) (= (note-category n1) C) (= (relative-pitch n1) 3))	(multiply-duration 0.125 (transpose-diatonic b5 n1))	(multiply-duration 0.125 (transpose-diatonic #3 n1))	(multiply-duration 0.125 (transpose-diatonic 3 n1))	(multiply-duration 0.125 (transpose-diatonic 2 n1))	(multiply-duration 0.125 (transpose-diatonic 1 n1))	(multiply-duration 0.125 (transpose-diatonic 3 n1))	(multiply-duration 0.125 (transpose-diatonic 1 n1))	(multiply-duration 0.125 (transpose-diatonic -1 n1))
TR	rel-pitch-3	1	true	n1	(and (duration>= (duration n1) 1) (not (rest? n1)) (= (note-category n1) C) (= (relative-pitch n1) 3))	(multiply-duration 0.125 (transpose-diatonic 1 n1))	(multiply-duration 0.125 (transpose-diatonic #3 n1))	(multiply-duration 0.125 (transpose-diatonic b1 n1))	(multiply-duration 0.125 (transpose-diatonic -1 n1))	(multiply-duration 0.125 (transpose-diatonic b-1 n1))	(multiply-duration 0.125 (transpose-diatonic b1 n1))	(multiply-duration 0.125 (transpose-diatonic 1 n1))	(multiply-duration 0.125 (transpose-diatonic #3 n1))
TR	rel-pitch-3	1	true	n1	(and (duration>= (duration n1) 1) (not (rest? n1)) (= (note-category n1) C) (= (relative-pitch n1) 3))	(multiply-duration 0.625 (make-rest n1))	(multiply-duration 0.125 (transpose-diatonic -1 n1))	(multiply-duration 0.125 (transpose-diatonic 2 n1))	(multiply-duration 0.125 (transpose-diatonic #1 n1))
TR	rel-pitch-3	1	true	n1	(and (duration>= (duration n1) 1) (not (rest? n1)) (= (note-category n1) C) (= (relative-pitch n1) 3))	(multiply-duration 0.125 (transpose-diatonic 5 n1))	(multiply-duration 0.125 (transpose-diatonic 4 n1))	(multiply-duration 0.125 (transpose-diatonic #3 n1))	(multiply-duration 0.125 (transpose-diatonic 1 n1))	(multiply-duration 0.125 (transpose-diatonic b1 n1))	(multiply-duration 0.125 (transpose-diatonic b-1 n1))	(multiply-duration 0.125 (transpose-diatonic -2 n1))	(multiply-duration 0.125 (transpose-diatonic -3 n1))
TR	rel-pitch-3	1	true	n1	(and (duration>= (duration n1) 1) (not (rest? n1)) (= (note-category n1) C) (= (relative-pitch n1) 3))	(multiply-duration 0.125 (transpose-diatonic 2 n1))	(multiply-duration 0.125 (transpose-diatonic #2 n1))	(multiply-duration 0.08333333333333333 (transpose-diatonic 3 n1))	(multiply-duration 0.08333333333333333 (transpose-diatonic #2 n1))	(multiply-duration 0.08333333333333333 (transpose-diatonic 2 n1))	(multiply-duration 0.125 (transpose-diatonic 1 n1))	(multiply-duration 0.125 (transpose-diatonic -2 n1))	(multiply-duration 0.125 (transpose-diatonic -4 n1))	(multiply-duration 0.125 (transpose-diatonic #-5 n1))
TR	rel-pitch-3	1	true	n1	(and (duration>= (duration n1) 1) (not (rest? n1)) (= (note-category n1) C) (= (relative-pitch n1) 3))	(multiply-duration 0.125 (transpose-diatonic b1 n1))	(multiply-duration 0.125 (transpose-diatonic b-1 n1))	(multiply-duration 0.125 (transpose-diatonic b1 n1))	(multiply-duration 0.125 (transpose-diatonic b-1 n1))	(multiply-duration 0.5 (make-rest n1))
TR	rel-pitch-3	1	true	n1	(and (duration>= (duration n1) 1) (not (rest? n1)) (= (note-category n1) C) (= (relative-pitch n1) 3))	(multiply-duration 0.125 (transpose-diatonic 4 n1))	(multiply-duration 0.125 (transpose-diatonic 3 n1))	(multiply-duration 0.125 (transpose-diatonic 4 n1))	(multiply-duration 0.125 (transpose-diatonic 3 n1))	(multiply-duration 0.125 (make-rest n1))	(multiply-duration 0.125 (transpose-diatonic -1 n1))	(multiply-duration 0.08333333333333333 (transpose-diatonic -3 n1))	(multiply-duration 0.08333333333333333 (transpose-diatonic -1 n1))	(multiply-duration 0.08333333333333333 (transpose-diatonic 2 n1))
TR	rel-pitch-3	1	true	n1	(and (duration>= (duration n1) 1) (not (rest? n1)) (= (note-category n1) C) (= (relative-pitch n1) 3))	(multiply-duration 0.125 (transpose-diatonic 2 n1))	(multiply-duration 0.125 (transpose-diatonic -1 n1))	(multiply-duration 0.125 (transpose-diatonic b3 n1))	(multiply-duration 0.125 (transpose-diatonic -1 n1))	(multiply-duration 0.125 (transpose-diatonic 3 n1))	(multiply-duration 0.125 (transpose-diatonic 1 n1))	(multiply-duration 0.125 (transpose-diatonic b-3 n1))	(multiply-duration 0.125 (transpose-diatonic -5 n1))
TR	rel-pitch-3	1	true	n1	(and (duration>= (duration n1) 1) (not (rest? n1)) (= (note-category n1) C) (= (relative-pitch n1) 3))	(multiply-duration 0.125 (transpose-diatonic 4 n1))	(multiply-duration 0.125 (transpose-diatonic 3 n1))	(multiply-duration 0.125 (transpose-diatonic #2 n1))	(multiply-duration 0.125 (transpose-diatonic 1 n1))	(multiply-duration 0.125 (transpose-diatonic b1 n1))	(multiply-duration 0.125 (transpose-diatonic b-1 n1))	(multiply-duration 0.125 (transpose-diatonic #-3 n1))	(multiply-duration 0.125 (transpose-diatonic -5 n1))
TR	rel-pitch-3	1	true	n1	(and (duration>= (duration n1) 1) (not (rest? n1)) (= (note-category n1) C) (= (relative-pitch n1) 3))	(multiply-duration 0.25 (make-rest n1))	(multiply-duration 0.125 (transpose-diatonic #-3 n1))	(multiply-duration 0.125 (transpose-diatonic -2 n1))	(multiply-duration 0.125 (transpose-diatonic 2 n1))	(multiply-duration 0.125 (transpose-diatonic #-1 n1))	(multiply-duration 0.125 (transpose-diatonic 1 n1))	(multiply-duration 0.125 (transpose-diatonic 2 n1))
TR	rel-pitch-3	1	true	n1	(and (duration>= (duration n1) 1) (not (rest? n1)) (= (note-category n1) C) (= (relative-pitch n1) 3))	(multiply-duration 0.125 (transpose-diatonic b-1 n1))	(multiply-duration 0.125 (transpose-diatonic b1 n1))	(multiply-duration 0.125 (transpose-diatonic 1 n1))	(multiply-duration 0.125 (transpose-diatonic #2 n1))	(multiply-duration 0.25 (transpose-diatonic b1 n1))	(multiply-duration 0.125 (transpose-diatonic b-1 n1))	(multiply-duration 0.125 (transpose-diatonic -2 n1))
TR	rel-pitch-3	1	true	n1	(and (duration>= (duration n1) 1) (not (rest? n1)) (= (note-category n1) C) (= (relative-pitch n1) 3))	(multiply-duration 0.125 (make-rest n1))	(multiply-duration 0.75 (transpose-diatonic 1 n1))	(multiply-duration 0.125 (transpose-diatonic 2 n1))
SUB	whole-first-rel-pitch-1	motif	1	true
TR	rel-pitch-1-to-7	1	true	n1 n2	(and (duration>= (duration n1) 1) (not (rest? n1)) (= (note-category n1) C) (= (relative-pitch n1) 1) (duration>= (duration n2) 1) (not (rest? n2)) (= (note-category n2) C) (= (relative-pitch n2) 7) (pitch< n1 n2))	(multiply-duration 0.125 (transpose-diatonic 2 n1))	(multiply-duration 0.125 (transpose-diatonic b2 n1))	(multiply-duration 0.25 (transpose-diatonic -1 n1))	(multiply-duration 0.125 (transpose-diatonic 2 n1))	(multiply-duration 0.125 (transpose-diatonic -1 n1))	(multiply-duration 0.125 (transpose-diatonic 1 n1))	(multiply-duration 0.125 (transpose-diatonic 2 n1))	(multiply-duration 0.125 (transpose-diatonic -4 n2))	(multiply-duration 0.125 (transpose-diatonic -2 n2))	(multiply-duration 0.125 (transpose-diatonic 1 n2))	(multiply-duration 0.125 (transpose-diatonic 3 n2))	(multiply-duration 0.5 (make-rest n2))
TR	rel-pitch-1-to-7	1	true	n1 n2	(and (duration>= (duration n1) 1) (not (rest? n1)) (= (note-category n1) C) (= (relative-pitch n1) 1) (duration>= (duration n2) 1) (not (rest? n2)) (= (note-category n2) C) (= (relative-pitch n2) 7) (pitch>= n1 n2))	(multiply-duration 0.125 (make-rest n1))	(multiply-duration 0.125 (transpose-diatonic 2 n1))	(multiply-duration 0.125 (transpose-diatonic -1 n1))	(multiply-duration 0.125 (transpose-diatonic -3 n1))	(multiply-duration 0.25 (transpose-diatonic 1 n1))	(multiply-duration 0.125 (transpose-diatonic -2 n1))	(multiply-duration 0.125 (transpose-diatonic #3 n1))	(multiply-duration 0.125 (transpose-diatonic #6 n2))	(multiply-duration 0.125 (transpose-diatonic 4 n2))	(multiply-duration 0.125 (transpose-diatonic b3 n2))	(multiply-duration 0.125 (transpose-diatonic -1 n2))	(multiply-duration 0.125 (transpose-diatonic #-3 n2))	(multiply-duration 0.125 (transpose-diatonic b-4 n2))	(multiply-duration 0.125 (transpose-diatonic #1 n2))	(multiply-duration 0.125 (transpose-diatonic -1 n2))
TR	rel-pitch-1-to-3	1	true	n1 n2	(and (duration>= (duration n1) 1) (not (rest? n1)) (= (note-category n1) C) (= (relative-pitch n1) 1) (duration>= (duration n2) 1) (not (rest? n2)) (= (note-category n2) C) (= (relative-pitch n2) 3) (pitch>= n1 n2))	(multiply-duration 0.125 (transpose-diatonic #2 n1))	(multiply-duration 0.125 (transpose-diatonic 4 n1))	(multiply-duration 0.125 (transpose-diatonic 3 n1))	(multiply-duration 0.125 (transpose-diatonic 2 n1))	(multiply-duration 0.125 (transpose-diatonic 1 n1))	(multiply-duration 0.125 (transpose-diatonic #-1 n1))	(multiply-duration 0.125 (transpose-diatonic -1 n1))	(multiply-duration 0.125 (transpose-diatonic #-2 n1))	(multiply-duration 0.125 (transpose-diatonic b1 n2))	(multiply-duration 0.125 (transpose-diatonic -1 n2))	(multiply-duration 0.125 (transpose-diatonic b-1 n2))	(multiply-duration 0.125 (transpose-diatonic -4 n2))	(multiply-duration 0.125 (transpose-diatonic -2 n2))	(multiply-duration 0.125 (transpose-diatonic -1 n2))	(multiply-duration 0.125 (transpose-diatonic 2 n2))	(multiply-duration 0.125 (transpose-diatonic #3 n2))
TR	rel-pitch-1-to-7	1	true	n1 n2	(and (duration>= (duration n1) 1) (not (rest? n1)) (= (note-category n1) C) (= (relative-pitch n1) 1) (duration>= (duration n2) 1) (not (rest? n2)) (= (note-category n2) C) (= (relative-pitch n2) 7) (pitch< n1 n2))	(multiply-duration 0.25 (transpose-diatonic #-3 n1))	(multiply-duration 0.75 (transpose-diatonic 3 n1))	(multiply-duration 0.125 (transpose-diatonic 1 n2))	(multiply-duration 0.0625 (transpose-diatonic 2 n2))	(multiply-duration 0.0625 (transpose-diatonic b3 n2))	(multiply-duration 0.5 (transpose-diatonic 2 n2))	(multiply-duration 0.125 (transpose-diatonic 1 n2))	(multiply-duration 0.125 (transpose-diatonic #-2 n2))
TR	rel-pitch-1-to-3	1	true	n1 n2	(and (duration>= (duration n1) 1) (not (rest? n1)) (= (note-category n1) C) (= (relative-pitch n1) 1) (duration>= (duration n2) 1) (not (rest? n2)) (= (note-category n2) C) (= (relative-pitch n2) 3) (pitch>= n1 n2))	(multiply-duration 0.125 (transpose-diatonic 1 n1))	(multiply-duration 0.125 (transpose-diatonic 4 n1))	(multiply-duration 0.125 (transpose-diatonic 1 n1))	(multiply-duration 0.125 (transpose-diatonic #-2 n1))	(multiply-duration 0.25 (transpose-diatonic 4 n1))	(multiply-duration 0.125 (transpose-diatonic 2 n1))	(multiply-duration 0.125 (transpose-diatonic #-1 n1))	(multiply-duration 0.125 (transpose-diatonic 3 n2))	(multiply-duration 0.125 (transpose-diatonic #2 n2))	(multiply-duration 0.125 (transpose-diatonic 3 n2))	(multiply-duration 0.125 (transpose-diatonic #2 n2))	(multiply-duration 0.125 (transpose-diatonic 2 n2))	(multiply-duration 0.125 (transpose-diatonic b1 n2))	(multiply-duration 0.125 (transpose-diatonic -2 n2))	(multiply-duration 0.125 (transpose-diatonic -5 n2))
TR	rel-pitch-1-to-1	1	true	n1 n2	(and (duration>= (duration n1) 1) (not (rest? n1)) (= (note-category n1) C) (= (relative-pitch n1) 1) (duration>= (duration n2) 1) (not (rest? n2)) (= (note-category n2) C) (= (relative-pitch n2) 1) (pitch>= n1 n2))	(multiply-duration 0.25 (transpose-diatonic 3 n1))	(multiply-duration 0.125 (transpose-diatonic 5 n1))	(multiply-duration 0.125 (transpose-diatonic 3 n1))	(multiply-duration 0.125 (make-rest n1))	(multiply-duration 0.125 (transpose-diatonic 1 n1))	(multiply-duration 0.125 (transpose-diatonic -2 n1))	(multiply-duration 0.125 (transpose-diatonic -4 n1))	(multiply-duration 0.125 (transpose-diatonic 2 n2))	(multiply-duration 0.125 (transpose-diatonic -2 n2))	(multiply-duration 0.125 (transpose-diatonic 1 n2))	(multiply-duration 0.125 (transpose-diatonic -2 n2))	(multiply-duration 0.125 (transpose-diatonic #-1 n2))	(multiply-duration 0.125 (transpose-diatonic 5 n2))	(multiply-duration 0.25 (make-rest n2))
TR	rel-pitch-1-to-7	1	true	n1 n2	(and (duration>= (duration n1) 1) (not (rest? n1)) (= (note-category n1) C) (= (relative-pitch n1) 1) (duration>= (duration n2) 1) (not (rest? n2)) (= (note-category n2) C) (= (relative-pitch n2) 7) (pitch< n1 n2))	(multiply-duration 0.125 (transpose-diatonic 1 n1))	(multiply-duration 0.125 (transpose-diatonic 2 n1))	(multiply-duration 0.125 (transpose-diatonic 3 n1))	(multiply-duration 0.125 (transpose-diatonic 1 n1))	(multiply-duration 0.125 (transpose-diatonic 2 n1))	(multiply-duration 0.125 (transpose-diatonic 1 n1))	(multiply-duration 0.125 (transpose-diatonic -1 n1))	(multiply-duration 0.125 (transpose-diatonic 1 n1))	(multiply-duration 0.125 (transpose-diatonic -4 n2))	(multiply-duration 0.125 (transpose-diatonic -2 n2))	(multiply-duration 0.125 (transpose-diatonic 1 n2))	(multiply-duration 0.125 (transpose-diatonic 3 n2))	(multiply-duration 0.125 (make-rest n2))	(multiply-duration 0.125 (transpose-diatonic 3 n2))	(multiply-duration 0.125 (make-rest n2))	(multiply-duration 0.125 (transpose-diatonic 3 n2))
TR	rel-pitch-1-to-1	1	true	n1 n2	(and (duration>= (duration n1) 1) (not (rest? n1)) (= (note-category n1) C) (= (relative-pitch n1) 1) (duration>= (duration n2) 1) (not (rest? n2)) (= (note-category n2) C) (= (relative-pitch n2) 1) (pitch< n1 n2))	(multiply-duration 0.125 (transpose-diatonic 1 n1))	(multiply-duration 0.125 (transpose-diatonic #2 n1))	(multiply-duration 0.125 (transpose-diatonic 3 n1))	(multiply-duration 0.125 (transpose-diatonic 4 n1))	(multiply-duration 0.125 (transpose-diatonic 5 n1))	(multiply-duration 0.125 (transpose-diatonic #-2 n1))	(multiply-duration 0.125 (transpose-diatonic -1 n1))	(multiply-duration 0.125 (transpose-diatonic 1 n1))	(multiply-duration 0.125 (transpose-diatonic #-3 n2))	(multiply-duration 0.125 (transpose-diatonic -1 n2))	(multiply-duration 0.125 (transpose-diatonic #-1 n2))	(multiply-duration 0.125 (transpose-diatonic b2 n2))	(multiply-duration 0.125 (transpose-diatonic 2 n2))	(multiply-duration 0.125 (transpose-diatonic b2 n2))	(multiply-duration 0.125 (transpose-diatonic 1 n2))	(multiply-duration 0.125 (transpose-diatonic #-1 n2))
TR	rel-pitch-1-to-5	1	true	n1 n2	(and (duration>= (duration n1) 1) (not (rest? n1)) (= (note-category n1) C) (= (relative-pitch n1) 1) (duration>= (duration n2) 1) (not (rest? n2)) (= (note-category n2) C) (= (relative-pitch n2) 5) (pitch>= n1 n2))	(multiply-duration 0.125 (transpose-diatonic #-2 n1))	(multiply-duration 0.125 (transpose-diatonic 1 n1))	(multiply-duration 0.125 (transpose-diatonic 3 n1))	(multiply-duration 0.125 (transpose-diatonic #5 n1))	(multiply-duration 0.5 (transpose-diatonic #2 n1))	(multiply-duration 0.5 (transpose-diatonic 2 n2))	(multiply-duration 0.125 (transpose-diatonic 3 n2))	(multiply-duration 0.125 (transpose-diatonic 1 n2))	(multiply-duration 0.25 (make-rest n2))
TR	rel-pitch-1-to-3	1	true	n1 n2	(and (duration>= (duration n1) 1) (not (rest? n1)) (= (note-category n1) C) (= (relative-pitch n1) 1) (duration>= (duration n2) 1) (not (rest? n2)) (= (note-category n2) C) (= (relative-pitch n2) 3) (pitch< n1 n2))	(multiply-duration 0.125 (transpose-diatonic 2 n1))	(multiply-duration 0.125 (transpose-diatonic 1 n1))	(multiply-duration 0.125 (transpose-diatonic -1 n1))	(multiply-duration 0.125 (transpose-diatonic 1 n1))	(multiply-duration 0.125 (transpose-diatonic 3 n1))	(multiply-duration 0.125 (transpose-diatonic 1 n1))	(multiply-duration 0.25 (make-rest n1))	(multiply-duration 0.125 (transpose-diatonic 2 n2))	(multiply-duration 0.125 (transpose-diatonic -1 n2))	(multiply-duration 0.125 (transpose-diatonic #2 n2))	(multiply-duration 0.125 (transpose-diatonic b1 n2))	(multiply-duration 0.125 (transpose-diatonic 3 n2))	(multiply-duration 0.125 (transpose-diatonic 1 n2))	(multiply-duration 0.125 (transpose-diatonic -3 n2))	(multiply-duration 0.125 (transpose-diatonic -5 n2))
TR	rel-pitch-1-to-3	1	true	n1 n2	(and (duration>= (duration n1) 1) (not (rest? n1)) (= (note-category n1) C) (= (relative-pitch n1) 1) (duration>= (duration n2) 1) (not (rest? n2)) (= (note-category n2) C) (= (relative-pitch n2) 3) (pitch>= n1 n2))	(multiply-duration 0.125 (transpose-diatonic #6 n1))	(multiply-duration 0.125 (transpose-diatonic 4 n1))	(multiply-duration 0.125 (transpose-diatonic 2 n1))	(multiply-duration 0.125 (transpose-diatonic 4 n1))	(multiply-duration 0.125 (transpose-diatonic 3 n1))	(multiply-duration 0.125 (transpose-diatonic #-1 n1))	(multiply-duration 0.125 (transpose-diatonic -2 n1))	(multiply-duration 0.125 (transpose-diatonic -4 n1))	(multiply-duration 0.125 (transpose-diatonic #2 n2))	(multiply-duration 0.125 (transpose-diatonic 5 n2))	(multiply-duration 0.125 (transpose-diatonic #3 n2))	(multiply-duration 0.125 (transpose-diatonic 1 n2))	(multiply-duration 0.125 (transpose-diatonic -2 n2))	(multiply-duration 0.125 (transpose-diatonic #-5 n2))	(multiply-duration 0.125 (transpose-diatonic -1 n2))	(multiply-duration 0.125 (transpose-diatonic #-5 n2))
TR	rel-pitch-1-to-3	1	true	n1 n2	(and (duration>= (duration n1) 1) (not (rest? n1)) (= (note-category n1) C) (= (relative-pitch n1) 1) (duration>= (duration n2) 1) (not (rest? n2)) (= (note-category n2) C) (= (relative-pitch n2) 3) (pitch>= n1 n2))	(multiply-duration 0.125 (transpose-diatonic -3 n1))	(multiply-duration 0.125 (transpose-diatonic -2 n1))	(multiply-duration 0.125 (transpose-diatonic #-2 n1))	(multiply-duration 0.125 (transpose-diatonic 2 n1))	(multiply-duration 0.125 (transpose-diatonic 5 n1))	(multiply-duration 0.125 (transpose-diatonic 3 n1))	(multiply-duration 0.125 (transpose-diatonic 5 n1))	(multiply-duration 0.125 (transpose-diatonic 3 n1))	(multiply-duration 0.125 (make-rest n2))	(multiply-duration 0.125 (transpose-diatonic b-1 n2))	(multiply-duration 0.625 (make-rest n2))	(multiply-duration 0.125 (transpose-diatonic #3 n2))
TR	rel-pitch-1-to-7	1	true	n1 n2	(and (duration>= (duration n1) 1) (not (rest? n1)) (= (note-category n1) C) (= (relative-pitch n1) 1) (duration>= (duration n2) 1) (not (rest? n2)) (= (note-category n2) C) (= (relative-pitch n2) 7) (pitch< n1 n2))	(multiply-duration 0.125 (make-rest n1))	(multiply-duration 0.125 (transpose-diatonic -3 n1))	(multiply-duration 0.08333333333333333 (transpose-diatonic -2 n1))	(multiply-duration 0.08333333333333333 (transpose-diatonic -1 n1))	(multiply-duration 0.08333333333333333 (transpose-diatonic 2 n1))	(multiply-duration 0.125 (transpose-diatonic -1 n1))	(multiply-duration 0.125 (transpose-diatonic 1 n1))	(multiply-duration 0.125 (transpose-diatonic 3 n1))	(multiply-duration 0.125 (transpose-diatonic 5 n1))	(multiply-duration 0.25 (transpose-diatonic 1 n2))	(multiply-duration 0.125 (transpose-diatonic 3 n2))	(multiply-duration 0.125 (transpose-diatonic 1 n2))	(multiply-duration 0.125 (make-rest n2))	(multiply-duration 0.125 (transpose-diatonic -2 n2))	(multiply-duration 0.25 (transpose-diatonic -4 n2))
TR	rel-pitch-1-to-5	1	true	n1 n2	(and (duration>= (duration n1) 1) (not (rest? n1)) (= (note-category n1) C) (= (relative-pitch n1) 1) (duration>= (duration n2) 1) (not (rest? n2)) (= (note-category n2) C) (= (relative-pitch n2) 5) (pitch< n1 n2))	(multiply-duration 0.125 (transpose-diatonic 5 n1))	(multiply-duration 0.125 (transpose-diatonic 3 n1))	(multiply-duration 0.125 (transpose-diatonic 1 n1))	(multiply-duration 0.125 (transpose-diatonic -2 n1))	(multiply-duration 0.125 (transpose-diatonic 2 n1))	(multiply-duration 0.125 (transpose-diatonic -1 n1))	(multiply-duration 0.125 (transpose-diatonic 1 n1))	(multiply-duration 0.125 (transpose-diatonic 2 n1))	(multiply-duration 0.125 (transpose-diatonic b-2 n2))	(multiply-duration 0.125 (transpose-diatonic -1 n2))	(multiply-duration 0.125 (transpose-diatonic #-1 n2))	(multiply-duration 0.125 (transpose-diatonic 1 n2))	(multiply-duration 0.125 (transpose-diatonic #1 n2))	(multiply-duration 0.125 (transpose-diatonic 2 n2))	(multiply-duration 0.125 (transpose-diatonic b3 n2))	(multiply-duration 0.125 (transpose-diatonic 3 n2))
TR	rel-pitch-1-to-7	1	true	n1 n2	(and (duration>= (duration n1) 1) (not (rest? n1)) (= (note-category n1) C) (= (relative-pitch n1) 1) (duration>= (duration n2) 1) (not (rest? n2)) (= (note-category n2) C) (= (relative-pitch n2) 7) (pitch>= n1 n2))	(multiply-duration 0.25 (make-rest n1))	(multiply-duration 0.125 (transpose-diatonic 2 n1))	(multiply-duration 0.125 (transpose-diatonic 4 n1))	(multiply-duration 0.125 (transpose-diatonic 2 n1))	(multiply-duration 0.125 (transpose-diatonic -1 n1))	(multiply-duration 0.25 (transpose-diatonic -3 n1))	(multiply-duration 0.125 (transpose-diatonic 1 n2))	(multiply-duration 0.125 (transpose-diatonic 4 n2))	(multiply-duration 0.125 (transpose-diatonic 2 n2))	(multiply-duration 0.125 (transpose-diatonic 1 n2))	(multiply-duration 0.125 (transpose-diatonic -2 n2))	(multiply-duration 0.125 (transpose-diatonic -4 n2))	(multiply-duration 0.125 (transpose-diatonic -1 n2))	(multiply-duration 0.125 (transpose-diatonic #-3 n2))
TR	rel-pitch-1-to-5	1	true	n1 n2	(and (duration>= (duration n1) 1) (not (rest? n1)) (= (note-category n1) C) (= (relative-pitch n1) 1) (duration>= (duration n2) 1) (not (rest? n2)) (= (note-category n2) C) (= (relative-pitch n2) 5) (pitch>= n1 n2))	(multiply-duration 0.25 (make-rest n1))	(multiply-duration 0.125 (transpose-diatonic 3 n1))	(multiply-duration 0.125 (transpose-diatonic 5 n1))	(multiply-duration 0.125 (transpose-diatonic 3 n1))	(multiply-duration 0.125 (transpose-diatonic #-1 n1))	(multiply-duration 0.125 (transpose-diatonic -2 n1))	(multiply-duration 0.125 (transpose-diatonic #-5 n1))	(multiply-duration 0.125 (transpose-diatonic #1 n2))	(multiply-duration 0.125 (transpose-diatonic #3 n2))	(multiply-duration 0.125 (transpose-diatonic #1 n2))	(multiply-duration 0.125 (transpose-diatonic -2 n2))	(multiply-duration 0.25 (transpose-diatonic b-3 n2))	(multiply-duration 0.25 (make-rest n2))
TR	rel-pitch-1-to-1	1	true	n1 n2	(and (duration>= (duration n1) 1) (not (rest? n1)) (= (note-category n1) C) (= (relative-pitch n1) 1) (duration>= (duration n2) 1) (not (rest? n2)) (= (note-category n2) C) (= (relative-pitch n2) 1) (pitch< n1 n2))	(multiply-duration 0.125 (transpose-diatonic -3 n1))	(multiply-duration 0.125 (transpose-diatonic -2 n1))	(multiply-duration 0.125 (transpose-diatonic -1 n1))	(multiply-duration 0.125 (transpose-diatonic 2 n1))	(multiply-duration 0.125 (transpose-diatonic -1 n1))	(multiply-duration 0.125 (transpose-diatonic 1 n1))	(multiply-duration 0.08333333333333333 (transpose-diatonic 3 n1))	(multiply-duration 0.08333333333333333 (transpose-diatonic 5 n1))	(multiply-duration 0.08333333333333333 (transpose-diatonic 7 n1))	(multiply-duration 0.25 (transpose-diatonic 2 n2))	(multiply-duration 0.125 (transpose-diatonic 4 n2))	(multiply-duration 0.125 (transpose-diatonic 2 n2))	(multiply-duration 0.125 (make-rest n2))	(multiply-duration 0.125 (transpose-diatonic -1 n2))	(multiply-duration 0.25 (transpose-diatonic -3 n2))
TR	rel-pitch-1-to-7	1	true	n1 n2	(and (duration>= (duration n1) 1) (not (rest? n1)) (= (note-category n1) C) (= (relative-pitch n1) 1) (duration>= (duration n2) 1) (not (rest? n2)) (= (note-category n2) C) (= (relative-pitch n2) 7) (pitch< n1 n2))	(multiply-duration 0.125 (make-rest n1))	(multiply-duration 0.125 (transpose-diatonic -4 n1))	(multiply-duration 0.08333333333333333 (transpose-diatonic -3 n1))	(multiply-duration 0.08333333333333333 (transpose-diatonic -2 n1))	(multiply-duration 0.08333333333333333 (transpose-diatonic 1 n1))	(multiply-duration 0.125 (transpose-diatonic 5 n1))	(multiply-duration 0.125 (transpose-diatonic b2 n1))	(multiply-duration 0.125 (transpose-diatonic 2 n1))	(multiply-duration 0.125 (transpose-diatonic 3 n1))	(multiply-duration 0.125 (transpose-diatonic -3 n2))	(multiply-duration 0.125 (transpose-diatonic -2 n2))	(multiply-duration 0.125 (transpose-diatonic -1 n2))	(multiply-duration 0.125 (transpose-diatonic #1 n2))	(multiply-duration 0.125 (transpose-diatonic 2 n2))	(multiply-duration 0.125 (transpose-diatonic b3 n2))	(multiply-duration 0.125 (transpose-diatonic 3 n2))	(multiply-duration 0.125 (transpose-diatonic b4 n2))
TR	rel-pitch-1-to-3	1	true	n1 n2	(and (duration>= (duration n1) 1) (not (rest? n1)) (= (note-category n1) C) (= (relative-pitch n1) 1) (duration>= (duration n2) 1) (not (rest? n2)) (= (note-category n2) C) (= (relative-pitch n2) 3) (pitch>= n1 n2))	(multiply-duration 0.125 (transpose-diatonic 3 n1))	(multiply-duration 0.125 (transpose-diatonic 2 n1))	(multiply-duration 0.125 (transpose-diatonic -1 n1))	(multiply-duration 0.125 (transpose-diatonic 5 n1))	(multiply-duration 0.125 (transpose-diatonic 3 n1))	(multiply-duration 0.125 (transpose-diatonic 2 n1))	(multiply-duration 0.125 (transpose-diatonic -1 n1))	(multiply-duration 0.125 (transpose-diatonic 4 n1))	(multiply-duration 0.125 (transpose-diatonic 5 n2))	(multiply-duration 0.125 (transpose-diatonic #3 n2))	(multiply-duration 0.125 (transpose-diatonic 2 n2))	(multiply-duration 0.125 (transpose-diatonic b1 n2))	(multiply-duration 0.125 (transpose-diatonic b-1 n2))	(multiply-duration 0.125 (make-rest n2))	(multiply-duration 0.125 (transpose-diatonic #-5 n2))	(multiply-duration 0.125 (transpose-diatonic -7 n2))
TR	rel-pitch-1-to-1	1	true	n1 n2	(and (duration>= (duration n1) 1) (not (rest? n1)) (= (note-category n1) C) (= (relative-pitch n1) 1) (duration>= (duration n2) 1) (not (rest? n2)) (= (note-category n2) C) (= (relative-pitch n2) 1) (pitch< n1 n2))	(multiply-duration 0.125 (transpose-diatonic 3 n1))	(multiply-duration 0.125 (transpose-diatonic -3 n1))	(multiply-duration 0.125 (transpose-diatonic 2 n1))	(multiply-duration 0.125 (transpose-diatonic -1 n1))	(multiply-duration 0.125 (transpose-diatonic 1 n1))	(multiply-duration 0.125 (transpose-diatonic 2 n1))	(multiply-duration 0.125 (transpose-diatonic 3 n1))	(multiply-duration 0.125 (transpose-diatonic 5 n1))	(multiply-duration 0.08333333333333333 (transpose-diatonic -1 n2))	(multiply-duration 0.08333333333333333 (transpose-diatonic 1 n2))	(multiply-duration 0.08333333333333333 (transpose-diatonic b2 n2))	(multiply-duration 0.125 (transpose-diatonic 2 n2))	(multiply-duration 0.125 (transpose-diatonic -1 n2))	(multiply-duration 0.25 (transpose-diatonic 1 n2))	(multiply-duration 0.25 (make-rest n2))
TR	rel-pitch-1-to-5	1	true	n1 n2	(and (duration>= (duration n1) 1) (not (rest? n1)) (= (note-category n1) C) (= (relative-pitch n1) 1) (duration>= (duration n2) 1) (not (rest? n2)) (= (note-category n2) C) (= (relative-pitch n2) 5) (pitch>= n1 n2))	(multiply-duration 0.125 (transpose-diatonic -3 n1))	(multiply-duration 0.125 (transpose-diatonic -2 n1))	(multiply-duration 0.125 (transpose-diatonic -1 n1))	(multiply-duration 0.125 (transpose-diatonic 2 n1))	(multiply-duration 0.125 (transpose-diatonic 5 n1))	(multiply-duration 0.125 (transpose-diatonic 3 n1))	(multiply-duration 0.125 (transpose-diatonic 5 n1))	(multiply-duration 0.125 (transpose-diatonic 3 n1))	(multiply-duration 0.125 (make-rest n2))	(multiply-duration 0.125 (transpose-diatonic b-3 n2))	(multiply-duration 0.375 (make-rest n2))	(multiply-duration 0.125 (transpose-diatonic #1 n2))	(multiply-duration 0.125 (transpose-diatonic 2 n2))	(multiply-duration 0.125 (transpose-diatonic 4 n2))
TR	rel-pitch-1-to-5	1	true	n1 n2	(and (duration>= (duration n1) 1) (not (rest? n1)) (= (note-category n1) C) (= (relative-pitch n1) 1) (duration>= (duration n2) 1) (not (rest? n2)) (= (note-category n2) C) (= (relative-pitch n2) 5) (pitch>= n1 n2))	(multiply-duration 0.375 (transpose-diatonic 2 n1))	(multiply-duration 0.125 (make-rest n1))	(multiply-duration 0.125 (transpose-diatonic 1 n1))	(multiply-duration 0.125 (transpose-diatonic #-1 n1))	(multiply-duration 0.125 (transpose-diatonic -1 n1))	(multiply-duration 0.125 (transpose-diatonic #-2 n1))	(multiply-duration 0.125 (transpose-diatonic b6 n2))	(multiply-duration 0.125 (transpose-diatonic 5 n2))	(multiply-duration 0.125 (transpose-diatonic b5 n2))	(multiply-duration 0.125 (transpose-diatonic #1 n2))	(multiply-duration 0.125 (transpose-diatonic -2 n2))	(multiply-duration 0.125 (transpose-diatonic -4 n2))	(multiply-duration 0.125 (transpose-diatonic 1 n2))	(multiply-duration 0.125 (transpose-diatonic -2 n2))
TR	rel-pitch-1-to-5	1	true	n1 n2	(and (duration>= (duration n1) 1) (not (rest? n1)) (= (note-category n1) C) (= (relative-pitch n1) 1) (duration>= (duration n2) 1) (not (rest? n2)) (= (note-category n2) C) (= (relative-pitch n2) 5) (pitch< n1 n2))	(multiply-duration 0.125 (make-rest n1))	(multiply-duration 0.125 (transpose-diatonic 3 n1))	(multiply-duration 0.125 (transpose-diatonic -1 n1))	(multiply-duration 0.125 (transpose-diatonic -3 n1))	(multiply-duration 0.125 (transpose-diatonic 2 n1))	(multiply-duration 0.125 (transpose-diatonic -1 n1))	(multiply-duration 0.125 (transpose-diatonic 1 n1))	(multiply-duration 0.125 (transpose-diatonic 2 n1))	(multiply-duration 0.125 (transpose-diatonic -2 n2))	(multiply-duration 0.125 (transpose-diatonic -1 n2))	(multiply-duration 0.125 (transpose-diatonic 1 n2))	(multiply-duration 0.125 (transpose-diatonic b3 n2))	(multiply-duration 0.125 (transpose-diatonic 3 n2))	(multiply-duration 0.125 (transpose-diatonic 5 n2))	(multiply-duration 0.125 (transpose-diatonic 4 n2))	(multiply-duration 0.125 (transpose-diatonic 1 n2))
TR	rel-pitch-1	1	true	n1	(and (duration>= (duration n1) 1) (not (rest? n1)) (= (note-category n1) C) (= (relative-pitch n1) 1))	(multiply-duration 0.125 (transpose-diatonic -5 n1))	(multiply-duration 0.125 (transpose-diatonic -3 n1))	(multiply-duration 0.125 (transpose-diatonic -1 n1))	(multiply-duration 0.125 (transpose-diatonic 2 n1))	(multiply-duration 0.125 (transpose-diatonic 4 n1))	(multiply-duration 0.125 (transpose-diatonic 2 n1))	(multiply-duration 0.25 (transpose-diatonic 3 n1))
TR	rel-pitch-1	1	true	n1	(and (duration>= (duration n1) 1) (not (rest? n1)) (= (note-category n1) C) (= (relative-pitch n1) 1))	(multiply-duration 0.125 (transpose-diatonic -3 n1))	(multiply-duration 0.125 (transpose-diatonic -1 n1))	(multiply-duration 0.125 (transpose-diatonic b2 n1))	(multiply-duration 0.125 (transpose-diatonic 3 n1))	(multiply-duration 0.125 (transpose-diatonic b3 n1))	(multiply-duration 0.125 (transpose-diatonic b2 n1))	(multiply-duration 0.125 (transpose-diatonic 1 n1))	(multiply-duration 0.125 (transpose-diatonic #-1 n1))
TR	rel-pitch-1	1	true	n1	(and (duration>= (duration n1) 1) (not (rest? n1)) (= (note-category n1) C) (= (relative-pitch n1) 1))	(multiply-duration 0.125 (transpose-diatonic 2 n1))	(multiply-duration 0.125 (transpose-diatonic b2 n1))	(multiply-duration 0.25 (transpose-diatonic -1 n1))	(multiply-duration 0.125 (transpose-diatonic 2 n1))	(multiply-duration 0.125 (transpose-diatonic -1 n1))	(multiply-duration 0.125 (transpose-diatonic 1 n1))	(multiply-duration 0.125 (transpose-diatonic 2 n1))
TR	rel-pitch-1	1	true	n1	(and (duration>= (duration n1) 1) (not (rest? n1)) (= (note-category n1) C) (= (relative-pitch n1) 1))	(multiply-duration 0.125 (make-rest n1))	(multiply-duration 0.125 (transpose-diatonic 2 n1))	(multiply-duration 0.125 (transpose-diatonic -1 n1))	(multiply-duration 0.125 (transpose-diatonic -3 n1))	(multiply-duration 0.25 (transpose-diatonic 1 n1))	(multiply-duration 0.125 (transpose-diatonic -2 n1))	(multiply-duration 0.125 (transpose-diatonic #3 n1))
TR	rel-pitch-1	1	true	n1	(and (duration>= (duration n1) 1) (not (rest? n1)) (= (note-category n1) C) (= (relative-pitch n1) 1))	(multiply-duration 0.125 (transpose-diatonic #2 n1))	(multiply-duration 0.125 (transpose-diatonic 4 n1))	(multiply-duration 0.125 (transpose-diatonic 3 n1))	(multiply-duration 0.125 (transpose-diatonic 2 n1))	(multiply-duration 0.125 (transpose-diatonic 1 n1))	(multiply-duration 0.125 (transpose-diatonic #-1 n1))	(multiply-duration 0.125 (transpose-diatonic -1 n1))	(multiply-duration 0.125 (transpose-diatonic #-2 n1))
TR	rel-pitch-1	1	true	n1	(and (duration>= (duration n1) 1) (not (rest? n1)) (= (note-category n1) C) (= (relative-pitch n1) 1))	(multiply-duration 0.25 (transpose-diatonic #-3 n1))	(multiply-duration 0.75 (transpose-diatonic 3 n1))
TR	rel-pitch-1	1	true	n1	(and (duration>= (duration n1) 1) (not (rest? n1)) (= (note-category n1) C) (= (relative-pitch n1) 1))	(multiply-duration 0.125 (transpose-diatonic 1 n1))	(multiply-duration 0.125 (transpose-diatonic 4 n1))	(multiply-duration 0.125 (transpose-diatonic 1 n1))	(multiply-duration 0.125 (transpose-diatonic #-2 n1))	(multiply-duration 0.25 (transpose-diatonic 4 n1))	(multiply-duration 0.125 (transpose-diatonic 2 n1))	(multiply-duration 0.125 (transpose-diatonic #-1 n1))
TR	rel-pitch-1	1	true	n1	(and (duration>= (duration n1) 1) (not (rest? n1)) (= (note-category n1) C) (= (relative-pitch n1) 1))	(multiply-duration 0.125 (transpose-diatonic 1 n1))	(multiply-duration 0.125 (transpose-diatonic -2 n1))	(multiply-duration 0.125 (transpose-diatonic b2 n1))	(multiply-duration 0.125 (transpose-diatonic #-1 n1))	(multiply-duration 0.125 (transpose-diatonic 1 n1))	(multiply-duration 0.125 (transpose-diatonic -2 n1))	(multiply-duration 0.125 (transpose-diatonic b2 n1))	(multiply-duration 0.125 (transpose-diatonic #-1 n1))
TR	rel-pitch-1	1	true	n1	(and (duration>= (duration n1) 1) (not (rest? n1)) (= (note-category n1) C) (= (relative-pitch n1) 1))	(multiply-duration 0.125 (transpose-diatonic -5 n1))	(multiply-duration 0.125 (transpose-diatonic -3 n1))	(multiply-duration 0.125 (transpose-diatonic -1 n1))	(multiply-duration 0.125 (transpose-diatonic 1 n1))	(multiply-duration 0.125 (transpose-diatonic b2 n1))	(multiply-duration 0.125 (transpose-diatonic b3 n1))	(multiply-duration 0.125 (transpose-diatonic 3 n1))	(multiply-duration 0.125 (transpose-diatonic #4 n1))
TR	rel-pitch-1	1	true	n1	(and (duration>= (duration n1) 1) (not (rest? n1)) (= (note-category n1) C) (= (relative-pitch n1) 1))	(multiply-duration 0.125 (transpose-diatonic 2 n1))	(multiply-duration 0.125 (transpose-diatonic -2 n1))	(multiply-duration 0.125 (transpose-diatonic 1 n1))	(multiply-duration 0.125 (transpose-diatonic -2 n1))	(multiply-duration 0.125 (transpose-diatonic #-1 n1))	(multiply-duration 0.125 (transpose-diatonic 5 n1))	(multiply-duration 0.25 (make-rest n1))
TR	rel-pitch-1	1	true	n1	(and (duration>= (duration n1) 1) (not (rest? n1)) (= (note-category n1) C) (= (relative-pitch n1) 1))	(multiply-duration 0.25 (transpose-diatonic 3 n1))	(multiply-duration 0.125 (transpose-diatonic 5 n1))	(multiply-duration 0.125 (transpose-diatonic 3 n1))	(multiply-duration 0.125 (make-rest n1))	(multiply-duration 0.125 (transpose-diatonic 1 n1))	(multiply-duration 0.125 (transpose-diatonic -2 n1))	(multiply-duration 0.125 (transpose-diatonic -4 n1))
TR	rel-pitch-1	1	true	n1	(and (duration>= (duration n1) 1) (not (rest? n1)) (= (note-category n1) C) (= (relative-pitch n1) 1))	(multiply-duration 0.125 (transpose-diatonic 1 n1))	(multiply-duration 0.125 (transpose-diatonic 2 n1))	(multiply-duration 0.125 (transpose-diatonic 3 n1))	(multiply-duration 0.125 (transpose-diatonic 1 n1))	(multiply-duration 0.125 (transpose-diatonic 2 n1))	(multiply-duration 0.125 (transpose-diatonic 1 n1))	(multiply-duration 0.125 (transpose-diatonic -1 n1))	(multiply-duration 0.125 (transpose-diatonic 1 n1))
TR	rel-pitch-1	1	true	n1	(and (duration>= (duration n1) 1) (not (rest? n1)) (= (note-category n1) C) (= (relative-pitch n1) 1))	(multiply-duration 0.125 (transpose-diatonic b3 n1))	(multiply-duration 0.125 (transpose-diatonic 3 n1))	(multiply-duration 0.125 (transpose-diatonic b3 n1))	(multiply-duration 0.125 (transpose-diatonic b2 n1))	(multiply-duration 0.125 (transpose-diatonic 1 n1))	(multiply-duration 0.125 (transpose-diatonic -1 n1))	(multiply-duration 0.125 (transpose-diatonic -2 n1))	(multiply-duration 0.125 (transpose-diatonic -3 n1))
TR	rel-pitch-1	1	true	n1	(and (duration>= (duration n1) 1) (not (rest? n1)) (= (note-category n1) C) (= (relative-pitch n1) 1))	(multiply-duration 0.125 (transpose-diatonic #-3 n1))	(multiply-duration 0.125 (transpose-diatonic -1 n1))	(multiply-duration 0.125 (transpose-diatonic #-1 n1))	(multiply-duration 0.125 (transpose-diatonic b2 n1))	(multiply-duration 0.125 (transpose-diatonic 2 n1))	(multiply-duration 0.125 (transpose-diatonic b2 n1))	(multiply-duration 0.125 (transpose-diatonic 1 n1))	(multiply-duration 0.125 (transpose-diatonic #-1 n1))
TR	rel-pitch-1	1	true	n1	(and (duration>= (duration n1) 1) (not (rest? n1)) (= (note-category n1) C) (= (relative-pitch n1) 1))	(multiply-duration 0.125 (transpose-diatonic 1 n1))	(multiply-duration 0.125 (transpose-diatonic #2 n1))	(multiply-duration 0.125 (transpose-diatonic 3 n1))	(multiply-duration 0.125 (transpose-diatonic 4 n1))	(multiply-duration 0.125 (transpose-diatonic 5 n1))	(multiply-duration 0.125 (transpose-diatonic #-2 n1))	(multiply-duration 0.125 (transpose-diatonic -1 n1))	(multiply-duration 0.125 (transpose-diatonic 1 n1))
TR	rel-pitch-1	1	true	n1	(and (duration>= (duration n1) 1) (not (rest? n1)) (= (note-category n1) C) (= (relative-pitch n1) 1))	(multiply-duration 0.25 (transpose-diatonic b2 n1))	(multiply-duration 0.25 (transpose-diatonic 1 n1))	(multiply-duration 0.3333333333333333 (transpose-diatonic b3 n1))	(multiply-duration 0.08333333333333333 (transpose-diatonic 2 n1))	(multiply-duration 0.08333333333333333 (transpose-diatonic b2 n1))
TR	rel-pitch-1	1	true	n1	(and (duration>= (duration n1) 1) (not (rest? n1)) (= (note-category n1) C) (= (relative-pitch n1) 1))	(multiply-duration 0.125 (transpose-diatonic b2 n1))	(multiply-duration 0.125 (transpose-diatonic #-3 n1))	(multiply-duration 0.25 (transpose-diatonic -5 n1))	(multiply-duration 0.08333333333333333 (transpose-diatonic b3 n1))	(multiply-duration 0.08333333333333333 (transpose-diatonic 4 n1))	(multiply-duration 0.08333333333333333 (transpose-diatonic b3 n1))	(multiply-duration 0.125 (transpose-diatonic b2 n1))	(multiply-duration 0.125 (transpose-diatonic #-3 n1))
TR	rel-pitch-1	1	true	n1	(and (duration>= (duration n1) 1) (not (rest? n1)) (= (note-category n1) C) (= (relative-pitch n1) 1))	(multiply-duration 0.125 (transpose-diatonic #-2 n1))	(multiply-duration 0.125 (transpose-diatonic 1 n1))	(multiply-duration 0.125 (transpose-diatonic 3 n1))	(multiply-duration 0.125 (transpose-diatonic #5 n1))	(multiply-duration 0.5 (transpose-diatonic #2 n1))
TR	rel-pitch-1	1	true	n1	(and (duration>= (duration n1) 1) (not (rest? n1)) (= (note-category n1) C) (= (relative-pitch n1) 1))	(multiply-duration 0.125 (transpose-diatonic 2 n1))	(multiply-duration 0.125 (transpose-diatonic 1 n1))	(multiply-duration 0.125 (transpose-diatonic -1 n1))	(multiply-duration 0.125 (transpose-diatonic 1 n1))	(multiply-duration 0.125 (transpose-diatonic 3 n1))	(multiply-duration 0.125 (transpose-diatonic 1 n1))	(multiply-duration 0.25 (make-rest n1))
TR	rel-pitch-1	1	true	n1	(and (duration>= (duration n1) 1) (not (rest? n1)) (= (note-category n1) C) (= (relative-pitch n1) 1))	(multiply-duration 0.75 (make-rest n1))	(multiply-duration 0.125 (make-rest n1))	(multiply-duration 0.125 (transpose-diatonic 1 n1))
TR	rel-pitch-1	1	true	n1	(and (duration>= (duration n1) 1) (not (rest? n1)) (= (note-category n1) C) (= (relative-pitch n1) 1))	(multiply-duration 0.125 (transpose-diatonic #6 n1))	(multiply-duration 0.125 (transpose-diatonic 4 n1))	(multiply-duration 0.125 (transpose-diatonic 2 n1))	(multiply-duration 0.125 (transpose-diatonic 4 n1))	(multiply-duration 0.125 (transpose-diatonic 3 n1))	(multiply-duration 0.125 (transpose-diatonic #-1 n1))	(multiply-duration 0.125 (transpose-diatonic -2 n1))	(multiply-duration 0.125 (transpose-diatonic -4 n1))
TR	rel-pitch-1	1	true	n1	(and (duration>= (duration n1) 1) (not (rest? n1)) (= (note-category n1) C) (= (relative-pitch n1) 1))	(multiply-duration 0.125 (transpose-diatonic -3 n1))	(multiply-duration 0.125 (transpose-diatonic -2 n1))	(multiply-duration 0.125 (transpose-diatonic #-2 n1))	(multiply-duration 0.125 (transpose-diatonic 2 n1))	(multiply-duration 0.125 (transpose-diatonic 5 n1))	(multiply-duration 0.125 (transpose-diatonic 3 n1))	(multiply-duration 0.125 (transpose-diatonic 5 n1))	(multiply-duration 0.125 (transpose-diatonic 3 n1))
TR	rel-pitch-1	1	true	n1	(and (duration>= (duration n1) 1) (not (rest? n1)) (= (note-category n1) C) (= (relative-pitch n1) 1))	(multiply-duration 0.125 (make-rest n1))	(multiply-duration 0.125 (transpose-diatonic -3 n1))	(multiply-duration 0.08333333333333333 (transpose-diatonic -2 n1))	(multiply-duration 0.08333333333333333 (transpose-diatonic -1 n1))	(multiply-duration 0.08333333333333333 (transpose-diatonic 2 n1))	(multiply-duration 0.125 (transpose-diatonic -1 n1))	(multiply-duration 0.125 (transpose-diatonic 1 n1))	(multiply-duration 0.125 (transpose-diatonic 3 n1))	(multiply-duration 0.125 (transpose-diatonic 5 n1))
TR	rel-pitch-1	1	true	n1	(and (duration>= (duration n1) 1) (not (rest? n1)) (= (note-category n1) C) (= (relative-pitch n1) 1))	(multiply-duration 0.125 (transpose-diatonic 5 n1))	(multiply-duration 0.125 (transpose-diatonic 3 n1))	(multiply-duration 0.125 (transpose-diatonic 1 n1))	(multiply-duration 0.125 (transpose-diatonic -2 n1))	(multiply-duration 0.125 (transpose-diatonic 2 n1))	(multiply-duration 0.125 (transpose-diatonic -1 n1))	(multiply-duration 0.125 (transpose-diatonic 1 n1))	(multiply-duration 0.125 (transpose-diatonic 2 n1))
TR	rel-pitch-1	1	true	n1	(and (duration>= (duration n1) 1) (not (rest? n1)) (= (note-category n1) C) (= (relative-pitch n1) 1))	(multiply-duration 0.125 (transpose-diatonic 1 n1))	(multiply-duration 0.125 (transpose-diatonic 5 n1))	(multiply-duration 0.125 (transpose-diatonic 3 n1))	(multiply-duration 0.125 (transpose-diatonic 1 n1))	(multiply-duration 0.25 (transpose-diatonic -2 n1))	(multiply-duration 0.125 (transpose-diatonic b2 n1))	(multiply-duration 0.125 (transpose-diatonic #-1 n1))
TR	rel-pitch-1	1	true	n1	(and (duration>= (duration n1) 1) (not (rest? n1)) (= (note-category n1) C) (= (relative-pitch n1) 1))	(multiply-duration 0.25 (make-rest n1))	(multiply-duration 0.125 (transpose-diatonic 2 n1))	(multiply-duration 0.125 (transpose-diatonic 4 n1))	(multiply-duration 0.125 (transpose-diatonic 2 n1))	(multiply-duration 0.125 (transpose-diatonic -1 n1))	(multiply-duration 0.25 (transpose-diatonic -3 n1))
TR	rel-pitch-1	1	true	n1	(and (duration>= (duration n1) 1) (not (rest? n1)) (= (note-category n1) C) (= (relative-pitch n1) 1))	(multiply-duration 0.25 (make-rest n1))	(multiply-duration 0.125 (transpose-diatonic 3 n1))	(multiply-duration 0.125 (transpose-diatonic 5 n1))	(multiply-duration 0.125 (transpose-diatonic 3 n1))	(multiply-duration 0.125 (transpose-diatonic #-1 n1))	(multiply-duration 0.125 (transpose-diatonic -2 n1))	(multiply-duration 0.125 (transpose-diatonic #-5 n1))
TR	rel-pitch-1	1	true	n1	(and (duration>= (duration n1) 1) (not (rest? n1)) (= (note-category n1) C) (= (relative-pitch n1) 1))	(multiply-duration 0.25 (transpose-diatonic 2 n1))	(multiply-duration 0.125 (transpose-diatonic 4 n1))	(multiply-duration 0.125 (transpose-diatonic 2 n1))	(multiply-duration 0.125 (make-rest n1))	(multiply-duration 0.125 (transpose-diatonic -1 n1))	(multiply-duration 0.25 (transpose-diatonic -3 n1))
TR	rel-pitch-1	1	true	n1	(and (duration>= (duration n1) 1) (not (rest? n1)) (= (note-category n1) C) (= (relative-pitch n1) 1))	(multiply-duration 0.125 (transpose-diatonic -3 n1))	(multiply-duration 0.125 (transpose-diatonic -2 n1))	(multiply-duration 0.125 (transpose-diatonic -1 n1))	(multiply-duration 0.125 (transpose-diatonic 2 n1))	(multiply-duration 0.125 (transpose-diatonic -1 n1))	(multiply-duration 0.125 (transpose-diatonic 1 n1))	(multiply-duration 0.08333333333333333 (transpose-diatonic 3 n1))	(multiply-duration 0.08333333333333333 (transpose-diatonic 5 n1))	(multiply-duration 0.08333333333333333 (transpose-diatonic 7 n1))
TR	rel-pitch-1	1	true	n1	(and (duration>= (duration n1) 1) (not (rest? n1)) (= (note-category n1) C) (= (relative-pitch n1) 1))	(multiply-duration 0.125 (transpose-diatonic 3 n1))	(multiply-duration 0.125 (transpose-diatonic 1 n1))	(multiply-duration 0.125 (transpose-diatonic -3 n1))	(multiply-duration 0.125 (transpose-diatonic 1 n1))	(multiply-duration 0.125 (transpose-diatonic 3 n1))	(multiply-duration 0.125 (transpose-diatonic 4 n1))	(multiply-duration 0.125 (transpose-diatonic 3 n1))	(multiply-duration 0.125 (transpose-diatonic 1 n1))
TR	rel-pitch-1	1	true	n1	(and (duration>= (duration n1) 1) (not (rest? n1)) (= (note-category n1) C) (= (relative-pitch n1) 1))	(multiply-duration 0.125 (transpose-diatonic 4 n1))	(multiply-duration 0.125 (transpose-diatonic 3 n1))	(multiply-duration 0.125 (transpose-diatonic b3 n1))	(multiply-duration 0.125 (transpose-diatonic 2 n1))	(multiply-duration 0.125 (transpose-diatonic b2 n1))	(multiply-duration 0.125 (transpose-diatonic #-1 n1))	(multiply-duration 0.125 (transpose-diatonic 1 n1))	(multiply-duration 0.125 (transpose-diatonic -1 n1))
TR	rel-pitch-1	1	true	n1	(and (duration>= (duration n1) 1) (not (rest? n1)) (= (note-category n1) C) (= (relative-pitch n1) 1))	(multiply-duration 0.125 (make-rest n1))	(multiply-duration 0.125 (transpose-diatonic -4 n1))	(multiply-duration 0.08333333333333333 (transpose-diatonic -3 n1))	(multiply-duration 0.08333333333333333 (transpose-diatonic -2 n1))	(multiply-duration 0.08333333333333333 (transpose-diatonic 1 n1))	(multiply-duration 0.125 (transpose-diatonic 5 n1))	(multiply-duration 0.125 (transpose-diatonic b2 n1))	(multiply-duration 0.125 (transpose-diatonic 2 n1))	(multiply-duration 0.125 (transpose-diatonic 3 n1))
TR	rel-pitch-1	1	true	n1	(and (duration>= (duration n1) 1) (not (rest? n1)) (= (note-category n1) C) (= (relative-pitch n1) 1))	(multiply-duration 0.25 (transpose-diatonic 4 n1))	(multiply-duration 0.25 (make-rest n1))	(multiply-duration 0.125 (transpose-diatonic 4 n1))	(multiply-duration 0.125 (transpose-diatonic b2 n1))	(multiply-duration 0.125 (transpose-diatonic -1 n1))	(multiply-duration 0.125 (transpose-diatonic #-4 n1))
TR	rel-pitch-1	1	true	n1	(and (duration>= (duration n1) 1) (not (rest? n1)) (= (note-category n1) C) (= (relative-pitch n1) 1))	(multiply-duration 0.25 (transpose-diatonic #-3 n1))	(multiply-duration 0.125 (transpose-diatonic 1 n1))	(multiply-duration 0.125 (transpose-diatonic 3 n1))	(multiply-duration 0.125 (transpose-diatonic 2 n1))	(multiply-duration 0.125 (transpose-diatonic 1 n1))	(multiply-duration 0.25 (transpose-diatonic -2 n1))
TR	rel-pitch-1	1	true	n1	(and (duration>= (duration n1) 1) (not (rest? n1)) (= (note-category n1) C) (= (relative-pitch n1) 1))	(multiply-duration 0.125 (transpose-diatonic 3 n1))	(multiply-duration 0.125 (transpose-diatonic b3 n1))	(multiply-duration 0.125 (transpose-diatonic 2 n1))	(multiply-duration 0.125 (transpose-diatonic b2 n1))	(multiply-duration 0.125 (transpose-diatonic 1 n1))	(multiply-duration 0.125 (transpose-diatonic #-1 n1))	(multiply-duration 0.125 (transpose-diatonic -1 n1))	(multiply-duration 0.125 (transpose-diatonic -2 n1))
TR	rel-pitch-1	1	true	n1	(and (duration>= (duration n1) 1) (not (rest? n1)) (= (note-category n1) C) (= (relative-pitch n1) 1))	(multiply-duration 0.125 (transpose-diatonic 2 n1))	(multiply-duration 0.125 (transpose-diatonic -1 n1))	(multiply-duration 0.125 (transpose-diatonic 1 n1))	(multiply-duration 0.125 (transpose-diatonic 2 n1))	(multiply-duration 0.125 (transpose-diatonic 3 n1))	(multiply-duration 0.125 (transpose-diatonic -3 n1))	(multiply-duration 0.25 (make-rest n1))
TR	rel-pitch-1	1	true	n1	(and (duration>= (duration n1) 1) (not (rest? n1)) (= (note-category n1) C) (= (relative-pitch n1) 1))	(multiply-duration 0.125 (transpose-diatonic 3 n1))	(multiply-duration 0.125 (transpose-diatonic 2 n1))	(multiply-duration 0.125 (transpose-diatonic -1 n1))	(multiply-duration 0.125 (transpose-diatonic 5 n1))	(multiply-duration 0.125 (transpose-diatonic 3 n1))	(multiply-duration 0.125 (transpose-diatonic 2 n1))	(multiply-duration 0.125 (transpose-diatonic -1 n1))	(multiply-duration 0.125 (transpose-diatonic 4 n1))
TR	rel-pitch-1	1	true	n1	(and (duration>= (duration n1) 1) (not (rest? n1)) (= (note-category n1) C) (= (relative-pitch n1) 1))	(multiply-duration 0.125 (transpose-diatonic #-1 n1))	(multiply-duration 0.125 (transpose-diatonic 1 n1))	(multiply-duration 0.125 (transpose-diatonic b3 n1))	(multiply-duration 0.125 (transpose-diatonic 2 n1))	(multiply-duration 0.125 (transpose-diatonic b2 n1))	(multiply-duration 0.125 (transpose-diatonic #-1 n1))	(multiply-duration 0.125 (transpose-diatonic 1 n1))	(multiply-duration 0.125 (transpose-diatonic b3 n1))
TR	rel-pitch-1	1	true	n1	(and (duration>= (duration n1) 1) (not (rest? n1)) (= (note-category n1) C) (= (relative-pitch n1) 1))	(multiply-duration 0.08333333333333333 (transpose-diatonic -1 n1))	(multiply-duration 0.08333333333333333 (transpose-diatonic 1 n1))	(multiply-duration 0.08333333333333333 (transpose-diatonic b2 n1))	(multiply-duration 0.125 (transpose-diatonic 2 n1))	(multiply-duration 0.125 (transpose-diatonic -1 n1))	(multiply-duration 0.25 (transpose-diatonic 1 n1))	(multiply-duration 0.25 (make-rest n1))
TR	rel-pitch-1	1	true	n1	(and (duration>= (duration n1) 1) (not (rest? n1)) (= (note-category n1) C) (= (relative-pitch n1) 1))	(multiply-duration 0.125 (transpose-diatonic 3 n1))	(multiply-duration 0.125 (transpose-diatonic -3 n1))	(multiply-duration 0.125 (transpose-diatonic 2 n1))	(multiply-duration 0.125 (transpose-diatonic -1 n1))	(multiply-duration 0.125 (transpose-diatonic 1 n1))	(multiply-duration 0.125 (transpose-diatonic 2 n1))	(multiply-duration 0.125 (transpose-diatonic 3 n1))	(multiply-duration 0.125 (transpose-diatonic 5 n1))
TR	rel-pitch-1	1	true	n1	(and (duration>= (duration n1) 1) (not (rest? n1)) (= (note-category n1) C) (= (relative-pitch n1) 1))	(multiply-duration 0.125 (transpose-diatonic b2 n1))	(multiply-duration 0.125 (transpose-diatonic 6 n1))	(multiply-duration 0.125 (transpose-diatonic 3 n1))	(multiply-duration 0.125 (transpose-diatonic b2 n1))	(multiply-duration 0.125 (transpose-diatonic -2 n1))	(multiply-duration 0.125 (transpose-diatonic #-4 n1))	(multiply-duration 0.125 (transpose-diatonic -6 n1))	(multiply-duration 0.125 (transpose-diatonic -1 n1))
TR	rel-pitch-1	1	true	n1	(and (duration>= (duration n1) 1) (not (rest? n1)) (= (note-category n1) C) (= (relative-pitch n1) 1))	(multiply-duration 0.125 (transpose-diatonic 5 n1))	(multiply-duration 0.125 (transpose-diatonic 3 n1))	(multiply-duration 0.125 (transpose-diatonic -1 n1))	(multiply-duration 0.125 (transpose-diatonic -3 n1))	(multiply-duration 0.125 (transpose-diatonic 2 n1))	(multiply-duration 0.125 (transpose-diatonic -1 n1))	(multiply-duration 0.125 (transpose-diatonic 1 n1))	(multiply-duration 0.125 (transpose-diatonic 2 n1))
TR	rel-pitch-1	1	true	n1	(and (duration>= (duration n1) 1) (not (rest? n1)) (= (note-category n1) C) (= (relative-pitch n1) 1))	(multiply-duration 0.125 (transpose-diatonic -3 n1))	(multiply-duration 0.125 (transpose-diatonic -2 n1))	(multiply-duration 0.125 (transpose-diatonic -1 n1))	(multiply-duration 0.125 (transpose-diatonic 2 n1))	(multiply-duration 0.125 (transpose-diatonic 5 n1))	(multiply-duration 0.125 (transpose-diatonic 3 n1))	(multiply-duration 0.125 (transpose-diatonic 5 n1))	(multiply-duration 0.125 (transpose-diatonic 3 n1))
TR	rel-pitch-1	1	true	n1	(and (duration>= (duration n1) 1) (not (rest? n1)) (= (note-category n1) C) (= (relative-pitch n1) 1))	(multiply-duration 0.375 (transpose-diatonic 2 n1))	(multiply-duration 0.125 (make-rest n1))	(multiply-duration 0.125 (transpose-diatonic 1 n1))	(multiply-duration 0.125 (transpose-diatonic #-1 n1))	(multiply-duration 0.125 (transpose-diatonic -1 n1))	(multiply-duration 0.125 (transpose-diatonic #-2 n1))
TR	rel-pitch-1	1	true	n1	(and (duration>= (duration n1) 1) (not (rest? n1)) (= (note-category n1) C) (= (relative-pitch n1) 1))	(multiply-duration 0.125 (make-rest n1))	(multiply-duration 0.125 (transpose-diatonic 3 n1))	(multiply-duration 0.125 (transpose-diatonic -1 n1))	(multiply-duration 0.125 (transpose-diatonic -3 n1))	(multiply-duration 0.125 (transpose-diatonic 2 n1))	(multiply-duration 0.125 (transpose-diatonic -1 n1))	(multiply-duration 0.125 (transpose-diatonic 1 n1))	(multiply-duration 0.125 (transpose-diatonic 2 n1))
SUB	whole-first-rel-pitch-5	motif	1	true
TR	rel-pitch-5-to-5	1	true	n1 n2	(and (duration>= (duration n1) 1) (not (rest? n1)) (= (note-category n1) C) (= (relative-pitch n1) 5) (duration>= (duration n2) 1) (not (rest? n2)) (= (note-category n2) C) (= (relative-pitch n2) 5) (pitch>= n1 n2))	(multiply-duration 0.125 (make-rest n1))	(multiply-duration 0.875 (transpose-diatonic -1 n1))	(multiply-duration 0.125 (transpose-diatonic 6 n2))	(multiply-duration 0.125 (transpose-diatonic 1 n2))	(multiply-duration 0.125 (transpose-diatonic 3 n2))	(multiply-duration 0.125 (transpose-diatonic 5 n2))	(multiply-duration 0.125 (transpose-diatonic 4 n2))	(multiply-duration 0.125 (transpose-diatonic 1 n2))	(multiply-duration 0.125 (transpose-diatonic -2 n2))	(multiply-duration 0.125 (transpose-diatonic -4 n2))
TR	rel-pitch-5-to-5	1	true	n1 n2	(and (duration>= (duration n1) 1) (not (rest? n1)) (= (note-category n1) C) (= (relative-pitch n1) 5) (duration>= (duration n2) 1) (not (rest? n2)) (= (note-category n2) C) (= (relative-pitch n2) 5) (pitch>= n1 n2))	(multiply-duration 0.5 (make-rest n1))	(multiply-duration 0.125 (transpose-diatonic -4 n1))	(multiply-duration 0.125 (transpose-diatonic -2 n1))	(multiply-duration 0.125 (transpose-diatonic 1 n1))	(multiply-duration 0.125 (transpose-diatonic b3 n1))	(multiply-duration 0.125 (transpose-diatonic 1 n2))	(multiply-duration 0.125 (transpose-diatonic b2 n2))	(multiply-duration 0.125 (transpose-diatonic 2 n2))	(multiply-duration 0.125 (transpose-diatonic 1 n2))	(multiply-duration 0.125 (transpose-diatonic -1 n2))	(multiply-duration 0.125 (transpose-diatonic #-2 n2))	(multiply-duration 0.125 (transpose-diatonic -2 n2))	(multiply-duration 0.125 (transpose-diatonic 1 n2))
TR	rel-pitch-5-to-7	1	true	n1 n2	(and (duration>= (duration n1) 1) (not (rest? n1)) (= (note-category n1) C) (= (relative-pitch n1) 5) (duration>= (duration n2) 1) (not (rest? n2)) (= (note-category n2) C) (= (relative-pitch n2) 7) (pitch>= n1 n2))	(multiply-duration 0.125 (transpose-diatonic -1 n1))	(multiply-duration 0.125 (transpose-diatonic 2 n1))	(multiply-duration 0.125 (transpose-diatonic 1 n1))	(multiply-duration 0.125 (transpose-diatonic -2 n1))	(multiply-duration 0.5 (make-rest n1))	(multiply-duration 0.125 (transpose-diatonic 1 n2))	(multiply-duration 0.125 (transpose-diatonic b3 n2))	(multiply-duration 0.125 (transpose-diatonic 2 n2))	(multiply-duration 0.125 (transpose-diatonic #-2 n2))	(multiply-duration 0.5 (make-rest n2))
TR	rel-pitch-5-to-3	1	true	n1 n2	(and (duration>= (duration n1) 1) (not (rest? n1)) (= (note-category n1) C) (= (relative-pitch n1) 5) (duration>= (duration n2) 1) (not (rest? n2)) (= (note-category n2) C) (= (relative-pitch n2) 3) (pitch>= n1 n2))	(multiply-duration 0.125 (transpose-diatonic -1 n1))	(multiply-duration 0.125 (transpose-diatonic #-2 n1))	(multiply-duration 0.125 (transpose-diatonic -2 n1))	(multiply-duration 0.125 (transpose-diatonic -1 n1))	(multiply-duration 0.125 (transpose-diatonic 1 n1))	(multiply-duration 0.125 (transpose-diatonic b3 n1))	(multiply-duration 0.125 (transpose-diatonic 1 n1))	(multiply-duration 0.125 (transpose-diatonic b2 n1))	(multiply-duration 0.125 (transpose-diatonic 4 n2))	(multiply-duration 0.125 (transpose-diatonic 2 n2))	(multiply-duration 0.0625 (transpose-diatonic 3 n2))	(multiply-duration 0.0625 (transpose-diatonic 4 n2))	(multiply-duration 0.0625 (transpose-diatonic 3 n2))	(multiply-duration 0.0625 (transpose-diatonic 1 n2))	(multiply-duration 0.125 (transpose-diatonic 2 n2))	(multiply-duration 0.125 (transpose-diatonic -1 n2))	(multiply-duration 0.125 (transpose-diatonic b-3 n2))	(multiply-duration 0.125 (transpose-diatonic -5 n2))
TR	rel-pitch-5-to-5	1	true	n1 n2	(and (duration>= (duration n1) 1) (not (rest? n1)) (= (note-category n1) C) (= (relative-pitch n1) 5) (duration>= (duration n2) 1) (not (rest? n2)) (= (note-category n2) C) (= (relative-pitch n2) 5) (pitch>= n1 n2))	(multiply-duration 0.125 (transpose-diatonic 1 n1))	(multiply-duration 0.125 (transpose-diatonic -2 n1))	(multiply-duration 0.125 (transpose-diatonic #1 n1))	(multiply-duration 0.125 (transpose-diatonic #-1 n1))	(multiply-duration 0.125 (transpose-diatonic 1 n1))	(multiply-duration 0.125 (transpose-diatonic 4 n1))	(multiply-duration 0.25 (make-rest n1))	(multiply-duration 0.625 (make-rest n2))	(multiply-duration 0.125 (transpose-diatonic 1 n2))	(multiply-duration 0.125 (transpose-diatonic #1 n2))	(multiply-duration 0.125 (transpose-diatonic #-1 n2))
TR	rel-pitch-5-to-3	1	true	n1 n2	(and (duration>= (duration n1) 1) (not (rest? n1)) (= (note-category n1) C) (= (relative-pitch n1) 5) (duration>= (duration n2) 1) (not (rest? n2)) (= (note-category n2) C) (= (relative-pitch n2) 3) (pitch>= n1 n2))	(multiply-duration 0.125 (transpose-diatonic b3 n1))	(multiply-duration 0.125 (transpose-diatonic b2 n1))	(multiply-duration 0.125 (transpose-diatonic 1 n1))	(multiply-duration 0.125 (transpose-diatonic b1 n1))	(multiply-duration 0.125 (transpose-diatonic -1 n1))	(multiply-duration 0.125 (transpose-diatonic #-2 n1))	(multiply-duration 0.125 (transpose-diatonic -2 n1))	(multiply-duration 0.125 (transpose-diatonic 1 n1))	(multiply-duration 0.125 (transpose-diatonic -1 n2))	(multiply-duration 0.125 (transpose-diatonic 2 n2))	(multiply-duration 0.125 (transpose-diatonic 1 n2))	(multiply-duration 0.125 (transpose-diatonic b5 n2))	(multiply-duration 0.125 (transpose-diatonic 5 n2))	(multiply-duration 0.125 (transpose-diatonic -1 n2))	(multiply-duration 0.125 (transpose-diatonic -2 n2))	(multiply-duration 0.125 (transpose-diatonic -1 n2))
TR	rel-pitch-5-to-7	1	true	n1 n2	(and (duration>= (duration n1) 1) (not (rest? n1)) (= (note-category n1) C) (= (relative-pitch n1) 5) (duration>= (duration n2) 1) (not (rest? n2)) (= (note-category n2) C) (= (relative-pitch n2) 7) (pitch>= n1 n2))	(multiply-duration 0.125 (make-rest n1))	(multiply-duration 0.125 (transpose-diatonic 4 n1))	(multiply-duration 0.25 (transpose-diatonic -1 n1))	(multiply-duration 0.125 (transpose-diatonic 3 n1))	(multiply-duration 0.125 (transpose-diatonic #1 n1))	(multiply-duration 0.125 (transpose-diatonic -2 n1))	(multiply-duration 0.125 (transpose-diatonic -4 n1))	(multiply-duration 0.125 (transpose-diatonic b4 n2))	(multiply-duration 0.125 (transpose-diatonic 2 n2))	(multiply-duration 0.125 (transpose-diatonic #-2 n2))	(multiply-duration 0.125 (transpose-diatonic -3 n2))	(multiply-duration 0.125 (transpose-diatonic b3 n2))	(multiply-duration 0.125 (transpose-diatonic #1 n2))	(multiply-duration 0.125 (transpose-diatonic 2 n2))	(multiply-duration 0.125 (transpose-diatonic 1 n2))
TR	rel-pitch-5-to-5	1	true	n1 n2	(and (duration>= (duration n1) 1) (not (rest? n1)) (= (note-category n1) C) (= (relative-pitch n1) 5) (duration>= (duration n2) 1) (not (rest? n2)) (= (note-category n2) C) (= (relative-pitch n2) 5) (pitch>= n1 n2))	(multiply-duration 0.75 (transpose-diatonic 1 n1))	(multiply-duration 0.125 (transpose-diatonic -1 n1))	(multiply-duration 0.125 (transpose-diatonic -2 n1))	(multiply-duration 0.125 (make-rest n2))	(multiply-duration 0.125 (transpose-diatonic 1 n2))	(multiply-duration 0.125 (transpose-diatonic b3 n2))	(multiply-duration 0.125 (transpose-diatonic 5 n2))	(multiply-duration 0.125 (transpose-diatonic 4 n2))	(multiply-duration 0.125 (transpose-diatonic 1 n2))	(multiply-duration 0.125 (transpose-diatonic -2 n2))	(multiply-duration 0.125 (transpose-diatonic -4 n2))
TR	rel-pitch-5-to-7	1	true	n1 n2	(and (duration>= (duration n1) 1) (not (rest? n1)) (= (note-category n1) C) (= (relative-pitch n1) 5) (duration>= (duration n2) 1) (not (rest? n2)) (= (note-category n2) C) (= (relative-pitch n2) 7) (pitch< n1 n2))	(multiply-duration 0.25 (transpose-diatonic -5 n1))	(multiply-duration 0.125 (transpose-diatonic #1 n1))	(multiply-duration 0.125 (transpose-diatonic -1 n1))	(multiply-duration 0.125 (transpose-diatonic 1 n1))	(multiply-duration 0.125 (transpose-diatonic 2 n1))	(multiply-duration 0.125 (transpose-diatonic 4 n1))	(multiply-duration 0.125 (transpose-diatonic 6 n1))	(multiply-duration 0.625 (make-rest n2))	(multiply-duration 0.125 (transpose-diatonic b1 n2))	(multiply-duration 0.125 (make-rest n2))	(multiply-duration 0.125 (transpose-diatonic b1 n2))
TR	rel-pitch-5-to-7	1	true	n1 n2	(and (duration>= (duration n1) 1) (not (rest? n1)) (= (note-category n1) C) (= (relative-pitch n1) 5) (duration>= (duration n2) 1) (not (rest? n2)) (= (note-category n2) C) (= (relative-pitch n2) 7) (pitch< n1 n2))	(multiply-duration 0.5 (make-rest n1))	(multiply-duration 0.125 (transpose-diatonic -4 n1))	(multiply-duration 0.125 (transpose-diatonic -2 n1))	(multiply-duration 0.125 (transpose-diatonic 1 n1))	(multiply-duration 0.125 (transpose-diatonic b3 n1))	(multiply-duration 0.25 (transpose-diatonic 1 n2))	(multiply-duration 0.125 (transpose-diatonic 3 n2))	(multiply-duration 0.125 (transpose-diatonic -2 n2))	(multiply-duration 0.5 (make-rest n2))
TR	rel-pitch-5-to-#4	1	true	n1 n2	(and (duration>= (duration n1) 1) (not (rest? n1)) (= (note-category n1) C) (= (relative-pitch n1) 5) (duration>= (duration n2) 1) (not (rest? n2)) (= (note-category n2) C) (= (relative-pitch n2) #4) (pitch>= n1 n2))	(multiply-duration 0.25 (transpose-diatonic -3 n1))	(multiply-duration 0.125 (transpose-diatonic 4 n1))	(multiply-duration 0.125 (transpose-diatonic 2 n1))	(multiply-duration 0.375 (make-rest n1))	(multiply-duration 0.125 (transpose-diatonic -1 n1))	(multiply-duration 0.25 (transpose-diatonic b-1 n2))	(multiply-duration 0.125 (transpose-diatonic b4 n2))	(multiply-duration 0.125 (transpose-diatonic b2 n2))	(multiply-duration 0.375 (make-rest n2))	(multiply-duration 0.125 (transpose-diatonic b-2 n2))
TR	rel-pitch-5-to-7	1	true	n1 n2	(and (duration>= (duration n1) 1) (not (rest? n1)) (= (note-category n1) C) (= (relative-pitch n1) 5) (duration>= (duration n2) 1) (not (rest? n2)) (= (note-category n2) C) (= (relative-pitch n2) 7) (pitch< n1 n2))	(multiply-duration 0.25 (transpose-diatonic 1 n1))	(multiply-duration 0.25 (make-rest n1))	(multiply-duration 0.125 (transpose-diatonic 1 n1))	(multiply-duration 0.125 (transpose-diatonic b1 n1))	(multiply-duration 0.125 (transpose-diatonic -1 n1))	(multiply-duration 0.125 (transpose-diatonic #-2 n1))	(multiply-duration 0.125 (transpose-diatonic -4 n2))	(multiply-duration 0.125 (transpose-diatonic -3 n2))	(multiply-duration 0.125 (transpose-diatonic -2 n2))	(multiply-duration 0.125 (transpose-diatonic b1 n2))	(multiply-duration 0.08333333333333333 (transpose-diatonic 3 n2))	(multiply-duration 0.08333333333333333 (transpose-diatonic 4 n2))	(multiply-duration 0.08333333333333333 (transpose-diatonic #4 n2))	(multiply-duration 0.08333333333333333 (transpose-diatonic 5 n2))	(multiply-duration 0.08333333333333333 (transpose-diatonic #4 n2))	(multiply-duration 0.08333333333333333 (transpose-diatonic 4 n2))
TR	rel-pitch-5-to-3	1	true	n1 n2	(and (duration>= (duration n1) 1) (not (rest? n1)) (= (note-category n1) C) (= (relative-pitch n1) 5) (duration>= (duration n2) 1) (not (rest? n2)) (= (note-category n2) C) (= (relative-pitch n2) 3) (pitch< n1 n2))	(multiply-duration 0.125 (transpose-diatonic b3 n1))	(multiply-duration 0.125 (transpose-diatonic 4 n1))	(multiply-duration 0.125 (transpose-diatonic b3 n1))	(multiply-duration 0.125 (transpose-diatonic #1 n1))	(multiply-duration 0.125 (transpose-diatonic 1 n1))	(multiply-duration 0.125 (transpose-diatonic -1 n1))	(multiply-duration 0.25 (transpose-diatonic -2 n1))	(multiply-duration 0.75 (make-rest n2))	(multiply-duration 0.125 (transpose-diatonic -1 n2))	(multiply-duration 0.125 (transpose-diatonic #2 n2))
TR	rel-pitch-5-to-5	1	true	n1 n2	(and (duration>= (duration n1) 1) (not (rest? n1)) (= (note-category n1) C) (= (relative-pitch n1) 5) (duration>= (duration n2) 1) (not (rest? n2)) (= (note-category n2) C) (= (relative-pitch n2) 5) (pitch>= n1 n2))	(multiply-duration 0.25 (make-rest n1))	(multiply-duration 0.125 (transpose-diatonic 1 n1))	(multiply-duration 0.125 (transpose-diatonic 2 n1))	(multiply-duration 0.125 (transpose-diatonic 3 n1))	(multiply-duration 0.125 (transpose-diatonic 1 n1))	(multiply-duration 0.25 (make-rest n1))	(multiply-duration 0.125 (transpose-diatonic #3 n2))	(multiply-duration 0.125 (transpose-diatonic b6 n2))	(multiply-duration 0.125 (transpose-diatonic b5 n2))	(multiply-duration 0.125 (transpose-diatonic 2 n2))	(multiply-duration 0.125 (transpose-diatonic -1 n2))	(multiply-duration 0.125 (transpose-diatonic -4 n2))	(multiply-duration 0.125 (transpose-diatonic 1 n2))	(multiply-duration 0.125 (transpose-diatonic -1 n2))
TR	rel-pitch-5-to-5	1	true	n1 n2	(and (duration>= (duration n1) 1) (not (rest? n1)) (= (note-category n1) C) (= (relative-pitch n1) 5) (duration>= (duration n2) 1) (not (rest? n2)) (= (note-category n2) C) (= (relative-pitch n2) 5) (pitch>= n1 n2))	(multiply-duration 0.125 (transpose-diatonic -1 n1))	(multiply-duration 0.125 (transpose-diatonic #1 n1))	(multiply-duration 0.125 (transpose-diatonic #2 n1))	(multiply-duration 0.125 (transpose-diatonic 4 n1))	(multiply-duration 0.125 (transpose-diatonic #2 n1))	(multiply-duration 0.125 (transpose-diatonic #1 n1))	(multiply-duration 0.125 (transpose-diatonic -1 n1))	(multiply-duration 0.125 (transpose-diatonic #-2 n1))	(multiply-duration 0.125 (transpose-diatonic 3 n2))	(multiply-duration 0.125 (transpose-diatonic 2 n2))	(multiply-duration 0.125 (transpose-diatonic #1 n2))	(multiply-duration 0.125 (transpose-diatonic #-1 n2))	(multiply-duration 0.125 (transpose-diatonic 1 n2))	(multiply-duration 0.125 (transpose-diatonic 2 n2))	(multiply-duration 0.125 (transpose-diatonic 3 n2))	(multiply-duration 0.125 (transpose-diatonic 4 n2))
TR	rel-pitch-5-to-3	1	true	n1 n2	(and (duration>= (duration n1) 1) (not (rest? n1)) (= (note-category n1) C) (= (relative-pitch n1) 5) (duration>= (duration n2) 1) (not (rest? n2)) (= (note-category n2) C) (= (relative-pitch n2) 3) (pitch< n1 n2))	(multiply-duration 0.125 (transpose-diatonic -2 n1))	(multiply-duration 0.125 (transpose-diatonic -1 n1))	(multiply-duration 0.125 (transpose-diatonic 1 n1))	(multiply-duration 0.125 (transpose-diatonic b3 n1))	(multiply-duration 0.125 (transpose-diatonic 3 n1))	(multiply-duration 0.125 (transpose-diatonic 1 n1))	(multiply-duration 0.125 (transpose-diatonic b3 n1))	(multiply-duration 0.125 (transpose-diatonic 1 n1))	(multiply-duration 0.125 (transpose-diatonic -4 n2))	(multiply-duration 0.125 (transpose-diatonic -2 n2))	(multiply-duration 0.125 (transpose-diatonic 1 n2))	(multiply-duration 0.125 (transpose-diatonic 3 n2))	(multiply-duration 0.125 (transpose-diatonic -1 n2))	(multiply-duration 0.125 (transpose-diatonic -2 n2))	(multiply-duration 0.125 (transpose-diatonic 2 n2))	(multiply-duration 0.125 (transpose-diatonic #1 n2))
TR	rel-pitch-5-to-7	1	true	n1 n2	(and (duration>= (duration n1) 1) (not (rest? n1)) (= (note-category n1) C) (= (relative-pitch n1) 5) (duration>= (duration n2) 1) (not (rest? n2)) (= (note-category n2) C) (= (relative-pitch n2) 7) (pitch< n1 n2))	(multiply-duration 0.125 (transpose-diatonic 4 n1))	(multiply-duration 0.125 (transpose-diatonic #3 n1))	(multiply-duration 0.125 (transpose-diatonic 3 n1))	(multiply-duration 0.125 (transpose-diatonic #1 n1))	(multiply-duration 0.125 (transpose-diatonic b-2 n1))	(multiply-duration 0.125 (transpose-diatonic -4 n1))	(multiply-duration 0.125 (transpose-diatonic 1 n1))	(multiply-duration 0.125 (transpose-diatonic -1 n1))	(multiply-duration 0.125 (transpose-diatonic -4 n2))	(multiply-duration 0.125 (transpose-diatonic 2 n2))	(multiply-duration 0.625 (make-rest n2))	(multiply-duration 0.125 (transpose-diatonic b4 n2))
TR	rel-pitch-5-to-3	1	true	n1 n2	(and (duration>= (duration n1) 1) (not (rest? n1)) (= (note-category n1) C) (= (relative-pitch n1) 5) (duration>= (duration n2) 1) (not (rest? n2)) (= (note-category n2) C) (= (relative-pitch n2) 3) (pitch>= n1 n2))	(multiply-duration 0.25 (transpose-diatonic 2 n1))	(multiply-duration 0.125 (transpose-diatonic 4 n1))	(multiply-duration 0.125 (transpose-diatonic 2 n1))	(multiply-duration 0.125 (make-rest n1))	(multiply-duration 0.125 (transpose-diatonic -1 n1))	(multiply-duration 0.25 (transpose-diatonic -3 n1))	(multiply-duration 0.125 (transpose-diatonic b1 n2))	(multiply-duration 0.125 (transpose-diatonic 1 n2))	(multiply-duration 0.125 (transpose-diatonic 3 n2))	(multiply-duration 0.125 (transpose-diatonic #2 n2))	(multiply-duration 0.125 (transpose-diatonic 2 n2))	(multiply-duration 0.125 (transpose-diatonic 1 n2))	(multiply-duration 0.125 (transpose-diatonic -1 n2))	(multiply-duration 0.125 (transpose-diatonic -2 n2))
TR	rel-pitch-5-to-#4	1	true	n1 n2	(and (duration>= (duration n1) 1) (not (rest? n1)) (= (note-category n1) C) (= (relative-pitch n1) 5) (duration>= (duration n2) 1) (not (rest? n2)) (= (note-category n2) C) (= (relative-pitch n2) #4) (pitch>= n1 n2))	(multiply-duration 0.125 (transpose-diatonic 4 n1))	(multiply-duration 0.125 (transpose-diatonic b5 n1))	(multiply-duration 0.125 (transpose-diatonic 5 n1))	(multiply-duration 0.125 (transpose-diatonic 3 n1))	(multiply-duration 0.125 (transpose-diatonic 1 n1))	(multiply-duration 0.125 (transpose-diatonic -2 n1))	(multiply-duration 0.125 (transpose-diatonic -4 n1))	(multiply-duration 0.125 (transpose-diatonic -7 n1))	(multiply-duration 0.125 (transpose-diatonic b1 n2))	(multiply-duration 0.125 (transpose-diatonic b-2 n2))	(multiply-duration 0.125 (transpose-diatonic b-1 n2))	(multiply-duration 0.125 (transpose-diatonic b5 n2))	(multiply-duration 0.5 (make-rest n2))
TR	rel-pitch-5-to-7	1	true	n1 n2	(and (duration>= (duration n1) 1) (not (rest? n1)) (= (note-category n1) C) (= (relative-pitch n1) 5) (duration>= (duration n2) 1) (not (rest? n2)) (= (note-category n2) C) (= (relative-pitch n2) 7) (pitch>= n1 n2))	(multiply-duration 0.125 (transpose-diatonic -4 n1))	(multiply-duration 0.125 (transpose-diatonic #-3 n1))	(multiply-duration 0.125 (transpose-diatonic -2 n1))	(multiply-duration 0.125 (transpose-diatonic -1 n1))	(multiply-duration 0.125 (transpose-diatonic #1 n1))	(multiply-duration 0.125 (transpose-diatonic 4 n1))	(multiply-duration 0.125 (transpose-diatonic -2 n1))	(multiply-duration 0.125 (transpose-diatonic #2 n1))	(multiply-duration 0.125 (transpose-diatonic 3 n2))	(multiply-duration 0.125 (transpose-diatonic 1 n2))	(multiply-duration 0.125 (transpose-diatonic -2 n2))	(multiply-duration 0.125 (transpose-diatonic 3 n2))	(multiply-duration 0.125 (transpose-diatonic 2 n2))	(multiply-duration 0.125 (transpose-diatonic #1 n2))	(multiply-duration 0.125 (transpose-diatonic 1 n2))	(multiply-duration 0.125 (transpose-diatonic -1 n2))
TR	rel-pitch-5-to-5	1	true	n1 n2	(and (duration>= (duration n1) 1) (not (rest? n1)) (= (note-category n1) C) (= (relative-pitch n1) 5) (duration>= (duration n2) 1) (not (rest? n2)) (= (note-category n2) C) (= (relative-pitch n2) 5) (pitch>= n1 n2))	(multiply-duration 0.125 (transpose-diatonic -4 n1))	(multiply-duration 0.125 (transpose-diatonic -1 n1))	(multiply-duration 0.125 (transpose-diatonic #2 n1))	(multiply-duration 0.125 (transpose-diatonic 3 n1))	(multiply-duration 0.125 (transpose-diatonic #2 n1))	(multiply-duration 0.125 (transpose-diatonic 2 n1))	(multiply-duration 0.125 (transpose-diatonic #1 n1))	(multiply-duration 0.125 (transpose-diatonic 1 n1))	(multiply-duration 0.125 (transpose-diatonic 4 n2))	(multiply-duration 0.125 (transpose-diatonic #3 n2))	(multiply-duration 0.125 (transpose-diatonic 3 n2))	(multiply-duration 0.125 (transpose-diatonic 2 n2))	(multiply-duration 0.125 (transpose-diatonic #1 n2))	(multiply-duration 0.125 (transpose-diatonic -2 n2))	(multiply-duration 0.125 (transpose-diatonic b-2 n2))	(multiply-duration 0.125 (transpose-diatonic b-3 n2))
TR	rel-pitch-5-to-3	1	true	n1 n2	(and (duration>= (duration n1) 1) (not (rest? n1)) (= (note-category n1) C) (= (relative-pitch n1) 5) (duration>= (duration n2) 1) (not (rest? n2)) (= (note-category n2) C) (= (relative-pitch n2) 3) (pitch>= n1 n2))	(multiply-duration 0.125 (transpose-diatonic -1 n1))	(multiply-duration 0.125 (transpose-diatonic #-1 n1))	(multiply-duration 0.125 (transpose-diatonic #1 n1))	(multiply-duration 0.125 (transpose-diatonic 2 n1))	(multiply-duration 0.125 (transpose-diatonic #3 n1))	(multiply-duration 0.125 (transpose-diatonic #1 n1))	(multiply-duration 0.125 (transpose-diatonic #-1 n1))	(multiply-duration 0.125 (transpose-diatonic #-1 n1))	(multiply-duration 0.125 (transpose-diatonic 2 n2))	(multiply-duration 0.125 (transpose-diatonic 1 n2))	(multiply-duration 0.125 (transpose-diatonic b1 n2))	(multiply-duration 0.125 (transpose-diatonic -1 n2))	(multiply-duration 0.125 (transpose-diatonic b-1 n2))	(multiply-duration 0.125 (transpose-diatonic -2 n2))	(multiply-duration 0.125 (make-rest n2))	(multiply-duration 0.125 (transpose-diatonic b8 n2))
TR	rel-pitch-5-to-1	1	true	n1 n2	(and (duration>= (duration n1) 1) (not (rest? n1)) (= (note-category n1) C) (= (relative-pitch n1) 5) (duration>= (duration n2) 1) (not (rest? n2)) (= (note-category n2) C) (= (relative-pitch n2) 1) (pitch>= n1 n2))	(multiply-duration 0.125 (transpose-diatonic 3 n1))	(multiply-duration 0.125 (transpose-diatonic 1 n1))	(multiply-duration 0.125 (transpose-diatonic -2 n1))	(multiply-duration 0.125 (transpose-diatonic -4 n1))	(multiply-duration 0.125 (transpose-diatonic 3 n1))	(multiply-duration 0.125 (transpose-diatonic 1 n1))	(multiply-duration 0.125 (transpose-diatonic -2 n1))	(multiply-duration 0.125 (transpose-diatonic -4 n1))	(multiply-duration 0.25 (transpose-diatonic 4 n2))	(multiply-duration 0.25 (make-rest n2))	(multiply-duration 0.125 (transpose-diatonic 4 n2))	(multiply-duration 0.125 (transpose-diatonic b2 n2))	(multiply-duration 0.125 (transpose-diatonic -1 n2))	(multiply-duration 0.125 (transpose-diatonic #-4 n2))
TR	rel-pitch-5-to-#4	1	true	n1 n2	(and (duration>= (duration n1) 1) (not (rest? n1)) (= (note-category n1) C) (= (relative-pitch n1) 5) (duration>= (duration n2) 1) (not (rest? n2)) (= (note-category n2) C) (= (relative-pitch n2) #4) (pitch>= n1 n2))	(multiply-duration 0.125 (transpose-diatonic -2 n1))	(multiply-duration 0.125 (transpose-diatonic -1 n1))	(multiply-duration 0.125 (transpose-diatonic 1 n1))	(multiply-duration 0.125 (transpose-diatonic 2 n1))	(multiply-duration 0.125 (transpose-diatonic #2 n1))	(multiply-duration 0.125 (transpose-diatonic -3 n1))	(multiply-duration 0.25 (make-rest n1))	(multiply-duration 0.125 (make-rest n2))	(multiply-duration 0.125 (transpose-diatonic b5 n2))	(multiply-duration 0.125 (transpose-diatonic b4 n2))	(multiply-duration 0.125 (transpose-diatonic 1 n2))	(multiply-duration 0.125 (transpose-diatonic bb-1 n2))	(multiply-duration 0.125 (transpose-diatonic b-3 n2))	(multiply-duration 0.125 (transpose-diatonic 1 n2))	(multiply-duration 0.125 (transpose-diatonic 2 n2))
TR	rel-pitch-5-to-1	1	true	n1 n2	(and (duration>= (duration n1) 1) (not (rest? n1)) (= (note-category n1) C) (= (relative-pitch n1) 5) (duration>= (duration n2) 1) (not (rest? n2)) (= (note-category n2) C) (= (relative-pitch n2) 1) (pitch>= n1 n2))	(multiply-duration 0.5 (make-rest n1))	(multiply-duration 0.125 (transpose-diatonic -1 n1))	(multiply-duration 0.125 (transpose-diatonic 2 n1))	(multiply-duration 0.125 (transpose-diatonic 1 n1))	(multiply-duration 0.125 (transpose-diatonic -1 n1))	(multiply-duration 0.25 (transpose-diatonic #-3 n2))	(multiply-duration 0.125 (transpose-diatonic 1 n2))	(multiply-duration 0.125 (transpose-diatonic 3 n2))	(multiply-duration 0.125 (transpose-diatonic 2 n2))	(multiply-duration 0.125 (transpose-diatonic 1 n2))	(multiply-duration 0.25 (transpose-diatonic -2 n2))
TR	rel-pitch-5-to-3	1	true	n1 n2	(and (duration>= (duration n1) 1) (not (rest? n1)) (= (note-category n1) C) (= (relative-pitch n1) 5) (duration>= (duration n2) 1) (not (rest? n2)) (= (note-category n2) C) (= (relative-pitch n2) 3) (pitch>= n1 n2))	(multiply-duration 0.125 (transpose-diatonic -2 n1))	(multiply-duration 0.125 (transpose-diatonic -1 n1))	(multiply-duration 0.125 (transpose-diatonic 1 n1))	(multiply-duration 0.125 (transpose-diatonic b3 n1))	(multiply-duration 0.125 (transpose-diatonic 3 n1))	(multiply-duration 0.125 (transpose-diatonic 1 n1))	(multiply-duration 0.125 (transpose-diatonic 2 n1))	(multiply-duration 0.125 (transpose-diatonic -1 n1))	(multiply-duration 0.125 (transpose-diatonic 3 n2))	(multiply-duration 0.125 (transpose-diatonic 1 n2))	(multiply-duration 0.125 (transpose-diatonic -3 n2))	(multiply-duration 0.125 (transpose-diatonic -5 n2))	(multiply-duration 0.125 (transpose-diatonic -1 n2))	(multiply-duration 0.125 (transpose-diatonic 2 n2))	(multiply-duration 0.125 (transpose-diatonic 1 n2))	(multiply-duration 0.125 (transpose-diatonic -1 n2))
TR	rel-pitch-5-to-7	1	true	n1 n2	(and (duration>= (duration n1) 1) (not (rest? n1)) (= (note-category n1) C) (= (relative-pitch n1) 5) (duration>= (duration n2) 1) (not (rest? n2)) (= (note-category n2) C) (= (relative-pitch n2) 7) (pitch< n1 n2))	(multiply-duration 0.125 (transpose-diatonic #1 n1))	(multiply-duration 0.125 (transpose-diatonic 3 n1))	(multiply-duration 0.125 (transpose-diatonic #2 n1))	(multiply-duration 0.125 (transpose-diatonic -1 n1))	(multiply-duration 0.375 (transpose-diatonic #1 n1))	(multiply-duration 0.125 (make-rest n1))	(multiply-duration 0.5 (make-rest n2))	(multiply-duration 0.25 (transpose-diatonic -2 n2))	(multiply-duration 0.125 (transpose-diatonic 1 n2))	(multiply-duration 0.125 (transpose-diatonic 2 n2))
TR	rel-pitch-5-to-1	1	true	n1 n2	(and (duration>= (duration n1) 1) (not (rest? n1)) (= (note-category n1) C) (= (relative-pitch n1) 5) (duration>= (duration n2) 1) (not (rest? n2)) (= (note-category n2) C) (= (relative-pitch n2) 1) (pitch>= n1 n2))	(multiply-duration 0.125 (make-rest n1))	(multiply-duration 0.125 (transpose-diatonic #3 n1))	(multiply-duration 0.125 (make-rest n1))	(multiply-duration 0.125 (transpose-diatonic 5 n1))	(multiply-duration 0.125 (transpose-diatonic 4 n1))	(multiply-duration 0.125 (transpose-diatonic 1 n1))	(multiply-duration 0.125 (transpose-diatonic -2 n1))	(multiply-duration 0.125 (transpose-diatonic -4 n1))	(multiply-duration 0.125 (transpose-diatonic b2 n2))	(multiply-duration 0.125 (transpose-diatonic 6 n2))	(multiply-duration 0.125 (transpose-diatonic 3 n2))	(multiply-duration 0.125 (transpose-diatonic b2 n2))	(multiply-duration 0.125 (transpose-diatonic -2 n2))	(multiply-duration 0.125 (transpose-diatonic #-4 n2))	(multiply-duration 0.125 (transpose-diatonic -6 n2))	(multiply-duration 0.125 (transpose-diatonic -1 n2))
TR	rel-pitch-5-to-5	1	true	n1 n2	(and (duration>= (duration n1) 1) (not (rest? n1)) (= (note-category n1) C) (= (relative-pitch n1) 5) (duration>= (duration n2) 1) (not (rest? n2)) (= (note-category n2) C) (= (relative-pitch n2) 5) (pitch>= n1 n2))	(multiply-duration 0.125 (transpose-diatonic -2 n1))	(multiply-duration 0.125 (transpose-diatonic 1 n1))	(multiply-duration 0.125 (transpose-diatonic 2 n1))	(multiply-duration 0.125 (transpose-diatonic 1 n1))	(multiply-duration 0.375 (transpose-diatonic 4 n1))	(multiply-duration 0.125 (transpose-diatonic 2 n1))	(multiply-duration 0.125 (transpose-diatonic 1 n2))	(multiply-duration 0.125 (transpose-diatonic -4 n2))	(multiply-duration 0.5 (make-rest n2))	(multiply-duration 0.125 (make-rest n2))	(multiply-duration 0.125 (transpose-diatonic 5 n2))
TR	rel-pitch-5-to-3	1	true	n1 n2	(and (duration>= (duration n1) 1) (not (rest? n1)) (= (note-category n1) C) (= (relative-pitch n1) 5) (duration>= (duration n2) 1) (not (rest? n2)) (= (note-category n2) C) (= (relative-pitch n2) 3) (pitch>= n1 n2))	(multiply-duration 0.125 (transpose-diatonic -4 n1))	(multiply-duration 0.125 (transpose-diatonic -2 n1))	(multiply-duration 0.125 (transpose-diatonic #1 n1))	(multiply-duration 0.125 (transpose-diatonic 3 n1))	(multiply-duration 0.125 (transpose-diatonic #2 n1))	(multiply-duration 0.125 (transpose-diatonic #1 n1))	(multiply-duration 0.125 (transpose-diatonic -1 n1))	(multiply-duration 0.125 (transpose-diatonic #-2 n1))	(multiply-duration 0.125 (transpose-diatonic 5 n2))	(multiply-duration 0.125 (transpose-diatonic 4 n2))	(multiply-duration 0.125 (transpose-diatonic #3 n2))	(multiply-duration 0.125 (transpose-diatonic 1 n2))	(multiply-duration 0.125 (transpose-diatonic b1 n2))	(multiply-duration 0.125 (transpose-diatonic b-1 n2))	(multiply-duration 0.125 (transpose-diatonic -2 n2))	(multiply-duration 0.125 (transpose-diatonic -3 n2))
TR	rel-pitch-5-to-3	1	true	n1 n2	(and (duration>= (duration n1) 1) (not (rest? n1)) (= (note-category n1) C) (= (relative-pitch n1) 5) (duration>= (duration n2) 1) (not (rest? n2)) (= (note-category n2) C) (= (relative-pitch n2) 3) (pitch>= n1 n2))	(multiply-duration 0.125 (make-rest n1))	(multiply-duration 0.375 (transpose-diatonic 4 n1))	(multiply-duration 0.125 (transpose-diatonic 2 n1))	(multiply-duration 0.125 (transpose-diatonic 1 n1))	(multiply-duration 0.125 (transpose-diatonic b-2 n1))	(multiply-duration 0.125 (transpose-diatonic -2 n1))	(multiply-duration 0.125 (transpose-diatonic 2 n2))	(multiply-duration 0.125 (transpose-diatonic #2 n2))	(multiply-duration 0.08333333333333333 (transpose-diatonic 3 n2))	(multiply-duration 0.08333333333333333 (transpose-diatonic #2 n2))	(multiply-duration 0.08333333333333333 (transpose-diatonic 2 n2))	(multiply-duration 0.125 (transpose-diatonic 1 n2))	(multiply-duration 0.125 (transpose-diatonic -2 n2))	(multiply-duration 0.125 (transpose-diatonic -4 n2))	(multiply-duration 0.125 (transpose-diatonic #-5 n2))
TR	rel-pitch-5-to-3	1	true	n1 n2	(and (duration>= (duration n1) 1) (not (rest? n1)) (= (note-category n1) C) (= (relative-pitch n1) 5) (duration>= (duration n2) 1) (not (rest? n2)) (= (note-category n2) C) (= (relative-pitch n2) 3) (pitch>= n1 n2))	(multiply-duration 0.25 (transpose-diatonic 2 n1))	(multiply-duration 0.375 (make-rest n1))	(multiply-duration 0.125 (transpose-diatonic 1 n1))	(multiply-duration 0.125 (transpose-diatonic -1 n1))	(multiply-duration 0.125 (transpose-diatonic -2 n1))	(multiply-duration 0.125 (transpose-diatonic 4 n2))	(multiply-duration 0.125 (transpose-diatonic 3 n2))	(multiply-duration 0.125 (transpose-diatonic #2 n2))	(multiply-duration 0.125 (transpose-diatonic 1 n2))	(multiply-duration 0.125 (transpose-diatonic b1 n2))	(multiply-duration 0.125 (transpose-diatonic b-1 n2))	(multiply-duration 0.125 (transpose-diatonic #-3 n2))	(multiply-duration 0.125 (transpose-diatonic -5 n2))
TR	rel-pitch-5-to-5	1	true	n1 n2	(and (duration>= (duration n1) 1) (not (rest? n1)) (= (note-category n1) C) (= (relative-pitch n1) 5) (duration>= (duration n2) 1) (not (rest? n2)) (= (note-category n2) C) (= (relative-pitch n2) 5) (pitch>= n1 n2))	(multiply-duration 0.125 (transpose-diatonic b2 n1))	(multiply-duration 0.125 (transpose-diatonic b1 n1))	(multiply-duration 0.125 (transpose-diatonic 1 n1))	(multiply-duration 0.125 (transpose-diatonic b1 n1))	(multiply-duration 0.125 (transpose-diatonic -1 n1))	(multiply-duration 0.125 (transpose-diatonic #-2 n1))	(multiply-duration 0.08333333333333333 (transpose-diatonic -2 n1))	(multiply-duration 0.08333333333333333 (transpose-diatonic 1 n1))	(multiply-duration 0.08333333333333333 (transpose-diatonic b3 n1))	(multiply-duration 0.125 (transpose-diatonic 3 n2))	(multiply-duration 0.125 (transpose-diatonic 1 n2))	(multiply-duration 0.125 (transpose-diatonic b3 n2))	(multiply-duration 0.125 (transpose-diatonic 1 n2))	(multiply-duration 0.125 (transpose-diatonic 2 n2))	(multiply-duration 0.125 (transpose-diatonic 1 n2))	(multiply-duration 0.125 (transpose-diatonic -1 n2))	(multiply-duration 0.125 (transpose-diatonic #-2 n2))
TR	rel-pitch-5-to-7	1	true	n1 n2	(and (duration>= (duration n1) 1) (not (rest? n1)) (= (note-category n1) C) (= (relative-pitch n1) 5) (duration>= (duration n2) 1) (not (rest? n2)) (= (note-category n2) C) (= (relative-pitch n2) 7) (pitch< n1 n2))	(multiply-duration 0.125 (transpose-diatonic -4 n1))	(multiply-duration 0.125 (transpose-diatonic -3 n1))	(multiply-duration 0.125 (transpose-diatonic -2 n1))	(multiply-duration 0.125 (transpose-diatonic 1 n1))	(multiply-duration 0.125 (transpose-diatonic b3 n1))	(multiply-duration 0.125 (transpose-diatonic 4 n1))	(multiply-duration 0.125 (transpose-diatonic 5 n1))	(multiply-duration 0.125 (transpose-diatonic b3 n1))	(multiply-duration 0.125 (transpose-diatonic 2 n2))	(multiply-duration 0.125 (transpose-diatonic -2 n2))	(multiply-duration 0.75 (make-rest n2))
TR	rel-pitch-5	1	true	n1	(and (duration>= (duration n1) 1) (not (rest? n1)) (= (note-category n1) C) (= (relative-pitch n1) 5))	(multiply-duration 0.125 (transpose-diatonic 6 n1))	(multiply-duration 0.125 (transpose-diatonic 1 n1))	(multiply-duration 0.125 (transpose-diatonic 3 n1))	(multiply-duration 0.125 (transpose-diatonic 5 n1))	(multiply-duration 0.125 (transpose-diatonic 4 n1))	(multiply-duration 0.125 (transpose-diatonic 1 n1))	(multiply-duration 0.125 (transpose-diatonic -2 n1))	(multiply-duration 0.125 (transpose-diatonic -4 n1))
TR	rel-pitch-5	1	true	n1	(and (duration>= (duration n1) 1) (not (rest? n1)) (= (note-category n1) C) (= (relative-pitch n1) 5))	(multiply-duration 0.125 (make-rest n1))	(multiply-duration 0.875 (transpose-diatonic -1 n1))
TR	rel-pitch-5	1	true	n1	(and (duration>= (duration n1) 1) (not (rest? n1)) (= (note-category n1) C) (= (relative-pitch n1) 5))	(multiply-duration 0.125 (transpose-diatonic -4 n1))	(multiply-duration 0.125 (transpose-diatonic -3 n1))	(multiply-duration 0.125 (transpose-diatonic -2 n1))	(multiply-duration 0.125 (transpose-diatonic 1 n1))	(multiply-duration 0.125 (transpose-diatonic 3 n1))	(multiply-duration 0.125 (transpose-diatonic 5 n1))	(multiply-duration 0.125 (make-rest n1))	(multiply-duration 0.125 (transpose-diatonic 5 n1))
TR	rel-pitch-5	1	true	n1	(and (duration>= (duration n1) 1) (not (rest? n1)) (= (note-category n1) C) (= (relative-pitch n1) 5))	(multiply-duration 0.125 (transpose-diatonic 1 n1))	(multiply-duration 0.125 (transpose-diatonic b2 n1))	(multiply-duration 0.125 (transpose-diatonic 2 n1))	(multiply-duration 0.125 (transpose-diatonic 1 n1))	(multiply-duration 0.125 (transpose-diatonic -1 n1))	(multiply-duration 0.125 (transpose-diatonic #-2 n1))	(multiply-duration 0.125 (transpose-diatonic -2 n1))	(multiply-duration 0.125 (transpose-diatonic 1 n1))
TR	rel-pitch-5	2	true	n1	(and (duration>= (duration n1) 1) (not (rest? n1)) (= (note-category n1) C) (= (relative-pitch n1) 5))	(multiply-duration 0.5 (make-rest n1))	(multiply-duration 0.125 (transpose-diatonic -4 n1))	(multiply-duration 0.125 (transpose-diatonic -2 n1))	(multiply-duration 0.125 (transpose-diatonic 1 n1))	(multiply-duration 0.125 (transpose-diatonic b3 n1))
TR	rel-pitch-5	1	true	n1	(and (duration>= (duration n1) 1) (not (rest? n1)) (= (note-category n1) C) (= (relative-pitch n1) 5))	(multiply-duration 0.125 (transpose-diatonic -1 n1))	(multiply-duration 0.125 (transpose-diatonic 2 n1))	(multiply-duration 0.125 (transpose-diatonic 1 n1))	(multiply-duration 0.125 (transpose-diatonic -2 n1))	(multiply-duration 0.5 (make-rest n1))
TR	rel-pitch-5	1	true	n1	(and (duration>= (duration n1) 1) (not (rest? n1)) (= (note-category n1) C) (= (relative-pitch n1) 5))	(multiply-duration 0.125 (transpose-diatonic -1 n1))	(multiply-duration 0.125 (transpose-diatonic #-2 n1))	(multiply-duration 0.125 (transpose-diatonic -2 n1))	(multiply-duration 0.125 (transpose-diatonic -1 n1))	(multiply-duration 0.125 (transpose-diatonic 1 n1))	(multiply-duration 0.125 (transpose-diatonic b3 n1))	(multiply-duration 0.125 (transpose-diatonic 1 n1))	(multiply-duration 0.125 (transpose-diatonic b2 n1))
TR	rel-pitch-5	1	true	n1	(and (duration>= (duration n1) 1) (not (rest? n1)) (= (note-category n1) C) (= (relative-pitch n1) 5))	(multiply-duration 0.125 (transpose-diatonic -2 n1))	(multiply-duration 0.125 (transpose-diatonic -1 n1))	(multiply-duration 0.125 (transpose-diatonic 1 n1))	(multiply-duration 0.125 (transpose-diatonic b3 n1))	(multiply-duration 0.25 (transpose-diatonic 6 n1))	(multiply-duration 0.25 (make-rest n1))
TR	rel-pitch-5	1	true	n1	(and (duration>= (duration n1) 1) (not (rest? n1)) (= (note-category n1) C) (= (relative-pitch n1) 5))	(multiply-duration 0.625 (make-rest n1))	(multiply-duration 0.125 (transpose-diatonic 1 n1))	(multiply-duration 0.125 (transpose-diatonic #1 n1))	(multiply-duration 0.125 (transpose-diatonic #-1 n1))
TR	rel-pitch-5	1	true	n1	(and (duration>= (duration n1) 1) (not (rest? n1)) (= (note-category n1) C) (= (relative-pitch n1) 5))	(multiply-duration 0.125 (transpose-diatonic 1 n1))	(multiply-duration 0.125 (transpose-diatonic -2 n1))	(multiply-duration 0.125 (transpose-diatonic #1 n1))	(multiply-duration 0.125 (transpose-diatonic #-1 n1))	(multiply-duration 0.125 (transpose-diatonic 1 n1))	(multiply-duration 0.125 (transpose-diatonic 4 n1))	(multiply-duration 0.25 (make-rest n1))
TR	rel-pitch-5	1	true	n1	(and (duration>= (duration n1) 1) (not (rest? n1)) (= (note-category n1) C) (= (relative-pitch n1) 5))	(multiply-duration 0.125 (transpose-diatonic b3 n1))	(multiply-duration 0.125 (transpose-diatonic b2 n1))	(multiply-duration 0.125 (transpose-diatonic 1 n1))	(multiply-duration 0.125 (transpose-diatonic b1 n1))	(multiply-duration 0.125 (transpose-diatonic -1 n1))	(multiply-duration 0.125 (transpose-diatonic #-2 n1))	(multiply-duration 0.125 (transpose-diatonic -2 n1))	(multiply-duration 0.125 (transpose-diatonic 1 n1))
TR	rel-pitch-5	1	true	n1	(and (duration>= (duration n1) 1) (not (rest? n1)) (= (note-category n1) C) (= (relative-pitch n1) 5))	(multiply-duration 0.125 (transpose-diatonic -2 n1))	(multiply-duration 0.125 (transpose-diatonic 2 n1))	(multiply-duration 0.25 (transpose-diatonic -2 n1))	(multiply-duration 0.25 (transpose-diatonic 1 n1))	(multiply-duration 0.25 (make-rest n1))
TR	rel-pitch-5	1	true	n1	(and (duration>= (duration n1) 1) (not (rest? n1)) (= (note-category n1) C) (= (relative-pitch n1) 5))	(multiply-duration 0.125 (make-rest n1))	(multiply-duration 0.125 (transpose-diatonic 4 n1))	(multiply-duration 0.25 (transpose-diatonic -1 n1))	(multiply-duration 0.125 (transpose-diatonic 3 n1))	(multiply-duration 0.125 (transpose-diatonic #1 n1))	(multiply-duration 0.125 (transpose-diatonic -2 n1))	(multiply-duration 0.125 (transpose-diatonic -4 n1))
TR	rel-pitch-5	1	true	n1	(and (duration>= (duration n1) 1) (not (rest? n1)) (= (note-category n1) C) (= (relative-pitch n1) 5))	(multiply-duration 0.125 (make-rest n1))	(multiply-duration 0.125 (transpose-diatonic 1 n1))	(multiply-duration 0.125 (transpose-diatonic b3 n1))	(multiply-duration 0.125 (transpose-diatonic 5 n1))	(multiply-duration 0.125 (transpose-diatonic 4 n1))	(multiply-duration 0.125 (transpose-diatonic 1 n1))	(multiply-duration 0.125 (transpose-diatonic -2 n1))	(multiply-duration 0.125 (transpose-diatonic -4 n1))
TR	rel-pitch-5	1	true	n1	(and (duration>= (duration n1) 1) (not (rest? n1)) (= (note-category n1) C) (= (relative-pitch n1) 5))	(multiply-duration 0.75 (transpose-diatonic 1 n1))	(multiply-duration 0.125 (transpose-diatonic -1 n1))	(multiply-duration 0.125 (transpose-diatonic -2 n1))
TR	rel-pitch-5	1	true	n1	(and (duration>= (duration n1) 1) (not (rest? n1)) (= (note-category n1) C) (= (relative-pitch n1) 5))	(multiply-duration 0.25 (transpose-diatonic -5 n1))	(multiply-duration 0.125 (transpose-diatonic #1 n1))	(multiply-duration 0.125 (transpose-diatonic -1 n1))	(multiply-duration 0.125 (transpose-diatonic 1 n1))	(multiply-duration 0.125 (transpose-diatonic 2 n1))	(multiply-duration 0.125 (transpose-diatonic 4 n1))	(multiply-duration 0.125 (transpose-diatonic 6 n1))
TR	rel-pitch-5	1	true	n1	(and (duration>= (duration n1) 1) (not (rest? n1)) (= (note-category n1) C) (= (relative-pitch n1) 5))	(multiply-duration 0.5 (transpose-diatonic 2 n1))	(multiply-duration 0.125 (transpose-diatonic 3 n1))	(multiply-duration 0.125 (transpose-diatonic 1 n1))	(multiply-duration 0.25 (make-rest n1))
TR	rel-pitch-5	1	true	n1	(and (duration>= (duration n1) 1) (not (rest? n1)) (= (note-category n1) C) (= (relative-pitch n1) 5))	(multiply-duration 0.25 (transpose-diatonic -3 n1))	(multiply-duration 0.125 (transpose-diatonic 4 n1))	(multiply-duration 0.125 (transpose-diatonic 2 n1))	(multiply-duration 0.375 (make-rest n1))	(multiply-duration 0.125 (transpose-diatonic -1 n1))
TR	rel-pitch-5	1	true	n1	(and (duration>= (duration n1) 1) (not (rest? n1)) (= (note-category n1) C) (= (relative-pitch n1) 5))	(multiply-duration 0.25 (transpose-diatonic 1 n1))	(multiply-duration 0.25 (make-rest n1))	(multiply-duration 0.125 (transpose-diatonic 1 n1))	(multiply-duration 0.125 (transpose-diatonic b1 n1))	(multiply-duration 0.125 (transpose-diatonic -1 n1))	(multiply-duration 0.125 (transpose-diatonic #-2 n1))
TR	rel-pitch-5	1	true	n1	(and (duration>= (duration n1) 1) (not (rest? n1)) (= (note-category n1) C) (= (relative-pitch n1) 5))	(multiply-duration 0.125 (transpose-diatonic b3 n1))	(multiply-duration 0.125 (transpose-diatonic 4 n1))	(multiply-duration 0.125 (transpose-diatonic b3 n1))	(multiply-duration 0.125 (transpose-diatonic #1 n1))	(multiply-duration 0.125 (transpose-diatonic 1 n1))	(multiply-duration 0.125 (transpose-diatonic -1 n1))	(multiply-duration 0.25 (transpose-diatonic -2 n1))
TR	rel-pitch-5	1	true	n1	(and (duration>= (duration n1) 1) (not (rest? n1)) (= (note-category n1) C) (= (relative-pitch n1) 5))	(multiply-duration 0.125 (transpose-diatonic #3 n1))	(multiply-duration 0.125 (transpose-diatonic b6 n1))	(multiply-duration 0.125 (transpose-diatonic b5 n1))	(multiply-duration 0.125 (transpose-diatonic 2 n1))	(multiply-duration 0.125 (transpose-diatonic -1 n1))	(multiply-duration 0.125 (transpose-diatonic -4 n1))	(multiply-duration 0.125 (transpose-diatonic 1 n1))	(multiply-duration 0.125 (transpose-diatonic -1 n1))
TR	rel-pitch-5	1	true	n1	(and (duration>= (duration n1) 1) (not (rest? n1)) (= (note-category n1) C) (= (relative-pitch n1) 5))	(multiply-duration 0.25 (make-rest n1))	(multiply-duration 0.125 (transpose-diatonic 1 n1))	(multiply-duration 0.125 (transpose-diatonic 2 n1))	(multiply-duration 0.125 (transpose-diatonic 3 n1))	(multiply-duration 0.125 (transpose-diatonic 1 n1))	(multiply-duration 0.25 (make-rest n1))
TR	rel-pitch-5	1	true	n1	(and (duration>= (duration n1) 1) (not (rest? n1)) (= (note-category n1) C) (= (relative-pitch n1) 5))	(multiply-duration 0.125 (transpose-diatonic -2 n1))	(multiply-duration 0.125 (transpose-diatonic -1 n1))	(multiply-duration 0.125 (transpose-diatonic 1 n1))	(multiply-duration 0.125 (transpose-diatonic 2 n1))	(multiply-duration 0.125 (transpose-diatonic 3 n1))	(multiply-duration 0.125 (transpose-diatonic 1 n1))	(multiply-duration 0.25 (make-rest n1))
TR	rel-pitch-5	1	true	n1	(and (duration>= (duration n1) 1) (not (rest? n1)) (= (note-category n1) C) (= (relative-pitch n1) 5))	(multiply-duration 0.125 (transpose-diatonic 3 n1))	(multiply-duration 0.125 (transpose-diatonic 2 n1))	(multiply-duration 0.125 (transpose-diatonic #1 n1))	(multiply-duration 0.125 (transpose-diatonic #-1 n1))	(multiply-duration 0.125 (transpose-diatonic 1 n1))	(multiply-duration 0.125 (transpose-diatonic 2 n1))	(multiply-duration 0.125 (transpose-diatonic 3 n1))	(multiply-duration 0.125 (transpose-diatonic 4 n1))
TR	rel-pitch-5	1	true	n1	(and (duration>= (duration n1) 1) (not (rest? n1)) (= (note-category n1) C) (= (relative-pitch n1) 5))	(multiply-duration 0.125 (transpose-diatonic -1 n1))	(multiply-duration 0.125 (transpose-diatonic #1 n1))	(multiply-duration 0.125 (transpose-diatonic #2 n1))	(multiply-duration 0.125 (transpose-diatonic 4 n1))	(multiply-duration 0.125 (transpose-diatonic #2 n1))	(multiply-duration 0.125 (transpose-diatonic #1 n1))	(multiply-duration 0.125 (transpose-diatonic -1 n1))	(multiply-duration 0.125 (transpose-diatonic #-2 n1))
TR	rel-pitch-5	1	true	n1	(and (duration>= (duration n1) 1) (not (rest? n1)) (= (note-category n1) C) (= (relative-pitch n1) 5))	(multiply-duration 0.125 (transpose-diatonic -2 n1))	(multiply-duration 0.125 (transpose-diatonic -1 n1))	(multiply-duration 0.125 (transpose-diatonic 1 n1))	(multiply-duration 0.125 (transpose-diatonic b3 n1))	(multiply-duration 0.125 (transpose-diatonic 3 n1))	(multiply-duration 0.125 (transpose-diatonic 1 n1))	(multiply-duration 0.125 (transpose-diatonic b3 n1))	(multiply-duration 0.125 (transpose-diatonic 1 n1))
TR	rel-pitch-5	1	true	n1	(and (duration>= (duration n1) 1) (not (rest? n1)) (= (note-category n1) C) (= (relative-pitch n1) 5))	(multiply-duration 0.125 (transpose-diatonic 4 n1))	(multiply-duration 0.125 (transpose-diatonic #3 n1))	(multiply-duration 0.125 (transpose-diatonic 3 n1))	(multiply-duration 0.125 (transpose-diatonic #1 n1))	(multiply-duration 0.125 (transpose-diatonic b-2 n1))	(multiply-duration 0.125 (transpose-diatonic -4 n1))	(multiply-duration 0.125 (transpose-diatonic 1 n1))	(multiply-duration 0.125 (transpose-diatonic -1 n1))
TR	rel-pitch-5	1	true	n1	(and (duration>= (duration n1) 1) (not (rest? n1)) (= (note-category n1) C) (= (relative-pitch n1) 5))	(multiply-duration 0.25 (transpose-diatonic 2 n1))	(multiply-duration 0.125 (transpose-diatonic 4 n1))	(multiply-duration 0.125 (transpose-diatonic 2 n1))	(multiply-duration 0.125 (make-rest n1))	(multiply-duration 0.125 (transpose-diatonic -1 n1))	(multiply-duration 0.25 (transpose-diatonic -3 n1))
TR	rel-pitch-5	1	true	n1	(and (duration>= (duration n1) 1) (not (rest? n1)) (= (note-category n1) C) (= (relative-pitch n1) 5))	(multiply-duration 0.125 (transpose-diatonic 4 n1))	(multiply-duration 0.125 (transpose-diatonic b5 n1))	(multiply-duration 0.125 (transpose-diatonic 5 n1))	(multiply-duration 0.125 (transpose-diatonic 3 n1))	(multiply-duration 0.125 (transpose-diatonic 1 n1))	(multiply-duration 0.125 (transpose-diatonic -2 n1))	(multiply-duration 0.125 (transpose-diatonic -4 n1))	(multiply-duration 0.125 (transpose-diatonic -7 n1))
TR	rel-pitch-5	1	true	n1	(and (duration>= (duration n1) 1) (not (rest? n1)) (= (note-category n1) C) (= (relative-pitch n1) 5))	(multiply-duration 0.125 (transpose-diatonic b-2 n1))	(multiply-duration 0.125 (transpose-diatonic -1 n1))	(multiply-duration 0.125 (transpose-diatonic #-1 n1))	(multiply-duration 0.125 (transpose-diatonic 1 n1))	(multiply-duration 0.125 (transpose-diatonic #1 n1))	(multiply-duration 0.125 (transpose-diatonic 2 n1))	(multiply-duration 0.125 (transpose-diatonic b3 n1))	(multiply-duration 0.125 (transpose-diatonic 3 n1))
TR	rel-pitch-5	1	true	n1	(and (duration>= (duration n1) 1) (not (rest? n1)) (= (note-category n1) C) (= (relative-pitch n1) 5))	(multiply-duration 0.125 (transpose-diatonic 3 n1))	(multiply-duration 0.125 (transpose-diatonic 5 n1))	(multiply-duration 0.125 (transpose-diatonic 4 n1))	(multiply-duration 0.125 (transpose-diatonic 1 n1))	(multiply-duration 0.125 (transpose-diatonic -2 n1))	(multiply-duration 0.125 (transpose-diatonic -4 n1))	(multiply-duration 0.25 (transpose-diatonic -1 n1))
TR	rel-pitch-5	1	true	n1	(and (duration>= (duration n1) 1) (not (rest? n1)) (= (note-category n1) C) (= (relative-pitch n1) 5))	(multiply-duration 0.125 (transpose-diatonic -4 n1))	(multiply-duration 0.125 (transpose-diatonic #-3 n1))	(multiply-duration 0.125 (transpose-diatonic -2 n1))	(multiply-duration 0.125 (transpose-diatonic -1 n1))	(multiply-duration 0.125 (transpose-diatonic #1 n1))	(multiply-duration 0.125 (transpose-diatonic 4 n1))	(multiply-duration 0.125 (transpose-diatonic -2 n1))	(multiply-duration 0.125 (transpose-diatonic #2 n1))
TR	rel-pitch-5	1	true	n1	(and (duration>= (duration n1) 1) (not (rest? n1)) (= (note-category n1) C) (= (relative-pitch n1) 5))	(multiply-duration 0.125 (transpose-diatonic #1 n1))	(multiply-duration 0.125 (transpose-diatonic #3 n1))	(multiply-duration 0.125 (transpose-diatonic #1 n1))	(multiply-duration 0.125 (transpose-diatonic -2 n1))	(multiply-duration 0.25 (transpose-diatonic b-3 n1))	(multiply-duration 0.25 (make-rest n1))
TR	rel-pitch-5	1	true	n1	(and (duration>= (duration n1) 1) (not (rest? n1)) (= (note-category n1) C) (= (relative-pitch n1) 5))	(multiply-duration 0.125 (transpose-diatonic 4 n1))	(multiply-duration 0.125 (transpose-diatonic #3 n1))	(multiply-duration 0.125 (transpose-diatonic 3 n1))	(multiply-duration 0.125 (transpose-diatonic 2 n1))	(multiply-duration 0.125 (transpose-diatonic #1 n1))	(multiply-duration 0.125 (transpose-diatonic -2 n1))	(multiply-duration 0.125 (transpose-diatonic b-2 n1))	(multiply-duration 0.125 (transpose-diatonic b-3 n1))
TR	rel-pitch-5	1	true	n1	(and (duration>= (duration n1) 1) (not (rest? n1)) (= (note-category n1) C) (= (relative-pitch n1) 5))	(multiply-duration 0.125 (transpose-diatonic -4 n1))	(multiply-duration 0.125 (transpose-diatonic -1 n1))	(multiply-duration 0.125 (transpose-diatonic #2 n1))	(multiply-duration 0.125 (transpose-diatonic 3 n1))	(multiply-duration 0.125 (transpose-diatonic #2 n1))	(multiply-duration 0.125 (transpose-diatonic 2 n1))	(multiply-duration 0.125 (transpose-diatonic #1 n1))	(multiply-duration 0.125 (transpose-diatonic 1 n1))
TR	rel-pitch-5	1	true	n1	(and (duration>= (duration n1) 1) (not (rest? n1)) (= (note-category n1) C) (= (relative-pitch n1) 5))	(multiply-duration 0.25 (transpose-diatonic -1 n1))	(multiply-duration 0.75 (make-rest n1))
TR	rel-pitch-5	1	true	n1	(and (duration>= (duration n1) 1) (not (rest? n1)) (= (note-category n1) C) (= (relative-pitch n1) 5))	(multiply-duration 0.125 (transpose-diatonic -1 n1))	(multiply-duration 0.125 (transpose-diatonic #-1 n1))	(multiply-duration 0.125 (transpose-diatonic #1 n1))	(multiply-duration 0.125 (transpose-diatonic 2 n1))	(multiply-duration 0.125 (transpose-diatonic #3 n1))	(multiply-duration 0.125 (transpose-diatonic #1 n1))	(multiply-duration 0.125 (transpose-diatonic #-1 n1))	(multiply-duration 0.125 (transpose-diatonic #-1 n1))
TR	rel-pitch-5	1	true	n1	(and (duration>= (duration n1) 1) (not (rest? n1)) (= (note-category n1) C) (= (relative-pitch n1) 5))	(multiply-duration 0.125 (transpose-diatonic 3 n1))	(multiply-duration 0.125 (transpose-diatonic 1 n1))	(multiply-duration 0.125 (transpose-diatonic -2 n1))	(multiply-duration 0.125 (transpose-diatonic -4 n1))	(multiply-duration 0.125 (transpose-diatonic 3 n1))	(multiply-duration 0.125 (transpose-diatonic 1 n1))	(multiply-duration 0.125 (transpose-diatonic -2 n1))	(multiply-duration 0.125 (transpose-diatonic -4 n1))
TR	rel-pitch-5	1	true	n1	(and (duration>= (duration n1) 1) (not (rest? n1)) (= (note-category n1) C) (= (relative-pitch n1) 5))	(multiply-duration 0.125 (transpose-diatonic -2 n1))	(multiply-duration 0.125 (transpose-diatonic -1 n1))	(multiply-duration 0.125 (transpose-diatonic 1 n1))	(multiply-duration 0.125 (transpose-diatonic 2 n1))	(multiply-duration 0.125 (transpose-diatonic #2 n1))	(multiply-duration 0.125 (transpose-diatonic -3 n1))	(multiply-duration 0.25 (make-rest n1))
TR	rel-pitch-5	1	true	n1	(and (duration>= (duration n1) 1) (not (rest? n1)) (= (note-category n1) C) (= (relative-pitch n1) 5))	(multiply-duration 0.5 (make-rest n1))	(multiply-duration 0.125 (transpose-diatonic -1 n1))	(multiply-duration 0.125 (transpose-diatonic 2 n1))	(multiply-duration 0.125 (transpose-diatonic 1 n1))	(multiply-duration 0.125 (transpose-diatonic -1 n1))
TR	rel-pitch-5	1	true	n1	(and (duration>= (duration n1) 1) (not (rest? n1)) (= (note-category n1) C) (= (relative-pitch n1) 5))	(multiply-duration 0.125 (transpose-diatonic -2 n1))	(multiply-duration 0.125 (transpose-diatonic -1 n1))	(multiply-duration 0.125 (transpose-diatonic 1 n1))	(multiply-duration 0.125 (transpose-diatonic b3 n1))	(multiply-duration 0.125 (transpose-diatonic 3 n1))	(multiply-duration 0.125 (transpose-diatonic 1 n1))	(multiply-duration 0.125 (transpose-diatonic 2 n1))	(multiply-duration 0.125 (transpose-diatonic -1 n1))
TR	rel-pitch-5	1	true	n1	(and (duration>= (duration n1) 1) (not (rest? n1)) (= (note-category n1) C) (= (relative-pitch n1) 5))	(multiply-duration 0.125 (transpose-diatonic #1 n1))	(multiply-duration 0.125 (transpose-diatonic 3 n1))	(multiply-duration 0.125 (transpose-diatonic #2 n1))	(multiply-duration 0.125 (transpose-diatonic -1 n1))	(multiply-duration 0.375 (transpose-diatonic #1 n1))	(multiply-duration 0.125 (make-rest n1))
TR	rel-pitch-5	1	true	n1	(and (duration>= (duration n1) 1) (not (rest? n1)) (= (note-category n1) C) (= (relative-pitch n1) 5))	(multiply-duration 0.125 (make-rest n1))	(multiply-duration 0.125 (transpose-diatonic #3 n1))	(multiply-duration 0.125 (make-rest n1))	(multiply-duration 0.125 (transpose-diatonic 5 n1))	(multiply-duration 0.125 (transpose-diatonic 4 n1))	(multiply-duration 0.125 (transpose-diatonic 1 n1))	(multiply-duration 0.125 (transpose-diatonic -2 n1))	(multiply-duration 0.125 (transpose-diatonic -4 n1))
TR	rel-pitch-5	1	true	n1	(and (duration>= (duration n1) 1) (not (rest? n1)) (= (note-category n1) C) (= (relative-pitch n1) 5))	(multiply-duration 0.125 (transpose-diatonic 1 n1))	(multiply-duration 0.125 (transpose-diatonic -4 n1))	(multiply-duration 0.5 (make-rest n1))	(multiply-duration 0.125 (make-rest n1))	(multiply-duration 0.125 (transpose-diatonic 5 n1))
TR	rel-pitch-5	1	true	n1	(and (duration>= (duration n1) 1) (not (rest? n1)) (= (note-category n1) C) (= (relative-pitch n1) 5))	(multiply-duration 0.125 (transpose-diatonic -2 n1))	(multiply-duration 0.125 (transpose-diatonic 1 n1))	(multiply-duration 0.125 (transpose-diatonic 2 n1))	(multiply-duration 0.125 (transpose-diatonic 1 n1))	(multiply-duration 0.375 (transpose-diatonic 4 n1))	(multiply-duration 0.125 (transpose-diatonic 2 n1))
TR	rel-pitch-5	1	true	n1	(and (duration>= (duration n1) 1) (not (rest? n1)) (= (note-category n1) C) (= (relative-pitch n1) 5))	(multiply-duration 0.125 (transpose-diatonic 1 n1))	(multiply-duration 0.125 (transpose-diatonic -1 n1))	(multiply-duration 0.125 (transpose-diatonic -2 n1))	(multiply-duration 0.125 (transpose-diatonic 1 n1))	(multiply-duration 0.125 (transpose-diatonic 3 n1))	(multiply-duration 0.125 (transpose-diatonic b5 n1))	(multiply-duration 0.125 (transpose-diatonic 4 n1))	(multiply-duration 0.125 (transpose-diatonic 3 n1))
TR	rel-pitch-5	1	true	n1	(and (duration>= (duration n1) 1) (not (rest? n1)) (= (note-category n1) C) (= (relative-pitch n1) 5))	(multiply-duration 0.125 (transpose-diatonic 1 n1))	(multiply-duration 0.125 (transpose-diatonic 3 n1))	(multiply-duration 0.125 (transpose-diatonic 5 n1))	(multiply-duration 0.125 (transpose-diatonic 3 n1))	(multiply-duration 0.125 (transpose-diatonic 4 n1))	(multiply-duration 0.125 (transpose-diatonic 1 n1))	(multiply-duration 0.125 (transpose-diatonic -2 n1))	(multiply-duration 0.125 (transpose-diatonic -4 n1))
TR	rel-pitch-5	1	true	n1	(and (duration>= (duration n1) 1) (not (rest? n1)) (= (note-category n1) C) (= (relative-pitch n1) 5))	(multiply-duration 0.125 (transpose-diatonic -4 n1))	(multiply-duration 0.125 (transpose-diatonic -2 n1))	(multiply-duration 0.125 (transpose-diatonic #1 n1))	(multiply-duration 0.125 (transpose-diatonic 3 n1))	(multiply-duration 0.125 (transpose-diatonic #2 n1))	(multiply-duration 0.125 (transpose-diatonic #1 n1))	(multiply-duration 0.125 (transpose-diatonic -1 n1))	(multiply-duration 0.125 (transpose-diatonic #-2 n1))
TR	rel-pitch-5	1	true	n1	(and (duration>= (duration n1) 1) (not (rest? n1)) (= (note-category n1) C) (= (relative-pitch n1) 5))	(multiply-duration 0.125 (make-rest n1))	(multiply-duration 0.375 (transpose-diatonic 4 n1))	(multiply-duration 0.125 (transpose-diatonic 2 n1))	(multiply-duration 0.125 (transpose-diatonic 1 n1))	(multiply-duration 0.125 (transpose-diatonic b-2 n1))	(multiply-duration 0.125 (transpose-diatonic -2 n1))
TR	rel-pitch-5	1	true	n1	(and (duration>= (duration n1) 1) (not (rest? n1)) (= (note-category n1) C) (= (relative-pitch n1) 5))	(multiply-duration 0.25 (transpose-diatonic 2 n1))	(multiply-duration 0.375 (make-rest n1))	(multiply-duration 0.125 (transpose-diatonic 1 n1))	(multiply-duration 0.125 (transpose-diatonic -1 n1))	(multiply-duration 0.125 (transpose-diatonic -2 n1))
TR	rel-pitch-5	1	true	n1	(and (duration>= (duration n1) 1) (not (rest? n1)) (= (note-category n1) C) (= (relative-pitch n1) 5))	(multiply-duration 0.125 (transpose-diatonic 6 n1))	(multiply-duration 0.125 (transpose-diatonic 4 n1))	(multiply-duration 0.125 (transpose-diatonic 1 n1))	(multiply-duration 0.125 (transpose-diatonic -1 n1))	(multiply-duration 0.125 (transpose-diatonic -2 n1))	(multiply-duration 0.125 (transpose-diatonic -4 n1))	(multiply-duration 0.0625 (transpose-diatonic -3 n1))	(multiply-duration 0.0625 (transpose-diatonic -2 n1))	(multiply-duration 0.125 (transpose-diatonic 1 n1))
TR	rel-pitch-5	1	true	n1	(and (duration>= (duration n1) 1) (not (rest? n1)) (= (note-category n1) C) (= (relative-pitch n1) 5))	(multiply-duration 0.125 (make-rest n1))	(multiply-duration 0.125 (transpose-diatonic b-3 n1))	(multiply-duration 0.375 (make-rest n1))	(multiply-duration 0.125 (transpose-diatonic #1 n1))	(multiply-duration 0.125 (transpose-diatonic 2 n1))	(multiply-duration 0.125 (transpose-diatonic 4 n1))
TR	rel-pitch-5	1	true	n1	(and (duration>= (duration n1) 1) (not (rest? n1)) (= (note-category n1) C) (= (relative-pitch n1) 5))	(multiply-duration 0.125 (transpose-diatonic 3 n1))	(multiply-duration 0.125 (transpose-diatonic 1 n1))	(multiply-duration 0.125 (transpose-diatonic b3 n1))	(multiply-duration 0.125 (transpose-diatonic 1 n1))	(multiply-duration 0.125 (transpose-diatonic 2 n1))	(multiply-duration 0.125 (transpose-diatonic 1 n1))	(multiply-duration 0.125 (transpose-diatonic -1 n1))	(multiply-duration 0.125 (transpose-diatonic #-2 n1))
TR	rel-pitch-5	1	true	n1	(and (duration>= (duration n1) 1) (not (rest? n1)) (= (note-category n1) C) (= (relative-pitch n1) 5))	(multiply-duration 0.125 (transpose-diatonic b2 n1))	(multiply-duration 0.125 (transpose-diatonic b1 n1))	(multiply-duration 0.125 (transpose-diatonic 1 n1))	(multiply-duration 0.125 (transpose-diatonic b1 n1))	(multiply-duration 0.125 (transpose-diatonic -1 n1))	(multiply-duration 0.125 (transpose-diatonic #-2 n1))	(multiply-duration 0.08333333333333333 (transpose-diatonic -2 n1))	(multiply-duration 0.08333333333333333 (transpose-diatonic 1 n1))	(multiply-duration 0.08333333333333333 (transpose-diatonic b3 n1))
TR	rel-pitch-5	1	true	n1	(and (duration>= (duration n1) 1) (not (rest? n1)) (= (note-category n1) C) (= (relative-pitch n1) 5))	(multiply-duration 0.125 (transpose-diatonic -4 n1))	(multiply-duration 0.125 (transpose-diatonic -3 n1))	(multiply-duration 0.125 (transpose-diatonic -2 n1))	(multiply-duration 0.125 (transpose-diatonic 1 n1))	(multiply-duration 0.125 (transpose-diatonic b3 n1))	(multiply-duration 0.125 (transpose-diatonic 4 n1))	(multiply-duration 0.125 (transpose-diatonic 5 n1))	(multiply-duration 0.125 (transpose-diatonic b3 n1))
TR	rel-pitch-5	1	true	n1	(and (duration>= (duration n1) 1) (not (rest? n1)) (= (note-category n1) C) (= (relative-pitch n1) 5))	(multiply-duration 0.125 (transpose-diatonic b6 n1))	(multiply-duration 0.125 (transpose-diatonic 5 n1))	(multiply-duration 0.125 (transpose-diatonic b5 n1))	(multiply-duration 0.125 (transpose-diatonic #1 n1))	(multiply-duration 0.125 (transpose-diatonic -2 n1))	(multiply-duration 0.125 (transpose-diatonic -4 n1))	(multiply-duration 0.125 (transpose-diatonic 1 n1))	(multiply-duration 0.125 (transpose-diatonic -2 n1))
TR	rel-pitch-5	1	true	n1	(and (duration>= (duration n1) 1) (not (rest? n1)) (= (note-category n1) C) (= (relative-pitch n1) 5))	(multiply-duration 0.125 (transpose-diatonic -2 n1))	(multiply-duration 0.125 (transpose-diatonic -1 n1))	(multiply-duration 0.125 (transpose-diatonic 1 n1))	(multiply-duration 0.125 (transpose-diatonic b3 n1))	(multiply-duration 0.125 (transpose-diatonic 3 n1))	(multiply-duration 0.125 (transpose-diatonic 5 n1))	(multiply-duration 0.125 (transpose-diatonic 4 n1))	(multiply-duration 0.125 (transpose-diatonic 1 n1))
SUB	whole-first-rel-pitch-7	motif	1	true
TR	rel-pitch-7-to-3	1	true	n1 n2	(and (duration>= (duration n1) 1) (not (rest? n1)) (= (note-category n1) C) (= (relative-pitch n1) 7) (duration>= (duration n2) 1) (not (rest? n2)) (= (note-category n2) C) (= (relative-pitch n2) 3) (pitch>= n1 n2))	(multiply-duration 0.375 (make-rest n1))	(multiply-duration 0.125 (transpose-diatonic 2 n1))	(multiply-duration 0.125 (transpose-diatonic 1 n1))	(multiply-duration 0.125 (transpose-diatonic 3 n1))	(multiply-duration 0.125 (transpose-diatonic 2 n1))	(multiply-duration 0.125 (transpose-diatonic -1 n1))	(multiply-duration 0.125 (transpose-diatonic #3 n2))	(multiply-duration 0.125 (transpose-diatonic 5 n2))	(multiply-duration 0.125 (transpose-diatonic 4 n2))	(multiply-duration 0.125 (transpose-diatonic #3 n2))	(multiply-duration 0.125 (transpose-diatonic 3 n2))	(multiply-duration 0.125 (transpose-diatonic 1 n2))	(multiply-duration 0.125 (transpose-diatonic -2 n2))	(multiply-duration 0.125 (transpose-diatonic -5 n2))
TR	rel-pitch-7-to-3	1	true	n1 n2	(and (duration>= (duration n1) 1) (not (rest? n1)) (= (note-category n1) C) (= (relative-pitch n1) 7) (duration>= (duration n2) 1) (not (rest? n2)) (= (note-category n2) C) (= (relative-pitch n2) 3) (pitch>= n1 n2))	(multiply-duration 1.0 (transpose-diatonic 1 n1))	(multiply-duration 0.375 (transpose-diatonic 2 n2))	(multiply-duration 0.125 (transpose-diatonic b1 n2))	(multiply-duration 0.125 (transpose-diatonic #3 n2))	(multiply-duration 0.125 (transpose-diatonic #2 n2))	(multiply-duration 0.25 (transpose-diatonic 2 n2))
TR	rel-pitch-7-to-6	1	true	n1 n2	(and (duration>= (duration n1) 1) (not (rest? n1)) (= (note-category n1) C) (= (relative-pitch n1) 7) (duration>= (duration n2) 1) (not (rest? n2)) (= (note-category n2) C) (= (relative-pitch n2) 6) (pitch>= n1 n2))	(multiply-duration 0.25 (transpose-diatonic 4 n1))	(multiply-duration 0.125 (transpose-diatonic 2 n1))	(multiply-duration 0.125 (transpose-diatonic b-1 n1))	(multiply-duration 0.125 (transpose-diatonic -3 n1))	(multiply-duration 0.125 (transpose-diatonic -2 n1))	(multiply-duration 0.125 (transpose-diatonic b-1 n1))	(multiply-duration 0.125 (transpose-diatonic -1 n1))	(multiply-duration 0.125 (transpose-diatonic 6 n2))	(multiply-duration 0.125 (transpose-diatonic 4 n2))	(multiply-duration 0.125 (transpose-diatonic 2 n2))	(multiply-duration 0.125 (transpose-diatonic -1 n2))	(multiply-duration 0.125 (transpose-diatonic 3 n2))	(multiply-duration 0.125 (transpose-diatonic #-1 n2))	(multiply-duration 0.125 (transpose-diatonic -3 n2))	(multiply-duration 0.125 (transpose-diatonic -5 n2))
TR	rel-pitch-7-to-1	1	true	n1 n2	(and (duration>= (duration n1) 1) (not (rest? n1)) (= (note-category n1) C) (= (relative-pitch n1) 7) (duration>= (duration n2) 1) (not (rest? n2)) (= (note-category n2) C) (= (relative-pitch n2) 1) (pitch< n1 n2))	(multiply-duration 0.125 (make-rest n1))	(multiply-duration 0.125 (transpose-diatonic -1 n1))	(multiply-duration 0.125 (transpose-diatonic #-1 n1))	(multiply-duration 0.125 (transpose-diatonic 2 n1))	(multiply-duration 0.125 (transpose-diatonic #-1 n1))	(multiply-duration 0.125 (transpose-diatonic #-2 n1))	(multiply-duration 0.125 (transpose-diatonic -3 n1))	(multiply-duration 0.125 (transpose-diatonic #-2 n1))	(multiply-duration 0.125 (transpose-diatonic -5 n2))	(multiply-duration 0.125 (transpose-diatonic -3 n2))	(multiply-duration 0.125 (transpose-diatonic -1 n2))	(multiply-duration 0.125 (transpose-diatonic 2 n2))	(multiply-duration 0.125 (transpose-diatonic 4 n2))	(multiply-duration 0.125 (transpose-diatonic 2 n2))	(multiply-duration 0.25 (transpose-diatonic 3 n2))
TR	rel-pitch-7-to-3	1	true	n1 n2	(and (duration>= (duration n1) 1) (not (rest? n1)) (= (note-category n1) C) (= (relative-pitch n1) 7) (duration>= (duration n2) 1) (not (rest? n2)) (= (note-category n2) C) (= (relative-pitch n2) 3) (pitch>= n1 n2))	(multiply-duration 0.25 (transpose-diatonic #3 n1))	(multiply-duration 0.125 (transpose-diatonic 5 n1))	(multiply-duration 0.125 (transpose-diatonic 4 n1))	(multiply-duration 0.125 (make-rest n1))	(multiply-duration 0.125 (transpose-diatonic 1 n1))	(multiply-duration 0.125 (transpose-diatonic -2 n1))	(multiply-duration 0.125 (transpose-diatonic -4 n1))	(multiply-duration 0.25 (transpose-diatonic b1 n2))	(multiply-duration 0.125 (transpose-diatonic #3 n2))	(multiply-duration 0.125 (transpose-diatonic 2 n2))	(multiply-duration 0.125 (make-rest n2))	(multiply-duration 0.125 (transpose-diatonic b-1 n2))	(multiply-duration 0.25 (transpose-diatonic -3 n2))
TR	rel-pitch-7-to-3	1	true	n1 n2	(and (duration>= (duration n1) 1) (not (rest? n1)) (= (note-category n1) C) (= (relative-pitch n1) 7) (duration>= (duration n2) 1) (not (rest? n2)) (= (note-category n2) C) (= (relative-pitch n2) 3) (pitch>= n1 n2))	(multiply-duration 0.875 (transpose-diatonic 1 n1))	(multiply-duration 0.125 (transpose-diatonic -1 n1))	(multiply-duration 0.25 (transpose-diatonic 1 n2))	(multiply-duration 0.125 (transpose-diatonic 3 n2))	(multiply-duration 0.125 (transpose-diatonic -2 n2))	(multiply-duration 0.5 (make-rest n2))
TR	rel-pitch-7-to-#4	1	true	n1 n2	(and (duration>= (duration n1) 1) (not (rest? n1)) (= (note-category n1) C) (= (relative-pitch n1) 7) (duration>= (duration n2) 1) (not (rest? n2)) (= (note-category n2) C) (= (relative-pitch n2) #4) (pitch>= n1 n2))	(multiply-duration 0.125 (make-rest n1))	(multiply-duration 0.125 (transpose-diatonic 4 n1))	(multiply-duration 0.125 (transpose-diatonic 2 n1))	(multiply-duration 0.125 (transpose-diatonic -1 n1))	(multiply-duration 0.125 (transpose-diatonic 3 n1))	(multiply-duration 0.125 (transpose-diatonic #1 n1))	(multiply-duration 0.125 (transpose-diatonic -2 n1))	(multiply-duration 0.125 (transpose-diatonic -4 n1))	(multiply-duration 0.125 (transpose-diatonic b5 n2))	(multiply-duration 0.125 (transpose-diatonic b3 n2))	(multiply-duration 0.125 (transpose-diatonic b1 n2))	(multiply-duration 0.125 (transpose-diatonic b-2 n2))	(multiply-duration 0.125 (transpose-diatonic b2 n2))	(multiply-duration 0.125 (transpose-diatonic 1 n2))	(multiply-duration 0.125 (transpose-diatonic b-1 n2))	(multiply-duration 0.125 (transpose-diatonic bb-1 n2))
TR	rel-pitch-7-to-7	1	true	n1 n2	(and (duration>= (duration n1) 1) (not (rest? n1)) (= (note-category n1) C) (= (relative-pitch n1) 7) (duration>= (duration n2) 1) (not (rest? n2)) (= (note-category n2) C) (= (relative-pitch n2) 7) (pitch>= n1 n2))	(multiply-duration 0.125 (make-rest n1))	(multiply-duration 0.125 (transpose-diatonic -2 n1))	(multiply-duration 0.125 (transpose-diatonic -1 n1))	(multiply-duration 0.125 (transpose-diatonic 1 n1))	(multiply-duration 0.125 (transpose-diatonic 3 n1))	(multiply-duration 0.125 (transpose-diatonic 1 n1))	(multiply-duration 0.125 (transpose-diatonic 2 n1))	(multiply-duration 0.125 (transpose-diatonic 3 n1))	(multiply-duration 0.125 (transpose-diatonic 4 n2))	(multiply-duration 0.125 (transpose-diatonic -2 n2))	(multiply-duration 0.125 (transpose-diatonic 1 n2))	(multiply-duration 0.125 (transpose-diatonic 3 n2))	(multiply-duration 0.125 (transpose-diatonic 2 n2))	(multiply-duration 0.125 (transpose-diatonic -2 n2))	(multiply-duration 0.25 (transpose-diatonic -4 n2))
TR	rel-pitch-7-to-3	1	true	n1 n2	(and (duration>= (duration n1) 1) (not (rest? n1)) (= (note-category n1) C) (= (relative-pitch n1) 7) (duration>= (duration n2) 1) (not (rest? n2)) (= (note-category n2) C) (= (relative-pitch n2) 3) (pitch< n1 n2))	(multiply-duration 0.125 (transpose-diatonic -2 n1))	(multiply-duration 0.125 (transpose-diatonic -1 n1))	(multiply-duration 0.125 (transpose-diatonic 2 n1))	(multiply-duration 0.125 (transpose-diatonic b4 n1))	(multiply-duration 0.125 (transpose-diatonic 4 n1))	(multiply-duration 0.125 (transpose-diatonic -2 n1))	(multiply-duration 0.25 (make-rest n1))	(multiply-duration 0.625 (make-rest n2))	(multiply-duration 0.125 (transpose-diatonic b1 n2))	(multiply-duration 0.125 (transpose-diatonic 1 n2))	(multiply-duration 0.125 (transpose-diatonic 3 n2))
TR	rel-pitch-7-to-3	1	true	n1 n2	(and (duration>= (duration n1) 1) (not (rest? n1)) (= (note-category n1) C) (= (relative-pitch n1) 7) (duration>= (duration n2) 1) (not (rest? n2)) (= (note-category n2) C) (= (relative-pitch n2) 3) (pitch>= n1 n2))	(multiply-duration 0.125 (transpose-diatonic -3 n1))	(multiply-duration 0.125 (transpose-diatonic #-2 n1))	(multiply-duration 0.125 (transpose-diatonic #-1 n1))	(multiply-duration 0.125 (transpose-diatonic 2 n1))	(multiply-duration 0.25 (transpose-diatonic 5 n1))	(multiply-duration 0.125 (transpose-diatonic #-4 n1))	(multiply-duration 0.125 (transpose-diatonic -2 n1))	(multiply-duration 0.125 (transpose-diatonic b1 n2))	(multiply-duration 0.125 (transpose-diatonic #2 n2))	(multiply-duration 0.125 (transpose-diatonic 2 n2))	(multiply-duration 0.125 (transpose-diatonic 1 n2))	(multiply-duration 0.125 (transpose-diatonic b1 n2))	(multiply-duration 0.125 (transpose-diatonic -1 n2))	(multiply-duration 0.125 (transpose-diatonic b-1 n2))	(multiply-duration 0.125 (transpose-diatonic #-3 n2))
TR	rel-pitch-7-to-5	1	true	n1 n2	(and (duration>= (duration n1) 1) (not (rest? n1)) (= (note-category n1) C) (= (relative-pitch n1) 7) (duration>= (duration n2) 1) (not (rest? n2)) (= (note-category n2) C) (= (relative-pitch n2) 5) (pitch< n1 n2))	(multiply-duration 0.125 (transpose-diatonic -1 n1))	(multiply-duration 0.125 (transpose-diatonic b-2 n1))	(multiply-duration 0.125 (transpose-diatonic -2 n1))	(multiply-duration 0.125 (transpose-diatonic -1 n1))	(multiply-duration 0.125 (transpose-diatonic b1 n1))	(multiply-duration 0.125 (transpose-diatonic 2 n1))	(multiply-duration 0.125 (transpose-diatonic 3 n1))	(multiply-duration 0.125 (transpose-diatonic 5 n1))	(multiply-duration 0.125 (transpose-diatonic -2 n2))	(multiply-duration 0.125 (transpose-diatonic -1 n2))	(multiply-duration 0.125 (transpose-diatonic 1 n2))	(multiply-duration 0.125 (transpose-diatonic b3 n2))	(multiply-duration 0.25 (transpose-diatonic 6 n2))	(multiply-duration 0.25 (make-rest n2))
TR	rel-pitch-7-to-1	1	true	n1 n2	(and (duration>= (duration n1) 1) (not (rest? n1)) (= (note-category n1) C) (= (relative-pitch n1) 7) (duration>= (duration n2) 1) (not (rest? n2)) (= (note-category n2) C) (= (relative-pitch n2) 1) (pitch< n1 n2))	(multiply-duration 0.125 (transpose-diatonic b-1 n1))	(multiply-duration 0.125 (transpose-diatonic -3 n1))	(multiply-duration 0.125 (transpose-diatonic b-2 n1))	(multiply-duration 0.125 (transpose-diatonic b-1 n1))	(multiply-duration 0.125 (transpose-diatonic -1 n1))	(multiply-duration 0.125 (transpose-diatonic #1 n1))	(multiply-duration 0.125 (transpose-diatonic b3 n1))	(multiply-duration 0.125 (transpose-diatonic 4 n1))	(multiply-duration 0.125 (transpose-diatonic b3 n2))	(multiply-duration 0.125 (transpose-diatonic 3 n2))	(multiply-duration 0.125 (transpose-diatonic b3 n2))	(multiply-duration 0.125 (transpose-diatonic b2 n2))	(multiply-duration 0.125 (transpose-diatonic 1 n2))	(multiply-duration 0.125 (transpose-diatonic -1 n2))	(multiply-duration 0.125 (transpose-diatonic -2 n2))	(multiply-duration 0.125 (transpose-diatonic -3 n2))
TR	rel-pitch-7-to-5	1	true	n1 n2	(and (duration>= (duration n1) 1) (not (rest? n1)) (= (note-category n1) C) (= (relative-pitch n1) 7) (duration>= (duration n2) 1) (not (rest? n2)) (= (note-category n2) C) (= (relative-pitch n2) 5) (pitch< n1 n2))	(multiply-duration 0.125 (transpose-diatonic 4 n1))	(multiply-duration 0.125 (transpose-diatonic 2 n1))	(multiply-duration 0.125 (transpose-diatonic -1 n1))	(multiply-duration 0.125 (transpose-diatonic #-2 n1))	(multiply-duration 0.125 (transpose-diatonic -2 n1))	(multiply-duration 0.125 (transpose-diatonic -1 n1))	(multiply-duration 0.125 (transpose-diatonic 2 n1))	(multiply-duration 0.125 (transpose-diatonic b4 n1))	(multiply-duration 0.125 (transpose-diatonic -2 n2))	(multiply-duration 0.125 (transpose-diatonic 2 n2))	(multiply-duration 0.25 (transpose-diatonic -2 n2))	(multiply-duration 0.25 (transpose-diatonic 1 n2))	(multiply-duration 0.25 (make-rest n2))
TR	rel-pitch-7-to-7	1	true	n1 n2	(and (duration>= (duration n1) 1) (not (rest? n1)) (= (note-category n1) C) (= (relative-pitch n1) 7) (duration>= (duration n2) 1) (not (rest? n2)) (= (note-category n2) C) (= (relative-pitch n2) 7) (pitch>= n1 n2))	(multiply-duration 0.125 (transpose-diatonic 5 n1))	(multiply-duration 0.125 (transpose-diatonic 4 n1))	(multiply-duration 0.125 (transpose-diatonic 3 n1))	(multiply-duration 0.125 (transpose-diatonic b3 n1))	(multiply-duration 0.125 (transpose-diatonic 2 n1))	(multiply-duration 0.125 (transpose-diatonic b1 n1))	(multiply-duration 0.125 (transpose-diatonic -3 n1))	(multiply-duration 0.125 (transpose-diatonic -5 n1))	(multiply-duration 0.25 (transpose-diatonic -1 n2))	(multiply-duration 0.75 (make-rest n2))
TR	rel-pitch-7-to-3	1	true	n1 n2	(and (duration>= (duration n1) 1) (not (rest? n1)) (= (note-category n1) C) (= (relative-pitch n1) 7) (duration>= (duration n2) 1) (not (rest? n2)) (= (note-category n2) C) (= (relative-pitch n2) 3) (pitch>= n1 n2))	(multiply-duration 0.125 (transpose-diatonic -1 n1))	(multiply-duration 0.125 (transpose-diatonic #-4 n1))	(multiply-duration 0.125 (transpose-diatonic -1 n1))	(multiply-duration 0.125 (transpose-diatonic #1 n1))	(multiply-duration 0.125 (transpose-diatonic #-1 n1))	(multiply-duration 0.125 (transpose-diatonic -3 n1))	(multiply-duration 0.125 (transpose-diatonic #-1 n1))	(multiply-duration 0.125 (transpose-diatonic 2 n1))	(multiply-duration 0.125 (transpose-diatonic 2 n2))	(multiply-duration 0.125 (transpose-diatonic b-1 n2))	(multiply-duration 0.125 (transpose-diatonic 2 n2))	(multiply-duration 0.125 (transpose-diatonic #3 n2))	(multiply-duration 0.125 (transpose-diatonic #2 n2))	(multiply-duration 0.125 (transpose-diatonic -1 n2))	(multiply-duration 0.25 (make-rest n2))
TR	rel-pitch-7-to-1	1	true	n1 n2	(and (duration>= (duration n1) 1) (not (rest? n1)) (= (note-category n1) C) (= (relative-pitch n1) 7) (duration>= (duration n2) 1) (not (rest? n2)) (= (note-category n2) C) (= (relative-pitch n2) 1) (pitch>= n1 n2))	(multiply-duration 0.5 (make-rest n1))	(multiply-duration 0.25 (transpose-diatonic -1 n1))	(multiply-duration 0.125 (transpose-diatonic -1 n1))	(multiply-duration 0.0625 (transpose-diatonic 1 n1))	(multiply-duration 0.0625 (transpose-diatonic -1 n1))	(multiply-duration 0.125 (transpose-diatonic b2 n2))	(multiply-duration 0.125 (transpose-diatonic #-3 n2))	(multiply-duration 0.25 (transpose-diatonic -5 n2))	(multiply-duration 0.08333333333333333 (transpose-diatonic b3 n2))	(multiply-duration 0.08333333333333333 (transpose-diatonic 4 n2))	(multiply-duration 0.08333333333333333 (transpose-diatonic b3 n2))	(multiply-duration 0.125 (transpose-diatonic b2 n2))	(multiply-duration 0.125 (transpose-diatonic #-3 n2))
TR	rel-pitch-7-to-7	1	true	n1 n2	(and (duration>= (duration n1) 1) (not (rest? n1)) (= (note-category n1) C) (= (relative-pitch n1) 7) (duration>= (duration n2) 1) (not (rest? n2)) (= (note-category n2) C) (= (relative-pitch n2) 7) (pitch< n1 n2))	(multiply-duration 0.125 (transpose-diatonic -6 n1))	(multiply-duration 0.125 (transpose-diatonic -2 n1))	(multiply-duration 0.125 (transpose-diatonic 3 n1))	(multiply-duration 0.125 (transpose-diatonic 1 n1))	(multiply-duration 0.125 (transpose-diatonic 2 n1))	(multiply-duration 0.125 (transpose-diatonic 3 n1))	(multiply-duration 0.125 (transpose-diatonic 4 n1))	(multiply-duration 0.125 (transpose-diatonic 6 n1))	(multiply-duration 0.125 (transpose-diatonic 1 n2))	(multiply-duration 0.125 (transpose-diatonic 3 n2))	(multiply-duration 0.125 (transpose-diatonic 1 n2))	(multiply-duration 0.125 (transpose-diatonic -2 n2))	(multiply-duration 0.25 (transpose-diatonic -4 n2))	(multiply-duration 0.125 (transpose-diatonic b1 n2))	(multiply-duration 0.125 (transpose-diatonic b4 n2))
TR	rel-pitch-7-to-1	1	true	n1 n2	(and (duration>= (duration n1) 1) (not (rest? n1)) (= (note-category n1) C) (= (relative-pitch n1) 7) (duration>= (duration n2) 1) (not (rest? n2)) (= (note-category n2) C) (= (relative-pitch n2) 1) (pitch>= n1 n2))	(multiply-duration 0.125 (transpose-diatonic 5 n1))	(multiply-duration 0.125 (transpose-diatonic 3 n1))	(multiply-duration 0.125 (transpose-diatonic 1 n1))	(multiply-duration 0.125 (transpose-diatonic -2 n1))	(multiply-duration 0.125 (transpose-diatonic -3 n1))	(multiply-duration 0.125 (transpose-diatonic -4 n1))	(multiply-duration 0.25 (make-rest n1))	(multiply-duration 0.75 (make-rest n2))	(multiply-duration 0.125 (make-rest n2))	(multiply-duration 0.125 (transpose-diatonic 1 n2))
TR	rel-pitch-7-to-5	1	true	n1 n2	(and (duration>= (duration n1) 1) (not (rest? n1)) (= (note-category n1) C) (= (relative-pitch n1) 7) (duration>= (duration n2) 1) (not (rest? n2)) (= (note-category n2) C) (= (relative-pitch n2) 5) (pitch>= n1 n2))	(multiply-duration 0.125 (transpose-diatonic b-1 n1))	(multiply-duration 0.125 (transpose-diatonic b1 n1))	(multiply-duration 0.125 (transpose-diatonic 1 n1))	(multiply-duration 0.125 (transpose-diatonic b3 n1))	(multiply-duration 0.125 (transpose-diatonic b1 n1))	(multiply-duration 0.125 (transpose-diatonic b-1 n1))	(multiply-duration 0.125 (transpose-diatonic -2 n1))	(multiply-duration 0.125 (transpose-diatonic -3 n1))	(multiply-duration 0.125 (transpose-diatonic -2 n2))	(multiply-duration 0.125 (transpose-diatonic -1 n2))	(multiply-duration 0.125 (transpose-diatonic 1 n2))	(multiply-duration 0.125 (transpose-diatonic 2 n2))	(multiply-duration 0.125 (transpose-diatonic 3 n2))	(multiply-duration 0.125 (transpose-diatonic 1 n2))	(multiply-duration 0.25 (make-rest n2))
TR	rel-pitch-7-to-1	1	true	n1 n2	(and (duration>= (duration n1) 1) (not (rest? n1)) (= (note-category n1) C) (= (relative-pitch n1) 7) (duration>= (duration n2) 1) (not (rest? n2)) (= (note-category n2) C) (= (relative-pitch n2) 1) (pitch>= n1 n2))	(multiply-duration 0.5 (make-rest n1))	(multiply-duration 0.125 (transpose-diatonic #-2 n1))	(multiply-duration 0.125 (transpose-diatonic #3 n1))	(multiply-duration 0.125 (transpose-diatonic #1 n1))	(multiply-duration 0.125 (transpose-diatonic #-2 n1))	(multiply-duration 0.125 (transpose-diatonic 1 n2))	(multiply-duration 0.125 (transpose-diatonic 5 n2))	(multiply-duration 0.125 (transpose-diatonic 3 n2))	(multiply-duration 0.125 (transpose-diatonic 1 n2))	(multiply-duration 0.25 (transpose-diatonic -2 n2))	(multiply-duration 0.125 (transpose-diatonic b2 n2))	(multiply-duration 0.125 (transpose-diatonic #-1 n2))
TR	rel-pitch-7-to-1	1	true	n1 n2	(and (duration>= (duration n1) 1) (not (rest? n1)) (= (note-category n1) C) (= (relative-pitch n1) 7) (duration>= (duration n2) 1) (not (rest? n2)) (= (note-category n2) C) (= (relative-pitch n2) 1) (pitch< n1 n2))	(multiply-duration 0.125 (transpose-diatonic -4 n1))	(multiply-duration 0.125 (transpose-diatonic -2 n1))	(multiply-duration 0.125 (transpose-diatonic -1 n1))	(multiply-duration 0.125 (transpose-diatonic -2 n1))	(multiply-duration 0.25 (transpose-diatonic 2 n1))	(multiply-duration 0.125 (transpose-diatonic 4 n1))	(multiply-duration 0.125 (transpose-diatonic 5 n1))	(multiply-duration 0.125 (transpose-diatonic 3 n2))	(multiply-duration 0.125 (transpose-diatonic 1 n2))	(multiply-duration 0.125 (transpose-diatonic -3 n2))	(multiply-duration 0.125 (transpose-diatonic 1 n2))	(multiply-duration 0.125 (transpose-diatonic 3 n2))	(multiply-duration 0.125 (transpose-diatonic 4 n2))	(multiply-duration 0.125 (transpose-diatonic 3 n2))	(multiply-duration 0.125 (transpose-diatonic 1 n2))
TR	rel-pitch-7-to-1	1	true	n1 n2	(and (duration>= (duration n1) 1) (not (rest? n1)) (= (note-category n1) C) (= (relative-pitch n1) 7) (duration>= (duration n2) 1) (not (rest? n2)) (= (note-category n2) C) (= (relative-pitch n2) 1) (pitch>= n1 n2))	(multiply-duration 0.125 (make-rest n1))	(multiply-duration 0.125 (transpose-diatonic 4 n1))	(multiply-duration 0.125 (transpose-diatonic #1 n1))	(multiply-duration 0.125 (transpose-diatonic -1 n1))	(multiply-duration 0.125 (transpose-diatonic 3 n1))	(multiply-duration 0.125 (transpose-diatonic 1 n1))	(multiply-duration 0.125 (transpose-diatonic -2 n1))	(multiply-duration 0.125 (transpose-diatonic -4 n1))	(multiply-duration 0.125 (transpose-diatonic 4 n2))	(multiply-duration 0.125 (transpose-diatonic 3 n2))	(multiply-duration 0.125 (transpose-diatonic b3 n2))	(multiply-duration 0.125 (transpose-diatonic 2 n2))	(multiply-duration 0.125 (transpose-diatonic b2 n2))	(multiply-duration 0.125 (transpose-diatonic #-1 n2))	(multiply-duration 0.125 (transpose-diatonic 1 n2))	(multiply-duration 0.125 (transpose-diatonic -1 n2))
TR	rel-pitch-7-to-5	1	true	n1 n2	(and (duration>= (duration n1) 1) (not (rest? n1)) (= (note-category n1) C) (= (relative-pitch n1) 7) (duration>= (duration n2) 1) (not (rest? n2)) (= (note-category n2) C) (= (relative-pitch n2) 5) (pitch>= n1 n2))	(multiply-duration 0.125 (transpose-diatonic 5 n1))	(multiply-duration 0.125 (transpose-diatonic 4 n1))	(multiply-duration 0.125 (transpose-diatonic 1 n1))	(multiply-duration 0.125 (transpose-diatonic 3 n1))	(multiply-duration 0.125 (transpose-diatonic 2 n1))	(multiply-duration 0.125 (transpose-diatonic -2 n1))	(multiply-duration 0.125 (transpose-diatonic -4 n1))	(multiply-duration 0.125 (transpose-diatonic -6 n1))	(multiply-duration 0.25 (transpose-diatonic -1 n2))	(multiply-duration 0.75 (make-rest n2))
TR	rel-pitch-7-to-7	1	true	n1 n2	(and (duration>= (duration n1) 1) (not (rest? n1)) (= (note-category n1) C) (= (relative-pitch n1) 7) (duration>= (duration n2) 1) (not (rest? n2)) (= (note-category n2) C) (= (relative-pitch n2) 7) (pitch< n1 n2))	(multiply-duration 0.125 (transpose-diatonic 4 n1))	(multiply-duration 0.125 (transpose-diatonic 2 n1))	(multiply-duration 0.125 (transpose-diatonic -1 n1))	(multiply-duration 0.125 (transpose-diatonic -2 n1))	(multiply-duration 0.125 (transpose-diatonic 3 n1))	(multiply-duration 0.125 (transpose-diatonic 1 n1))	(multiply-duration 0.125 (transpose-diatonic 2 n1))	(multiply-duration 0.125 (transpose-diatonic 3 n1))	(multiply-duration 0.125 (transpose-diatonic -4 n2))	(multiply-duration 0.125 (transpose-diatonic -2 n2))	(multiply-duration 0.125 (transpose-diatonic b1 n2))	(multiply-duration 0.125 (transpose-diatonic 3 n2))	(multiply-duration 0.125 (transpose-diatonic #-2 n2))	(multiply-duration 0.125 (transpose-diatonic -1 n2))	(multiply-duration 0.125 (transpose-diatonic 2 n2))	(multiply-duration 0.125 (transpose-diatonic -1 n2))
TR	rel-pitch-7-to-7	1	true	n1 n2	(and (duration>= (duration n1) 1) (not (rest? n1)) (= (note-category n1) C) (= (relative-pitch n1) 7) (duration>= (duration n2) 1) (not (rest? n2)) (= (note-category n2) C) (= (relative-pitch n2) 7) (pitch< n1 n2))	(multiply-duration 0.125 (make-rest n1))	(multiply-duration 0.125 (transpose-diatonic 2 n1))	(multiply-duration 0.08333333333333333 (transpose-diatonic #1 n1))	(multiply-duration 0.08333333333333333 (transpose-diatonic 1 n1))	(multiply-duration 0.08333333333333333 (transpose-diatonic #-1 n1))	(multiply-duration 0.125 (transpose-diatonic -1 n1))	(multiply-duration 0.125 (transpose-diatonic #-2 n1))	(multiply-duration 0.125 (transpose-diatonic -2 n1))	(multiply-duration 0.125 (transpose-diatonic -1 n1))	(multiply-duration 0.125 (transpose-diatonic -4 n2))	(multiply-duration 0.125 (transpose-diatonic #-3 n2))	(multiply-duration 0.125 (transpose-diatonic #-2 n2))	(multiply-duration 0.125 (transpose-diatonic #1 n2))	(multiply-duration 0.125 (transpose-diatonic b3 n2))	(multiply-duration 0.125 (transpose-diatonic #1 n2))	(multiply-duration 0.125 (transpose-diatonic 2 n2))	(multiply-duration 0.125 (transpose-diatonic 1 n2))
TR	rel-pitch-7-to-7	1	true	n1 n2	(and (duration>= (duration n1) 1) (not (rest? n1)) (= (note-category n1) C) (= (relative-pitch n1) 7) (duration>= (duration n2) 1) (not (rest? n2)) (= (note-category n2) C) (= (relative-pitch n2) 7) (pitch>= n1 n2))	(multiply-duration 0.125 (transpose-diatonic 2 n1))	(multiply-duration 0.125 (transpose-diatonic b3 n1))	(multiply-duration 0.125 (transpose-diatonic 3 n1))	(multiply-duration 0.125 (transpose-diatonic b3 n1))	(multiply-duration 0.125 (transpose-diatonic 2 n1))	(multiply-duration 0.125 (transpose-diatonic b1 n1))	(multiply-duration 0.125 (transpose-diatonic b-2 n1))	(multiply-duration 0.125 (transpose-diatonic -5 n1))	(multiply-duration 0.25 (transpose-diatonic -1 n2))	(multiply-duration 0.75 (make-rest n2))
TR	rel-pitch-7-to-7	1	true	n1 n2	(and (duration>= (duration n1) 1) (not (rest? n1)) (= (note-category n1) C) (= (relative-pitch n1) 7) (duration>= (duration n2) 1) (not (rest? n2)) (= (note-category n2) C) (= (relative-pitch n2) 7) (pitch>= n1 n2))	(multiply-duration 0.125 (transpose-diatonic -2 n1))	(multiply-duration 0.125 (transpose-diatonic 3 n1))	(multiply-duration 0.125 (transpose-diatonic 1 n1))	(multiply-duration 0.125 (transpose-diatonic -2 n1))	(multiply-duration 0.25 (transpose-diatonic -4 n1))	(multiply-duration 0.125 (transpose-diatonic -2 n1))	(multiply-duration 0.125 (transpose-diatonic 3 n1))	(multiply-duration 0.125 (transpose-diatonic b3 n2))	(multiply-duration 0.125 (transpose-diatonic 1 n2))	(multiply-duration 0.125 (transpose-diatonic b1 n2))	(multiply-duration 0.125 (transpose-diatonic -1 n2))	(multiply-duration 0.125 (transpose-diatonic #-2 n2))	(multiply-duration 0.125 (transpose-diatonic #-3 n2))	(multiply-duration 0.125 (transpose-diatonic -2 n2))	(multiply-duration 0.125 (transpose-diatonic -1 n2))
TR	rel-pitch-7-to-1	1	true	n1 n2	(and (duration>= (duration n1) 1) (not (rest? n1)) (= (note-category n1) C) (= (relative-pitch n1) 7) (duration>= (duration n2) 1) (not (rest? n2)) (= (note-category n2) C) (= (relative-pitch n2) 1) (pitch>= n1 n2))	(multiply-duration 0.125 (make-rest n1))	(multiply-duration 0.875 (transpose-diatonic 1 n1))	(multiply-duration 0.125 (transpose-diatonic 3 n2))	(multiply-duration 0.125 (transpose-diatonic b3 n2))	(multiply-duration 0.125 (transpose-diatonic 2 n2))	(multiply-duration 0.125 (transpose-diatonic b2 n2))	(multiply-duration 0.125 (transpose-diatonic 1 n2))	(multiply-duration 0.125 (transpose-diatonic #-1 n2))	(multiply-duration 0.125 (transpose-diatonic -1 n2))	(multiply-duration 0.125 (transpose-diatonic -2 n2))
TR	rel-pitch-7-to-3	1	true	n1 n2	(and (duration>= (duration n1) 1) (not (rest? n1)) (= (note-category n1) C) (= (relative-pitch n1) 7) (duration>= (duration n2) 1) (not (rest? n2)) (= (note-category n2) C) (= (relative-pitch n2) 3) (pitch>= n1 n2))	(multiply-duration 0.125 (transpose-diatonic -2 n1))	(multiply-duration 0.125 (transpose-diatonic -1 n1))	(multiply-duration 0.125 (transpose-diatonic #-1 n1))	(multiply-duration 0.125 (transpose-diatonic 3 n1))	(multiply-duration 0.125 (transpose-diatonic -1 n1))	(multiply-duration 0.125 (transpose-diatonic #-2 n1))	(multiply-duration 0.125 (transpose-diatonic -2 n1))	(multiply-duration 0.125 (transpose-diatonic -1 n1))	(multiply-duration 0.125 (transpose-diatonic 1 n2))	(multiply-duration 0.125 (transpose-diatonic #3 n2))	(multiply-duration 0.125 (transpose-diatonic b1 n2))	(multiply-duration 0.125 (transpose-diatonic -1 n2))	(multiply-duration 0.125 (transpose-diatonic b-1 n2))	(multiply-duration 0.125 (transpose-diatonic b1 n2))	(multiply-duration 0.125 (transpose-diatonic 1 n2))	(multiply-duration 0.125 (transpose-diatonic #3 n2))
TR	rel-pitch-7-to-3	1	true	n1 n2	(and (duration>= (duration n1) 1) (not (rest? n1)) (= (note-category n1) C) (= (relative-pitch n1) 7) (duration>= (duration n2) 1) (not (rest? n2)) (= (note-category n2) C) (= (relative-pitch n2) 3) (pitch< n1 n2))	(multiply-duration 0.125 (transpose-diatonic -4 n1))	(multiply-duration 0.125 (transpose-diatonic -3 n1))	(multiply-duration 0.125 (transpose-diatonic -2 n1))	(multiply-duration 0.125 (transpose-diatonic b1 n1))	(multiply-duration 0.125 (transpose-diatonic 5 n1))	(multiply-duration 0.125 (transpose-diatonic 3 n1))	(multiply-duration 0.25 (make-rest n1))	(multiply-duration 0.625 (make-rest n2))	(multiply-duration 0.125 (transpose-diatonic -1 n2))	(multiply-duration 0.125 (transpose-diatonic 2 n2))	(multiply-duration 0.125 (transpose-diatonic #1 n2))
TR	rel-pitch-7-to-3	1	true	n1 n2	(and (duration>= (duration n1) 1) (not (rest? n1)) (= (note-category n1) C) (= (relative-pitch n1) 7) (duration>= (duration n2) 1) (not (rest? n2)) (= (note-category n2) C) (= (relative-pitch n2) 3) (pitch< n1 n2))	(multiply-duration 0.125 (transpose-diatonic -1 n1))	(multiply-duration 0.125 (transpose-diatonic b-2 n1))	(multiply-duration 0.125 (transpose-diatonic -2 n1))	(multiply-duration 0.125 (transpose-diatonic -1 n1))	(multiply-duration 0.125 (transpose-diatonic b1 n1))	(multiply-duration 0.125 (transpose-diatonic 2 n1))	(multiply-duration 0.125 (transpose-diatonic 3 n1))	(multiply-duration 0.125 (transpose-diatonic #4 n1))	(multiply-duration 0.125 (transpose-diatonic 2 n2))	(multiply-duration 0.125 (transpose-diatonic -1 n2))	(multiply-duration 0.125 (transpose-diatonic b3 n2))	(multiply-duration 0.125 (transpose-diatonic -1 n2))	(multiply-duration 0.125 (transpose-diatonic 3 n2))	(multiply-duration 0.125 (transpose-diatonic 1 n2))	(multiply-duration 0.125 (transpose-diatonic b-3 n2))	(multiply-duration 0.125 (transpose-diatonic -5 n2))
TR	rel-pitch-7-to-1	1	true	n1 n2	(and (duration>= (duration n1) 1) (not (rest? n1)) (= (note-category n1) C) (= (relative-pitch n1) 7) (duration>= (duration n2) 1) (not (rest? n2)) (= (note-category n2) C) (= (relative-pitch n2) 1) (pitch>= n1 n2))	(multiply-duration 0.125 (make-rest n1))	(multiply-duration 0.125 (transpose-diatonic b1 n1))	(multiply-duration 0.125 (transpose-diatonic 1 n1))	(multiply-duration 0.125 (transpose-diatonic 3 n1))	(multiply-duration 0.125 (transpose-diatonic 2 n1))	(multiply-duration 0.125 (transpose-diatonic -2 n1))	(multiply-duration 0.125 (transpose-diatonic 1 n1))	(multiply-duration 0.125 (transpose-diatonic -1 n1))	(multiply-duration 0.125 (transpose-diatonic 5 n2))	(multiply-duration 0.125 (transpose-diatonic 3 n2))	(multiply-duration 0.125 (transpose-diatonic -1 n2))	(multiply-duration 0.125 (transpose-diatonic -3 n2))	(multiply-duration 0.125 (transpose-diatonic 2 n2))	(multiply-duration 0.125 (transpose-diatonic -1 n2))	(multiply-duration 0.125 (transpose-diatonic 1 n2))	(multiply-duration 0.125 (transpose-diatonic 2 n2))
TR	rel-pitch-7-to-6	1	true	n1 n2	(and (duration>= (duration n1) 1) (not (rest? n1)) (= (note-category n1) C) (= (relative-pitch n1) 7) (duration>= (duration n2) 1) (not (rest? n2)) (= (note-category n2) C) (= (relative-pitch n2) 6) (pitch< n1 n2))	(multiply-duration 0.125 (transpose-diatonic 3 n1))	(multiply-duration 0.125 (transpose-diatonic #1 n1))	(multiply-duration 0.125 (transpose-diatonic 2 n1))	(multiply-duration 0.125 (transpose-diatonic 3 n1))	(multiply-duration 0.125 (transpose-diatonic 4 n1))	(multiply-duration 0.125 (transpose-diatonic -3 n1))	(multiply-duration 0.125 (transpose-diatonic -2 n1))	(multiply-duration 0.125 (transpose-diatonic -3 n1))	(multiply-duration 0.25 (transpose-diatonic 1 n2))	(multiply-duration 0.125 (transpose-diatonic 3 n2))	(multiply-duration 0.125 (transpose-diatonic #-1 n2))	(multiply-duration 0.5 (make-rest n2))
TR	rel-pitch-7-to-5	1	true	n1 n2	(and (duration>= (duration n1) 1) (not (rest? n1)) (= (note-category n1) C) (= (relative-pitch n1) 7) (duration>= (duration n2) 1) (not (rest? n2)) (= (note-category n2) C) (= (relative-pitch n2) 5) (pitch>= n1 n2))	(multiply-duration 0.125 (transpose-diatonic 4 n1))	(multiply-duration 0.125 (transpose-diatonic 2 n1))	(multiply-duration 0.125 (transpose-diatonic -1 n1))	(multiply-duration 0.125 (transpose-diatonic -3 n1))	(multiply-duration 0.125 (transpose-diatonic 3 n1))	(multiply-duration 0.125 (transpose-diatonic 1 n1))	(multiply-duration 0.125 (transpose-diatonic 2 n1))	(multiply-duration 0.125 (transpose-diatonic 3 n1))	(multiply-duration 0.125 (transpose-diatonic 6 n2))	(multiply-duration 0.125 (transpose-diatonic 4 n2))	(multiply-duration 0.125 (transpose-diatonic 1 n2))	(multiply-duration 0.125 (transpose-diatonic -1 n2))	(multiply-duration 0.125 (transpose-diatonic -2 n2))	(multiply-duration 0.125 (transpose-diatonic -4 n2))	(multiply-duration 0.0625 (transpose-diatonic -3 n2))	(multiply-duration 0.0625 (transpose-diatonic -2 n2))	(multiply-duration 0.125 (transpose-diatonic 1 n2))
TR	rel-pitch-7	1	true	n1	(and (duration>= (duration n1) 1) (not (rest? n1)) (= (note-category n1) C) (= (relative-pitch n1) 7))	(multiply-duration 0.375 (make-rest n1))	(multiply-duration 0.125 (transpose-diatonic 2 n1))	(multiply-duration 0.125 (transpose-diatonic 1 n1))	(multiply-duration 0.125 (transpose-diatonic 3 n1))	(multiply-duration 0.125 (transpose-diatonic 2 n1))	(multiply-duration 0.125 (transpose-diatonic -1 n1))
TR	rel-pitch-7	2	true	n1	(and (duration>= (duration n1) 1) (not (rest? n1)) (= (note-category n1) C) (= (relative-pitch n1) 7))	(multiply-duration 1.0 (transpose-diatonic 1 n1))
TR	rel-pitch-7	1	true	n1	(and (duration>= (duration n1) 1) (not (rest? n1)) (= (note-category n1) C) (= (relative-pitch n1) 7))	(multiply-duration 0.25 (transpose-diatonic 4 n1))	(multiply-duration 0.125 (transpose-diatonic 2 n1))	(multiply-duration 0.125 (transpose-diatonic b-1 n1))	(multiply-duration 0.125 (transpose-diatonic -3 n1))	(multiply-duration 0.125 (transpose-diatonic -2 n1))	(multiply-duration 0.125 (transpose-diatonic b-1 n1))	(multiply-duration 0.125 (transpose-diatonic -1 n1))
TR	rel-pitch-7	1	true	n1	(and (duration>= (duration n1) 1) (not (rest? n1)) (= (note-category n1) C) (= (relative-pitch n1) 7))	(multiply-duration 0.125 (transpose-diatonic b3 n1))	(multiply-duration 0.125 (transpose-diatonic 2 n1))	(multiply-duration 0.125 (transpose-diatonic 1 n1))	(multiply-duration 0.125 (transpose-diatonic #-2 n1))	(multiply-duration 0.125 (transpose-diatonic -1 n1))	(multiply-duration 0.125 (transpose-diatonic 2 n1))	(multiply-duration 0.125 (transpose-diatonic -1 n1))	(multiply-duration 0.125 (transpose-diatonic -2 n1))
TR	rel-pitch-7	1	true	n1	(and (duration>= (duration n1) 1) (not (rest? n1)) (= (note-category n1) C) (= (relative-pitch n1) 7))	(multiply-duration 0.125 (make-rest n1))	(multiply-duration 0.125 (transpose-diatonic -1 n1))	(multiply-duration 0.125 (transpose-diatonic #-1 n1))	(multiply-duration 0.125 (transpose-diatonic 2 n1))	(multiply-duration 0.125 (transpose-diatonic #-1 n1))	(multiply-duration 0.125 (transpose-diatonic #-2 n1))	(multiply-duration 0.125 (transpose-diatonic -3 n1))	(multiply-duration 0.125 (transpose-diatonic #-2 n1))
TR	rel-pitch-7	1	true	n1	(and (duration>= (duration n1) 1) (not (rest? n1)) (= (note-category n1) C) (= (relative-pitch n1) 7))	(multiply-duration 0.25 (transpose-diatonic 2 n1))	(multiply-duration 0.125 (transpose-diatonic 2 n1))	(multiply-duration 0.125 (transpose-diatonic b1 n1))	(multiply-duration 0.125 (make-rest n1))	(multiply-duration 0.125 (transpose-diatonic b1 n1))	(multiply-duration 0.25 (transpose-diatonic -2 n1))
TR	rel-pitch-7	1	true	n1	(and (duration>= (duration n1) 1) (not (rest? n1)) (= (note-category n1) C) (= (relative-pitch n1) 7))	(multiply-duration 0.25 (transpose-diatonic #3 n1))	(multiply-duration 0.125 (transpose-diatonic 5 n1))	(multiply-duration 0.125 (transpose-diatonic 4 n1))	(multiply-duration 0.125 (make-rest n1))	(multiply-duration 0.125 (transpose-diatonic 1 n1))	(multiply-duration 0.125 (transpose-diatonic -2 n1))	(multiply-duration 0.125 (transpose-diatonic -4 n1))
TR	rel-pitch-7	1	true	n1	(and (duration>= (duration n1) 1) (not (rest? n1)) (= (note-category n1) C) (= (relative-pitch n1) 7))	(multiply-duration 0.875 (transpose-diatonic 1 n1))	(multiply-duration 0.125 (transpose-diatonic -1 n1))
TR	rel-pitch-7	1	true	n1	(and (duration>= (duration n1) 1) (not (rest? n1)) (= (note-category n1) C) (= (relative-pitch n1) 7))	(multiply-duration 0.125 (transpose-diatonic 1 n1))	(multiply-duration 0.125 (transpose-diatonic b3 n1))	(multiply-duration 0.125 (transpose-diatonic 2 n1))	(multiply-duration 0.125 (transpose-diatonic #-2 n1))	(multiply-duration 0.5 (make-rest n1))
TR	rel-pitch-7	1	true	n1	(and (duration>= (duration n1) 1) (not (rest? n1)) (= (note-category n1) C) (= (relative-pitch n1) 7))	(multiply-duration 0.125 (make-rest n1))	(multiply-duration 0.125 (transpose-diatonic 4 n1))	(multiply-duration 0.125 (transpose-diatonic 2 n1))	(multiply-duration 0.125 (transpose-diatonic -1 n1))	(multiply-duration 0.125 (transpose-diatonic 3 n1))	(multiply-duration 0.125 (transpose-diatonic #1 n1))	(multiply-duration 0.125 (transpose-diatonic -2 n1))	(multiply-duration 0.125 (transpose-diatonic -4 n1))
TR	rel-pitch-7	1	true	n1	(and (duration>= (duration n1) 1) (not (rest? n1)) (= (note-category n1) C) (= (relative-pitch n1) 7))	(multiply-duration 0.125 (transpose-diatonic -4 n1))	(multiply-duration 0.125 (transpose-diatonic -2 n1))	(multiply-duration 0.125 (transpose-diatonic 1 n1))	(multiply-duration 0.125 (transpose-diatonic 3 n1))	(multiply-duration 0.5 (make-rest n1))
TR	rel-pitch-7	1	true	n1	(and (duration>= (duration n1) 1) (not (rest? n1)) (= (note-category n1) C) (= (relative-pitch n1) 7))	(multiply-duration 0.125 (transpose-diatonic #6 n1))	(multiply-duration 0.125 (transpose-diatonic 4 n1))	(multiply-duration 0.125 (transpose-diatonic b3 n1))	(multiply-duration 0.125 (transpose-diatonic -1 n1))	(multiply-duration 0.125 (transpose-diatonic #-3 n1))	(multiply-duration 0.125 (transpose-diatonic b-4 n1))	(multiply-duration 0.125 (transpose-diatonic #1 n1))	(multiply-duration 0.125 (transpose-diatonic -1 n1))
TR	rel-pitch-7	1	true	n1	(and (duration>= (duration n1) 1) (not (rest? n1)) (= (note-category n1) C) (= (relative-pitch n1) 7))	(multiply-duration 0.125 (transpose-diatonic 4 n1))	(multiply-duration 0.125 (transpose-diatonic -2 n1))	(multiply-duration 0.125 (transpose-diatonic 1 n1))	(multiply-duration 0.125 (transpose-diatonic 3 n1))	(multiply-duration 0.125 (transpose-diatonic 2 n1))	(multiply-duration 0.125 (transpose-diatonic -2 n1))	(multiply-duration 0.25 (transpose-diatonic -4 n1))
TR	rel-pitch-7	1	true	n1	(and (duration>= (duration n1) 1) (not (rest? n1)) (= (note-category n1) C) (= (relative-pitch n1) 7))	(multiply-duration 0.125 (make-rest n1))	(multiply-duration 0.125 (transpose-diatonic -2 n1))	(multiply-duration 0.125 (transpose-diatonic -1 n1))	(multiply-duration 0.125 (transpose-diatonic 1 n1))	(multiply-duration 0.125 (transpose-diatonic 3 n1))	(multiply-duration 0.125 (transpose-diatonic 1 n1))	(multiply-duration 0.125 (transpose-diatonic 2 n1))	(multiply-duration 0.125 (transpose-diatonic 3 n1))
TR	rel-pitch-7	1	true	n1	(and (duration>= (duration n1) 1) (not (rest? n1)) (= (note-category n1) C) (= (relative-pitch n1) 7))	(multiply-duration 0.125 (transpose-diatonic 1 n1))	(multiply-duration 0.0625 (transpose-diatonic 2 n1))	(multiply-duration 0.0625 (transpose-diatonic b3 n1))	(multiply-duration 0.5 (transpose-diatonic 2 n1))	(multiply-duration 0.125 (transpose-diatonic 1 n1))	(multiply-duration 0.125 (transpose-diatonic #-2 n1))
TR	rel-pitch-7	1	true	n1	(and (duration>= (duration n1) 1) (not (rest? n1)) (= (note-category n1) C) (= (relative-pitch n1) 7))	(multiply-duration 0.125 (transpose-diatonic -2 n1))	(multiply-duration 0.125 (transpose-diatonic -1 n1))	(multiply-duration 0.125 (transpose-diatonic 2 n1))	(multiply-duration 0.125 (transpose-diatonic b4 n1))	(multiply-duration 0.125 (transpose-diatonic 4 n1))	(multiply-duration 0.125 (transpose-diatonic -2 n1))	(multiply-duration 0.25 (make-rest n1))
TR	rel-pitch-7	1	true	n1	(and (duration>= (duration n1) 1) (not (rest? n1)) (= (note-category n1) C) (= (relative-pitch n1) 7))	(multiply-duration 0.125 (transpose-diatonic -3 n1))	(multiply-duration 0.125 (transpose-diatonic #-2 n1))	(multiply-duration 0.125 (transpose-diatonic #-1 n1))	(multiply-duration 0.125 (transpose-diatonic 2 n1))	(multiply-duration 0.25 (transpose-diatonic 5 n1))	(multiply-duration 0.125 (transpose-diatonic #-4 n1))	(multiply-duration 0.125 (transpose-diatonic -2 n1))
TR	rel-pitch-7	1	true	n1	(and (duration>= (duration n1) 1) (not (rest? n1)) (= (note-category n1) C) (= (relative-pitch n1) 7))	(multiply-duration 0.125 (transpose-diatonic -1 n1))	(multiply-duration 0.125 (transpose-diatonic b-2 n1))	(multiply-duration 0.125 (transpose-diatonic -2 n1))	(multiply-duration 0.125 (transpose-diatonic -1 n1))	(multiply-duration 0.125 (transpose-diatonic b1 n1))	(multiply-duration 0.125 (transpose-diatonic 2 n1))	(multiply-duration 0.125 (transpose-diatonic 3 n1))	(multiply-duration 0.125 (transpose-diatonic 5 n1))
TR	rel-pitch-7	1	true	n1	(and (duration>= (duration n1) 1) (not (rest? n1)) (= (note-category n1) C) (= (relative-pitch n1) 7))	(multiply-duration 0.125 (transpose-diatonic -4 n1))	(multiply-duration 0.125 (transpose-diatonic -2 n1))	(multiply-duration 0.125 (transpose-diatonic 1 n1))	(multiply-duration 0.125 (transpose-diatonic 3 n1))	(multiply-duration 0.125 (make-rest n1))	(multiply-duration 0.125 (transpose-diatonic 3 n1))	(multiply-duration 0.125 (make-rest n1))	(multiply-duration 0.125 (transpose-diatonic 3 n1))
TR	rel-pitch-7	1	true	n1	(and (duration>= (duration n1) 1) (not (rest? n1)) (= (note-category n1) C) (= (relative-pitch n1) 7))	(multiply-duration 0.125 (transpose-diatonic b-1 n1))	(multiply-duration 0.125 (transpose-diatonic -3 n1))	(multiply-duration 0.125 (transpose-diatonic b-2 n1))	(multiply-duration 0.125 (transpose-diatonic b-1 n1))	(multiply-duration 0.125 (transpose-diatonic -1 n1))	(multiply-duration 0.125 (transpose-diatonic #1 n1))	(multiply-duration 0.125 (transpose-diatonic b3 n1))	(multiply-duration 0.125 (transpose-diatonic 4 n1))
TR	rel-pitch-7	1	true	n1	(and (duration>= (duration n1) 1) (not (rest? n1)) (= (note-category n1) C) (= (relative-pitch n1) 7))	(multiply-duration 0.125 (transpose-diatonic 4 n1))	(multiply-duration 0.125 (transpose-diatonic 2 n1))	(multiply-duration 0.125 (transpose-diatonic -1 n1))	(multiply-duration 0.125 (transpose-diatonic #-2 n1))	(multiply-duration 0.125 (transpose-diatonic -2 n1))	(multiply-duration 0.125 (transpose-diatonic -1 n1))	(multiply-duration 0.125 (transpose-diatonic 2 n1))	(multiply-duration 0.125 (transpose-diatonic b4 n1))
TR	rel-pitch-7	1	true	n1	(and (duration>= (duration n1) 1) (not (rest? n1)) (= (note-category n1) C) (= (relative-pitch n1) 7))	(multiply-duration 0.125 (transpose-diatonic b4 n1))	(multiply-duration 0.125 (transpose-diatonic 2 n1))	(multiply-duration 0.125 (transpose-diatonic #-2 n1))	(multiply-duration 0.125 (transpose-diatonic -3 n1))	(multiply-duration 0.125 (transpose-diatonic b3 n1))	(multiply-duration 0.125 (transpose-diatonic #1 n1))	(multiply-duration 0.125 (transpose-diatonic 2 n1))	(multiply-duration 0.125 (transpose-diatonic 1 n1))
TR	rel-pitch-7	2	true	n1	(and (duration>= (duration n1) 1) (not (rest? n1)) (= (note-category n1) C) (= (relative-pitch n1) 7))	(multiply-duration 0.25 (transpose-diatonic -1 n1))	(multiply-duration 0.75 (make-rest n1))
TR	rel-pitch-7	1	true	n1	(and (duration>= (duration n1) 1) (not (rest? n1)) (= (note-category n1) C) (= (relative-pitch n1) 7))	(multiply-duration 0.125 (transpose-diatonic 5 n1))	(multiply-duration 0.125 (transpose-diatonic 4 n1))	(multiply-duration 0.125 (transpose-diatonic 3 n1))	(multiply-duration 0.125 (transpose-diatonic b3 n1))	(multiply-duration 0.125 (transpose-diatonic 2 n1))	(multiply-duration 0.125 (transpose-diatonic b1 n1))	(multiply-duration 0.125 (transpose-diatonic -3 n1))	(multiply-duration 0.125 (transpose-diatonic -5 n1))
TR	rel-pitch-7	1	true	n1	(and (duration>= (duration n1) 1) (not (rest? n1)) (= (note-category n1) C) (= (relative-pitch n1) 7))	(multiply-duration 0.125 (transpose-diatonic 2 n1))	(multiply-duration 0.125 (transpose-diatonic 1 n1))	(multiply-duration 0.125 (transpose-diatonic b1 n1))	(multiply-duration 0.125 (transpose-diatonic -1 n1))	(multiply-duration 0.125 (transpose-diatonic #-2 n1))	(multiply-duration 0.125 (transpose-diatonic -2 n1))	(multiply-duration 0.125 (transpose-diatonic -1 n1))	(multiply-duration 0.125 (transpose-diatonic #-3 n1))
TR	rel-pitch-7	1	true	n1	(and (duration>= (duration n1) 1) (not (rest? n1)) (= (note-category n1) C) (= (relative-pitch n1) 7))	(multiply-duration 0.125 (transpose-diatonic -1 n1))	(multiply-duration 0.125 (transpose-diatonic #-4 n1))	(multiply-duration 0.125 (transpose-diatonic -1 n1))	(multiply-duration 0.125 (transpose-diatonic #1 n1))	(multiply-duration 0.125 (transpose-diatonic #-1 n1))	(multiply-duration 0.125 (transpose-diatonic -3 n1))	(multiply-duration 0.125 (transpose-diatonic #-1 n1))	(multiply-duration 0.125 (transpose-diatonic 2 n1))
TR	rel-pitch-7	1	true	n1	(and (duration>= (duration n1) 1) (not (rest? n1)) (= (note-category n1) C) (= (relative-pitch n1) 7))	(multiply-duration 0.625 (make-rest n1))	(multiply-duration 0.125 (transpose-diatonic b1 n1))	(multiply-duration 0.125 (make-rest n1))	(multiply-duration 0.125 (transpose-diatonic b1 n1))
TR	rel-pitch-7	1	true	n1	(and (duration>= (duration n1) 1) (not (rest? n1)) (= (note-category n1) C) (= (relative-pitch n1) 7))	(multiply-duration 0.5 (make-rest n1))	(multiply-duration 0.25 (transpose-diatonic -1 n1))	(multiply-duration 0.125 (transpose-diatonic -1 n1))	(multiply-duration 0.0625 (transpose-diatonic 1 n1))	(multiply-duration 0.0625 (transpose-diatonic -1 n1))
TR	rel-pitch-7	1	true	n1	(and (duration>= (duration n1) 1) (not (rest? n1)) (= (note-category n1) C) (= (relative-pitch n1) 7))	(multiply-duration 0.25 (transpose-diatonic 1 n1))	(multiply-duration 0.125 (transpose-diatonic 3 n1))	(multiply-duration 0.125 (transpose-diatonic -2 n1))	(multiply-duration 0.5 (make-rest n1))
TR	rel-pitch-7	1	true	n1	(and (duration>= (duration n1) 1) (not (rest? n1)) (= (note-category n1) C) (= (relative-pitch n1) 7))	(multiply-duration 0.125 (transpose-diatonic b4 n1))	(multiply-duration 0.125 (transpose-diatonic #1 n1))	(multiply-duration 0.125 (transpose-diatonic #-2 n1))	(multiply-duration 0.125 (transpose-diatonic -3 n1))	(multiply-duration 0.125 (transpose-diatonic b3 n1))	(multiply-duration 0.125 (transpose-diatonic #1 n1))	(multiply-duration 0.125 (transpose-diatonic 2 n1))	(multiply-duration 0.125 (transpose-diatonic 1 n1))
TR	rel-pitch-7	1	true	n1	(and (duration>= (duration n1) 1) (not (rest? n1)) (= (note-category n1) C) (= (relative-pitch n1) 7))	(multiply-duration 0.125 (transpose-diatonic 1 n1))	(multiply-duration 0.125 (transpose-diatonic 3 n1))	(multiply-duration 0.125 (transpose-diatonic 1 n1))	(multiply-duration 0.125 (transpose-diatonic -2 n1))	(multiply-duration 0.25 (transpose-diatonic -4 n1))	(multiply-duration 0.125 (transpose-diatonic b1 n1))	(multiply-duration 0.125 (transpose-diatonic b4 n1))
TR	rel-pitch-7	1	true	n1	(and (duration>= (duration n1) 1) (not (rest? n1)) (= (note-category n1) C) (= (relative-pitch n1) 7))	(multiply-duration 0.125 (transpose-diatonic -6 n1))	(multiply-duration 0.125 (transpose-diatonic -2 n1))	(multiply-duration 0.125 (transpose-diatonic 3 n1))	(multiply-duration 0.125 (transpose-diatonic 1 n1))	(multiply-duration 0.125 (transpose-diatonic 2 n1))	(multiply-duration 0.125 (transpose-diatonic 3 n1))	(multiply-duration 0.125 (transpose-diatonic 4 n1))	(multiply-duration 0.125 (transpose-diatonic 6 n1))
TR	rel-pitch-7	1	true	n1	(and (duration>= (duration n1) 1) (not (rest? n1)) (= (note-category n1) C) (= (relative-pitch n1) 7))	(multiply-duration 0.125 (transpose-diatonic 5 n1))	(multiply-duration 0.125 (transpose-diatonic 3 n1))	(multiply-duration 0.125 (transpose-diatonic 1 n1))	(multiply-duration 0.125 (transpose-diatonic -2 n1))	(multiply-duration 0.125 (transpose-diatonic -3 n1))	(multiply-duration 0.125 (transpose-diatonic -4 n1))	(multiply-duration 0.25 (make-rest n1))
TR	rel-pitch-7	1	true	n1	(and (duration>= (duration n1) 1) (not (rest? n1)) (= (note-category n1) C) (= (relative-pitch n1) 7))	(multiply-duration 0.125 (transpose-diatonic -4 n1))	(multiply-duration 0.125 (transpose-diatonic -3 n1))	(multiply-duration 0.125 (transpose-diatonic -2 n1))	(multiply-duration 0.125 (transpose-diatonic b1 n1))	(multiply-duration 0.08333333333333333 (transpose-diatonic 3 n1))	(multiply-duration 0.08333333333333333 (transpose-diatonic 4 n1))	(multiply-duration 0.08333333333333333 (transpose-diatonic #4 n1))	(multiply-duration 0.08333333333333333 (transpose-diatonic 5 n1))	(multiply-duration 0.08333333333333333 (transpose-diatonic #4 n1))	(multiply-duration 0.08333333333333333 (transpose-diatonic 4 n1))
TR	rel-pitch-7	1	true	n1	(and (duration>= (duration n1) 1) (not (rest? n1)) (= (note-category n1) C) (= (relative-pitch n1) 7))	(multiply-duration 0.125 (transpose-diatonic b-1 n1))	(multiply-duration 0.125 (transpose-diatonic b1 n1))	(multiply-duration 0.125 (transpose-diatonic 1 n1))	(multiply-duration 0.125 (transpose-diatonic b3 n1))	(multiply-duration 0.125 (transpose-diatonic b1 n1))	(multiply-duration 0.125 (transpose-diatonic b-1 n1))	(multiply-duration 0.125 (transpose-diatonic -2 n1))	(multiply-duration 0.125 (transpose-diatonic -3 n1))
TR	rel-pitch-7	1	true	n1	(and (duration>= (duration n1) 1) (not (rest? n1)) (= (note-category n1) C) (= (relative-pitch n1) 7))	(multiply-duration 0.125 (transpose-diatonic -4 n1))	(multiply-duration 0.125 (transpose-diatonic 2 n1))	(multiply-duration 0.625 (make-rest n1))	(multiply-duration 0.125 (transpose-diatonic b4 n1))
TR	rel-pitch-7	1	true	n1	(and (duration>= (duration n1) 1) (not (rest? n1)) (= (note-category n1) C) (= (relative-pitch n1) 7))	(multiply-duration 0.25 (transpose-diatonic 1 n1))	(multiply-duration 0.125 (transpose-diatonic 3 n1))	(multiply-duration 0.125 (transpose-diatonic 1 n1))	(multiply-duration 0.125 (make-rest n1))	(multiply-duration 0.125 (transpose-diatonic -2 n1))	(multiply-duration 0.25 (transpose-diatonic -4 n1))
TR	rel-pitch-7	1	true	n1	(and (duration>= (duration n1) 1) (not (rest? n1)) (= (note-category n1) C) (= (relative-pitch n1) 7))	(multiply-duration 0.5 (make-rest n1))	(multiply-duration 0.125 (transpose-diatonic #-2 n1))	(multiply-duration 0.125 (transpose-diatonic #3 n1))	(multiply-duration 0.125 (transpose-diatonic #1 n1))	(multiply-duration 0.125 (transpose-diatonic #-2 n1))
TR	rel-pitch-7	1	true	n1	(and (duration>= (duration n1) 1) (not (rest? n1)) (= (note-category n1) C) (= (relative-pitch n1) 7))	(multiply-duration 0.125 (transpose-diatonic 3 n1))	(multiply-duration 0.125 (transpose-diatonic 1 n1))	(multiply-duration 0.125 (transpose-diatonic -2 n1))	(multiply-duration 0.125 (transpose-diatonic 3 n1))	(multiply-duration 0.125 (transpose-diatonic 2 n1))	(multiply-duration 0.125 (transpose-diatonic #1 n1))	(multiply-duration 0.125 (transpose-diatonic 1 n1))	(multiply-duration 0.125 (transpose-diatonic -1 n1))
TR	rel-pitch-7	1	true	n1	(and (duration>= (duration n1) 1) (not (rest? n1)) (= (note-category n1) C) (= (relative-pitch n1) 7))	(multiply-duration 0.125 (transpose-diatonic 1 n1))	(multiply-duration 0.125 (transpose-diatonic 4 n1))	(multiply-duration 0.125 (transpose-diatonic 2 n1))	(multiply-duration 0.125 (transpose-diatonic 1 n1))	(multiply-duration 0.125 (transpose-diatonic -2 n1))	(multiply-duration 0.125 (transpose-diatonic -4 n1))	(multiply-duration 0.125 (transpose-diatonic -1 n1))	(multiply-duration 0.125 (transpose-diatonic #-3 n1))
TR	rel-pitch-7	1	true	n1	(and (duration>= (duration n1) 1) (not (rest? n1)) (= (note-category n1) C) (= (relative-pitch n1) 7))	(multiply-duration 0.125 (transpose-diatonic -4 n1))	(multiply-duration 0.125 (transpose-diatonic -2 n1))	(multiply-duration 0.125 (transpose-diatonic -1 n1))	(multiply-duration 0.125 (transpose-diatonic -2 n1))	(multiply-duration 0.25 (transpose-diatonic 2 n1))	(multiply-duration 0.125 (transpose-diatonic 4 n1))	(multiply-duration 0.125 (transpose-diatonic 5 n1))
TR	rel-pitch-7	1	true	n1	(and (duration>= (duration n1) 1) (not (rest? n1)) (= (note-category n1) C) (= (relative-pitch n1) 7))	(multiply-duration 0.125 (make-rest n1))	(multiply-duration 0.125 (transpose-diatonic 4 n1))	(multiply-duration 0.125 (transpose-diatonic #1 n1))	(multiply-duration 0.125 (transpose-diatonic -1 n1))	(multiply-duration 0.125 (transpose-diatonic 3 n1))	(multiply-duration 0.125 (transpose-diatonic 1 n1))	(multiply-duration 0.125 (transpose-diatonic -2 n1))	(multiply-duration 0.125 (transpose-diatonic -4 n1))
TR	rel-pitch-7	1	true	n1	(and (duration>= (duration n1) 1) (not (rest? n1)) (= (note-category n1) C) (= (relative-pitch n1) 7))	(multiply-duration 0.125 (transpose-diatonic 5 n1))	(multiply-duration 0.125 (transpose-diatonic 4 n1))	(multiply-duration 0.125 (transpose-diatonic 1 n1))	(multiply-duration 0.125 (transpose-diatonic 3 n1))	(multiply-duration 0.125 (transpose-diatonic 2 n1))	(multiply-duration 0.125 (transpose-diatonic -2 n1))	(multiply-duration 0.125 (transpose-diatonic -4 n1))	(multiply-duration 0.125 (transpose-diatonic -6 n1))
TR	rel-pitch-7	1	true	n1	(and (duration>= (duration n1) 1) (not (rest? n1)) (= (note-category n1) C) (= (relative-pitch n1) 7))	(multiply-duration 0.125 (transpose-diatonic -3 n1))	(multiply-duration 0.125 (transpose-diatonic -2 n1))	(multiply-duration 0.125 (transpose-diatonic -1 n1))	(multiply-duration 0.125 (transpose-diatonic #1 n1))	(multiply-duration 0.125 (transpose-diatonic 2 n1))	(multiply-duration 0.125 (transpose-diatonic b3 n1))	(multiply-duration 0.125 (transpose-diatonic 3 n1))	(multiply-duration 0.125 (transpose-diatonic b4 n1))
TR	rel-pitch-7	1	true	n1	(and (duration>= (duration n1) 1) (not (rest? n1)) (= (note-category n1) C) (= (relative-pitch n1) 7))	(multiply-duration 0.125 (transpose-diatonic 1 n1))	(multiply-duration 0.125 (transpose-diatonic -1 n1))	(multiply-duration 0.75 (make-rest n1))
TR	rel-pitch-7	1	true	n1	(and (duration>= (duration n1) 1) (not (rest? n1)) (= (note-category n1) C) (= (relative-pitch n1) 7))	(multiply-duration 0.125 (transpose-diatonic -4 n1))	(multiply-duration 0.125 (transpose-diatonic -2 n1))	(multiply-duration 0.125 (transpose-diatonic b1 n1))	(multiply-duration 0.125 (transpose-diatonic 3 n1))	(multiply-duration 0.125 (transpose-diatonic #-2 n1))	(multiply-duration 0.125 (transpose-diatonic -1 n1))	(multiply-duration 0.125 (transpose-diatonic 2 n1))	(multiply-duration 0.125 (transpose-diatonic -1 n1))
TR	rel-pitch-7	1	true	n1	(and (duration>= (duration n1) 1) (not (rest? n1)) (= (note-category n1) C) (= (relative-pitch n1) 7))	(multiply-duration 0.125 (transpose-diatonic 4 n1))	(multiply-duration 0.125 (transpose-diatonic 2 n1))	(multiply-duration 0.125 (transpose-diatonic -1 n1))	(multiply-duration 0.125 (transpose-diatonic -2 n1))	(multiply-duration 0.125 (transpose-diatonic 3 n1))	(multiply-duration 0.125 (transpose-diatonic 1 n1))	(multiply-duration 0.125 (transpose-diatonic 2 n1))	(multiply-duration 0.125 (transpose-diatonic 3 n1))
TR	rel-pitch-7	1	true	n1	(and (duration>= (duration n1) 1) (not (rest? n1)) (= (note-category n1) C) (= (relative-pitch n1) 7))	(multiply-duration 0.125 (transpose-diatonic -4 n1))	(multiply-duration 0.125 (transpose-diatonic #-3 n1))	(multiply-duration 0.125 (transpose-diatonic #-2 n1))	(multiply-duration 0.125 (transpose-diatonic #1 n1))	(multiply-duration 0.125 (transpose-diatonic b3 n1))	(multiply-duration 0.125 (transpose-diatonic #1 n1))	(multiply-duration 0.125 (transpose-diatonic 2 n1))	(multiply-duration 0.125 (transpose-diatonic 1 n1))
TR	rel-pitch-7	1	true	n1	(and (duration>= (duration n1) 1) (not (rest? n1)) (= (note-category n1) C) (= (relative-pitch n1) 7))	(multiply-duration 0.125 (make-rest n1))	(multiply-duration 0.125 (transpose-diatonic 2 n1))	(multiply-duration 0.08333333333333333 (transpose-diatonic #1 n1))	(multiply-duration 0.08333333333333333 (transpose-diatonic 1 n1))	(multiply-duration 0.08333333333333333 (transpose-diatonic #-1 n1))	(multiply-duration 0.125 (transpose-diatonic -1 n1))	(multiply-duration 0.125 (transpose-diatonic #-2 n1))	(multiply-duration 0.125 (transpose-diatonic -2 n1))	(multiply-duration 0.125 (transpose-diatonic -1 n1))
TR	rel-pitch-7	1	true	n1	(and (duration>= (duration n1) 1) (not (rest? n1)) (= (note-category n1) C) (= (relative-pitch n1) 7))	(multiply-duration 0.125 (transpose-diatonic 2 n1))	(multiply-duration 0.125 (transpose-diatonic b3 n1))	(multiply-duration 0.125 (transpose-diatonic 3 n1))	(multiply-duration 0.125 (transpose-diatonic b3 n1))	(multiply-duration 0.125 (transpose-diatonic 2 n1))	(multiply-duration 0.125 (transpose-diatonic b1 n1))	(multiply-duration 0.125 (transpose-diatonic b-2 n1))	(multiply-duration 0.125 (transpose-diatonic -5 n1))
TR	rel-pitch-7	1	true	n1	(and (duration>= (duration n1) 1) (not (rest? n1)) (= (note-category n1) C) (= (relative-pitch n1) 7))	(multiply-duration 0.125 (transpose-diatonic b3 n1))	(multiply-duration 0.125 (transpose-diatonic 1 n1))	(multiply-duration 0.125 (transpose-diatonic b1 n1))	(multiply-duration 0.125 (transpose-diatonic -1 n1))	(multiply-duration 0.125 (transpose-diatonic #-2 n1))	(multiply-duration 0.125 (transpose-diatonic #-3 n1))	(multiply-duration 0.125 (transpose-diatonic -2 n1))	(multiply-duration 0.125 (transpose-diatonic -1 n1))
TR	rel-pitch-7	1	true	n1	(and (duration>= (duration n1) 1) (not (rest? n1)) (= (note-category n1) C) (= (relative-pitch n1) 7))	(multiply-duration 0.125 (transpose-diatonic -2 n1))	(multiply-duration 0.125 (transpose-diatonic 3 n1))	(multiply-duration 0.125 (transpose-diatonic 1 n1))	(multiply-duration 0.125 (transpose-diatonic -2 n1))	(multiply-duration 0.25 (transpose-diatonic -4 n1))	(multiply-duration 0.125 (transpose-diatonic -2 n1))	(multiply-duration 0.125 (transpose-diatonic 3 n1))
TR	rel-pitch-7	1	true	n1	(and (duration>= (duration n1) 1) (not (rest? n1)) (= (note-category n1) C) (= (relative-pitch n1) 7))	(multiply-duration 0.125 (make-rest n1))	(multiply-duration 0.875 (transpose-diatonic 1 n1))
TR	rel-pitch-7	1	true	n1	(and (duration>= (duration n1) 1) (not (rest? n1)) (= (note-category n1) C) (= (relative-pitch n1) 7))	(multiply-duration 0.375 (transpose-diatonic 2 n1))	(multiply-duration 0.125 (transpose-diatonic 4 n1))	(multiply-duration 0.125 (transpose-diatonic 2 n1))	(multiply-duration 0.125 (transpose-diatonic b1 n1))	(multiply-duration 0.125 (transpose-diatonic -2 n1))	(multiply-duration 0.125 (transpose-diatonic 3 n1))
TR	rel-pitch-7	1	true	n1	(and (duration>= (duration n1) 1) (not (rest? n1)) (= (note-category n1) C) (= (relative-pitch n1) 7))	(multiply-duration 0.5 (make-rest n1))	(multiply-duration 0.25 (transpose-diatonic -2 n1))	(multiply-duration 0.125 (transpose-diatonic 1 n1))	(multiply-duration 0.125 (transpose-diatonic 2 n1))
TR	rel-pitch-7	1	true	n1	(and (duration>= (duration n1) 1) (not (rest? n1)) (= (note-category n1) C) (= (relative-pitch n1) 7))	(multiply-duration 0.125 (transpose-diatonic -2 n1))	(multiply-duration 0.125 (transpose-diatonic -1 n1))	(multiply-duration 0.125 (transpose-diatonic #-1 n1))	(multiply-duration 0.125 (transpose-diatonic 3 n1))	(multiply-duration 0.125 (transpose-diatonic -1 n1))	(multiply-duration 0.125 (transpose-diatonic #-2 n1))	(multiply-duration 0.125 (transpose-diatonic -2 n1))	(multiply-duration 0.125 (transpose-diatonic -1 n1))
TR	rel-pitch-7	1	true	n1	(and (duration>= (duration n1) 1) (not (rest? n1)) (= (note-category n1) C) (= (relative-pitch n1) 7))	(multiply-duration 0.125 (transpose-diatonic -4 n1))	(multiply-duration 0.125 (transpose-diatonic -3 n1))	(multiply-duration 0.125 (transpose-diatonic -2 n1))	(multiply-duration 0.125 (transpose-diatonic b1 n1))	(multiply-duration 0.125 (transpose-diatonic 5 n1))	(multiply-duration 0.125 (transpose-diatonic 3 n1))	(multiply-duration 0.25 (make-rest n1))
TR	rel-pitch-7	1	true	n1	(and (duration>= (duration n1) 1) (not (rest? n1)) (= (note-category n1) C) (= (relative-pitch n1) 7))	(multiply-duration 0.125 (transpose-diatonic -1 n1))	(multiply-duration 0.125 (transpose-diatonic b-2 n1))	(multiply-duration 0.125 (transpose-diatonic -2 n1))	(multiply-duration 0.125 (transpose-diatonic -1 n1))	(multiply-duration 0.125 (transpose-diatonic b1 n1))	(multiply-duration 0.125 (transpose-diatonic 2 n1))	(multiply-duration 0.125 (transpose-diatonic 3 n1))	(multiply-duration 0.125 (transpose-diatonic #4 n1))
TR	rel-pitch-7	1	true	n1	(and (duration>= (duration n1) 1) (not (rest? n1)) (= (note-category n1) C) (= (relative-pitch n1) 7))	(multiply-duration 0.125 (make-rest n1))	(multiply-duration 0.125 (transpose-diatonic b1 n1))	(multiply-duration 0.125 (transpose-diatonic 1 n1))	(multiply-duration 0.125 (transpose-diatonic 3 n1))	(multiply-duration 0.125 (transpose-diatonic 2 n1))	(multiply-duration 0.125 (transpose-diatonic -2 n1))	(multiply-duration 0.125 (transpose-diatonic 1 n1))	(multiply-duration 0.125 (transpose-diatonic -1 n1))
TR	rel-pitch-7	1	true	n1	(and (duration>= (duration n1) 1) (not (rest? n1)) (= (note-category n1) C) (= (relative-pitch n1) 7))	(multiply-duration 0.125 (transpose-diatonic 3 n1))	(multiply-duration 0.125 (transpose-diatonic #1 n1))	(multiply-duration 0.125 (transpose-diatonic 2 n1))	(multiply-duration 0.125 (transpose-diatonic 3 n1))	(multiply-duration 0.125 (transpose-diatonic 4 n1))	(multiply-duration 0.125 (transpose-diatonic -3 n1))	(multiply-duration 0.125 (transpose-diatonic -2 n1))	(multiply-duration 0.125 (transpose-diatonic -3 n1))
TR	rel-pitch-7	1	true	n1	(and (duration>= (duration n1) 1) (not (rest? n1)) (= (note-category n1) C) (= (relative-pitch n1) 7))	(multiply-duration 0.125 (transpose-diatonic 4 n1))	(multiply-duration 0.125 (transpose-diatonic 2 n1))	(multiply-duration 0.125 (transpose-diatonic -1 n1))	(multiply-duration 0.125 (transpose-diatonic -3 n1))	(multiply-duration 0.125 (transpose-diatonic 3 n1))	(multiply-duration 0.125 (transpose-diatonic 1 n1))	(multiply-duration 0.125 (transpose-diatonic 2 n1))	(multiply-duration 0.125 (transpose-diatonic 3 n1))
TR	rel-pitch-7	1	true	n1	(and (duration>= (duration n1) 1) (not (rest? n1)) (= (note-category n1) C) (= (relative-pitch n1) 7))	(multiply-duration 0.125 (transpose-diatonic 2 n1))	(multiply-duration 0.125 (transpose-diatonic -2 n1))	(multiply-duration 0.75 (make-rest n1))
SUB	whole-first-rel-pitch-#4	motif	1	true
TR	rel-pitch-#4-to-#4	1	true	n1 n2	(and (duration>= (duration n1) 1) (not (rest? n1)) (= (note-category n1) C) (= (relative-pitch n1) #4) (duration>= (duration n2) 1) (not (rest? n2)) (= (note-category n2) C) (= (relative-pitch n2) #4) (pitch>= n1 n2))	(multiply-duration 0.125 (transpose-diatonic 2 n1))	(multiply-duration 0.125 (transpose-diatonic b1 n1))	(multiply-duration 0.125 (transpose-diatonic 1 n1))	(multiply-duration 0.0625 (transpose-diatonic 2 n1))	(multiply-duration 0.0625 (transpose-diatonic 1 n1))	(multiply-duration 0.125 (transpose-diatonic b1 n1))	(multiply-duration 0.125 (transpose-diatonic b-1 n1))	(multiply-duration 0.125 (transpose-diatonic bb-1 n1))	(multiply-duration 0.125 (transpose-diatonic b-2 n1))	(multiply-duration 0.25 (transpose-diatonic bb-2 n2))	(multiply-duration 0.125 (transpose-diatonic b-3 n2))	(multiply-duration 0.125 (transpose-diatonic bb-1 n2))	(multiply-duration 0.125 (transpose-diatonic b2 n2))	(multiply-duration 0.125 (transpose-diatonic b4 n2))	(multiply-duration 0.125 (transpose-diatonic b3 n2))	(multiply-duration 0.125 (transpose-diatonic b1 n2))
TR	rel-pitch-#4-to-#4	1	true	n1 n2	(and (duration>= (duration n1) 1) (not (rest? n1)) (= (note-category n1) C) (= (relative-pitch n1) #4) (duration>= (duration n2) 1) (not (rest? n2)) (= (note-category n2) C) (= (relative-pitch n2) #4) (pitch>= n1 n2))	(multiply-duration 0.25 (transpose-diatonic b-1 n1))	(multiply-duration 0.125 (transpose-diatonic b2 n1))	(multiply-duration 0.125 (transpose-diatonic b-1 n1))	(multiply-duration 0.5 (make-rest n1))	(multiply-duration 0.125 (make-rest n2))	(multiply-duration 0.125 (transpose-diatonic b5 n2))	(multiply-duration 0.125 (transpose-diatonic b3 n2))	(multiply-duration 0.125 (transpose-diatonic b1 n2))	(multiply-duration 0.25 (transpose-diatonic b-2 n2))	(multiply-duration 0.125 (transpose-diatonic bb-1 n2))	(multiply-duration 0.125 (transpose-diatonic b-1 n2))
TR	rel-pitch-#4	1	true	n1	(and (duration>= (duration n1) 1) (not (rest? n1)) (= (note-category n1) C) (= (relative-pitch n1) #4))	(multiply-duration 0.5 (make-rest n1))	(multiply-duration 0.125 (transpose-diatonic b-3 n1))	(multiply-duration 0.125 (transpose-diatonic b-1 n1))	(multiply-duration 0.125 (transpose-diatonic b2 n1))	(multiply-duration 0.125 (transpose-diatonic b4 n1))
TR	rel-pitch-#4	1	true	n1	(and (duration>= (duration n1) 1) (not (rest? n1)) (= (note-category n1) C) (= (relative-pitch n1) #4))	(multiply-duration 0.25 (transpose-diatonic bb-2 n1))	(multiply-duration 0.125 (transpose-diatonic b-3 n1))	(multiply-duration 0.125 (transpose-diatonic bb-1 n1))	(multiply-duration 0.125 (transpose-diatonic b2 n1))	(multiply-duration 0.125 (transpose-diatonic b4 n1))	(multiply-duration 0.125 (transpose-diatonic b3 n1))	(multiply-duration 0.125 (transpose-diatonic b1 n1))
TR	rel-pitch-#4	1	true	n1	(and (duration>= (duration n1) 1) (not (rest? n1)) (= (note-category n1) C) (= (relative-pitch n1) #4))	(multiply-duration 0.125 (transpose-diatonic 2 n1))	(multiply-duration 0.125 (transpose-diatonic b1 n1))	(multiply-duration 0.125 (transpose-diatonic 1 n1))	(multiply-duration 0.0625 (transpose-diatonic 2 n1))	(multiply-duration 0.0625 (transpose-diatonic 1 n1))	(multiply-duration 0.125 (transpose-diatonic b1 n1))	(multiply-duration 0.125 (transpose-diatonic b-1 n1))	(multiply-duration 0.125 (transpose-diatonic bb-1 n1))	(multiply-duration 0.125 (transpose-diatonic b-2 n1))
TR	rel-pitch-#4	1	true	n1	(and (duration>= (duration n1) 1) (not (rest? n1)) (= (note-category n1) C) (= (relative-pitch n1) #4))	(multiply-duration 0.125 (make-rest n1))	(multiply-duration 0.125 (transpose-diatonic b5 n1))	(multiply-duration 0.125 (transpose-diatonic b3 n1))	(multiply-duration 0.125 (transpose-diatonic b1 n1))	(multiply-duration 0.25 (transpose-diatonic b-2 n1))	(multiply-duration 0.125 (transpose-diatonic bb-1 n1))	(multiply-duration 0.125 (transpose-diatonic b-1 n1))
TR	rel-pitch-#4	1	true	n1	(and (duration>= (duration n1) 1) (not (rest? n1)) (= (note-category n1) C) (= (relative-pitch n1) #4))	(multiply-duration 0.25 (transpose-diatonic b-1 n1))	(multiply-duration 0.125 (transpose-diatonic b2 n1))	(multiply-duration 0.125 (transpose-diatonic b-1 n1))	(multiply-duration 0.5 (make-rest n1))
TR	rel-pitch-#4	1	true	n1	(and (duration>= (duration n1) 1) (not (rest? n1)) (= (note-category n1) C) (= (relative-pitch n1) #4))	(multiply-duration 0.125 (transpose-diatonic b5 n1))	(multiply-duration 0.125 (transpose-diatonic b3 n1))	(multiply-duration 0.125 (transpose-diatonic b1 n1))	(multiply-duration 0.125 (transpose-diatonic b-2 n1))	(multiply-duration 0.125 (transpose-diatonic b2 n1))	(multiply-duration 0.125 (transpose-diatonic 1 n1))	(multiply-duration 0.125 (transpose-diatonic b-1 n1))	(multiply-duration 0.125 (transpose-diatonic bb-1 n1))
TR	rel-pitch-#4	1	true	n1	(and (duration>= (duration n1) 1) (not (rest? n1)) (= (note-category n1) C) (= (relative-pitch n1) #4))	(multiply-duration 0.125 (transpose-diatonic b2 n1))	(multiply-duration 0.125 (transpose-diatonic 1 n1))	(multiply-duration 0.125 (transpose-diatonic b1 n1))	(multiply-duration 0.125 (transpose-diatonic b-1 n1))	(multiply-duration 0.25 (transpose-diatonic bb-1 n1))	(multiply-duration 0.25 (make-rest n1))
TR	rel-pitch-#4	1	true	n1	(and (duration>= (duration n1) 1) (not (rest? n1)) (= (note-category n1) C) (= (relative-pitch n1) #4))	(multiply-duration 0.25 (transpose-diatonic b-1 n1))	(multiply-duration 0.125 (transpose-diatonic b4 n1))	(multiply-duration 0.125 (transpose-diatonic b2 n1))	(multiply-duration 0.375 (make-rest n1))	(multiply-duration 0.125 (transpose-diatonic b-2 n1))
TR	rel-pitch-#4	1	true	n1	(and (duration>= (duration n1) 1) (not (rest? n1)) (= (note-category n1) C) (= (relative-pitch n1) #4))	(multiply-duration 0.08333333333333333 (transpose-diatonic b1 n1))	(multiply-duration 0.08333333333333333 (transpose-diatonic b-2 n1))	(multiply-duration 0.08333333333333333 (transpose-diatonic b1 n1))	(multiply-duration 0.08333333333333333 (transpose-diatonic b3 n1))	(multiply-duration 0.08333333333333333 (transpose-diatonic b1 n1))	(multiply-duration 0.08333333333333333 (transpose-diatonic b3 n1))	(multiply-duration 0.125 (transpose-diatonic b5 n1))	(multiply-duration 0.125 (transpose-diatonic 2 n1))	(multiply-duration 0.125 (transpose-diatonic b-1 n1))	(multiply-duration 0.125 (transpose-diatonic b-3 n1))
TR	rel-pitch-#4	1	true	n1	(and (duration>= (duration n1) 1) (not (rest? n1)) (= (note-category n1) C) (= (relative-pitch n1) #4))	(multiply-duration 0.125 (transpose-diatonic b1 n1))	(multiply-duration 0.125 (transpose-diatonic b-2 n1))	(multiply-duration 0.125 (transpose-diatonic b-1 n1))	(multiply-duration 0.125 (transpose-diatonic b5 n1))	(multiply-duration 0.5 (make-rest n1))
TR	rel-pitch-#4	1	true	n1	(and (duration>= (duration n1) 1) (not (rest? n1)) (= (note-category n1) C) (= (relative-pitch n1) #4))	(multiply-duration 0.125 (make-rest n1))	(multiply-duration 0.125 (transpose-diatonic b5 n1))	(multiply-duration 0.125 (transpose-diatonic b4 n1))	(multiply-duration 0.125 (transpose-diatonic 1 n1))	(multiply-duration 0.125 (transpose-diatonic bb-1 n1))	(multiply-duration 0.125 (transpose-diatonic b-3 n1))	(multiply-duration 0.125 (transpose-diatonic 1 n1))	(multiply-duration 0.125 (transpose-diatonic 2 n1))
TR	rel-pitch-#4	1	true	n1	(and (duration>= (duration n1) 1) (not (rest? n1)) (= (note-category n1) C) (= (relative-pitch n1) #4))	(multiply-duration 0.125 (transpose-diatonic b7 n1))	(multiply-duration 0.125 (transpose-diatonic b5 n1))	(multiply-duration 0.125 (transpose-diatonic b3 n1))	(multiply-duration 0.125 (transpose-diatonic b1 n1))	(multiply-duration 0.125 (transpose-diatonic b-1 n1))	(multiply-duration 0.125 (transpose-diatonic bb-1 n1))	(multiply-duration 0.125 (transpose-diatonic b-2 n1))	(multiply-duration 0.125 (transpose-diatonic bb-2 n1))
TR	rel-pitch-#4	1	true	n1	(and (duration>= (duration n1) 1) (not (rest? n1)) (= (note-category n1) C) (= (relative-pitch n1) #4))	(multiply-duration 0.125 (transpose-diatonic b-3 n1))	(multiply-duration 0.125 (transpose-diatonic b-2 n1))	(multiply-duration 0.125 (transpose-diatonic bb-1 n1))	(multiply-duration 0.125 (transpose-diatonic b1 n1))	(multiply-duration 0.125 (transpose-diatonic 1 n1))	(multiply-duration 0.125 (transpose-diatonic 2 n1))	(multiply-duration 0.125 (transpose-diatonic b3 n1))	(multiply-duration 0.125 (transpose-diatonic 4 n1))
TR	rel-pitch-#4	1	true	n1	(and (duration>= (duration n1) 1) (not (rest? n1)) (= (note-category n1) C) (= (relative-pitch n1) #4))	(multiply-duration 0.125 (transpose-diatonic bb-2 n1))	(multiply-duration 0.125 (transpose-diatonic bb-1 n1))	(multiply-duration 0.125 (transpose-diatonic b-1 n1))	(multiply-duration 0.125 (transpose-diatonic 1 n1))	(multiply-duration 0.125 (transpose-diatonic b2 n1))	(multiply-duration 0.125 (transpose-diatonic b3 n1))	(multiply-duration 0.125 (transpose-diatonic b4 n1))	(multiply-duration 0.125 (transpose-diatonic b5 n1))
SUB	whole-first-rel-pitch-6	motif	1	true
TR	rel-pitch-6-to-#4	1	true	n1 n2	(and (duration>= (duration n1) 1) (not (rest? n1)) (= (note-category n1) C) (= (relative-pitch n1) 6) (duration>= (duration n2) 1) (not (rest? n2)) (= (note-category n2) C) (= (relative-pitch n2) #4) (pitch>= n1 n2))	(multiply-duration 0.625 (make-rest n1))	(multiply-duration 0.125 (transpose-diatonic -1 n1))	(multiply-duration 0.125 (transpose-diatonic #-1 n1))	(multiply-duration 0.125 (transpose-diatonic 1 n1))	(multiply-duration 0.125 (transpose-diatonic b2 n2))	(multiply-duration 0.125 (transpose-diatonic 1 n2))	(multiply-duration 0.125 (transpose-diatonic b1 n2))	(multiply-duration 0.125 (transpose-diatonic b-1 n2))	(multiply-duration 0.25 (transpose-diatonic bb-1 n2))	(multiply-duration 0.25 (make-rest n2))
TR	rel-pitch-6-to-6	1	true	n1 n2	(and (duration>= (duration n1) 1) (not (rest? n1)) (= (note-category n1) C) (= (relative-pitch n1) 6) (duration>= (duration n2) 1) (not (rest? n2)) (= (note-category n2) C) (= (relative-pitch n2) 6) (pitch>= n1 n2))	(multiply-duration 0.125 (transpose-diatonic -2 n1))	(multiply-duration 0.125 (transpose-diatonic -1 n1))	(multiply-duration 0.125 (transpose-diatonic 1 n1))	(multiply-duration 0.125 (transpose-diatonic 2 n1))	(multiply-duration 0.125 (transpose-diatonic 3 n1))	(multiply-duration 0.125 (transpose-diatonic 1 n1))	(multiply-duration 0.125 (transpose-diatonic b4 n1))	(multiply-duration 0.125 (transpose-diatonic 1 n1))	(multiply-duration 0.125 (transpose-diatonic 4 n2))	(multiply-duration 0.125 (transpose-diatonic #2 n2))	(multiply-duration 0.125 (transpose-diatonic -1 n2))	(multiply-duration 0.125 (transpose-diatonic #-2 n2))	(multiply-duration 0.125 (transpose-diatonic -2 n2))	(multiply-duration 0.125 (transpose-diatonic -1 n2))	(multiply-duration 0.125 (transpose-diatonic 1 n2))	(multiply-duration 0.125 (transpose-diatonic 3 n2))
TR	rel-pitch-6	1	true	n1	(and (duration>= (duration n1) 1) (not (rest? n1)) (= (note-category n1) C) (= (relative-pitch n1) 6))	(multiply-duration 0.125 (transpose-diatonic 6 n1))	(multiply-duration 0.125 (transpose-diatonic 4 n1))	(multiply-duration 0.125 (transpose-diatonic 2 n1))	(multiply-duration 0.125 (transpose-diatonic -1 n1))	(multiply-duration 0.125 (transpose-diatonic 3 n1))	(multiply-duration 0.125 (transpose-diatonic #-1 n1))	(multiply-duration 0.125 (transpose-diatonic -3 n1))	(multiply-duration 0.125 (transpose-diatonic -5 n1))
TR	rel-pitch-6	1	true	n1	(and (duration>= (duration n1) 1) (not (rest? n1)) (= (note-category n1) C) (= (relative-pitch n1) 6))	(multiply-duration 0.625 (make-rest n1))	(multiply-duration 0.125 (transpose-diatonic -1 n1))	(multiply-duration 0.125 (transpose-diatonic #-1 n1))	(multiply-duration 0.125 (transpose-diatonic 1 n1))
TR	rel-pitch-6	1	true	n1	(and (duration>= (duration n1) 1) (not (rest? n1)) (= (note-category n1) C) (= (relative-pitch n1) 6))	(multiply-duration 0.125 (transpose-diatonic 4 n1))	(multiply-duration 0.125 (transpose-diatonic #2 n1))	(multiply-duration 0.125 (transpose-diatonic -1 n1))	(multiply-duration 0.125 (transpose-diatonic #-2 n1))	(multiply-duration 0.125 (transpose-diatonic -2 n1))	(multiply-duration 0.125 (transpose-diatonic -1 n1))	(multiply-duration 0.125 (transpose-diatonic 1 n1))	(multiply-duration 0.125 (transpose-diatonic 3 n1))
TR	rel-pitch-6	1	true	n1	(and (duration>= (duration n1) 1) (not (rest? n1)) (= (note-category n1) C) (= (relative-pitch n1) 6))	(multiply-duration 0.125 (transpose-diatonic -2 n1))	(multiply-duration 0.125 (transpose-diatonic -1 n1))	(multiply-duration 0.125 (transpose-diatonic 1 n1))	(multiply-duration 0.125 (transpose-diatonic 2 n1))	(multiply-duration 0.125 (transpose-diatonic 3 n1))	(multiply-duration 0.125 (transpose-diatonic 1 n1))	(multiply-duration 0.125 (transpose-diatonic b4 n1))	(multiply-duration 0.125 (transpose-diatonic 1 n1))
TR	rel-pitch-6	1	true	n1	(and (duration>= (duration n1) 1) (not (rest? n1)) (= (note-category n1) C) (= (relative-pitch n1) 6))	(multiply-duration 0.25 (transpose-diatonic 1 n1))	(multiply-duration 0.125 (transpose-diatonic 3 n1))	(multiply-duration 0.125 (transpose-diatonic #-1 n1))	(multiply-duration 0.5 (make-rest n1))
SUB	whole-first-rel-pitch-b2	motif	1	true
TR	rel-pitch-b2-to-b2	1	true	n1 n2	(and (duration>= (duration n1) 1) (not (rest? n1)) (= (note-category n1) C) (= (relative-pitch n1) b2) (duration>= (duration n2) 1) (not (rest? n2)) (= (note-category n2) C) (= (relative-pitch n2) b2) (pitch>= n1 n2))	(multiply-duration 0.125 (transpose-diatonic 2 n1))	(multiply-duration 0.125 (transpose-diatonic #1 n1))	(multiply-duration 0.125 (transpose-diatonic 1 n1))	(multiply-duration 0.125 (transpose-diatonic #-1 n1))	(multiply-duration 0.25 (transpose-diatonic #1 n1))	(multiply-duration 0.25 (make-rest n1))	(multiply-duration 0.5 (make-rest n2))	(multiply-duration 0.125 (transpose-diatonic #1 n2))	(multiply-duration 0.125 (transpose-diatonic ##-2 n2))	(multiply-duration 0.125 (transpose-diatonic #-1 n2))	(multiply-duration 0.125 (transpose-diatonic 2 n2))
TR	rel-pitch-b2-to-7	1	true	n1 n2	(and (duration>= (duration n1) 1) (not (rest? n1)) (= (note-category n1) C) (= (relative-pitch n1) b2) (duration>= (duration n2) 1) (not (rest? n2)) (= (note-category n2) C) (= (relative-pitch n2) 7) (pitch>= n1 n2))	(multiply-duration 0.125 (transpose-diatonic 1 n1))	(multiply-duration 0.125 (transpose-diatonic ##3 n1))	(multiply-duration 0.125 (transpose-diatonic 2 n1))	(multiply-duration 0.125 (transpose-diatonic ##-2 n1))	(multiply-duration 0.25 (transpose-diatonic ##-4 n1))	(multiply-duration 0.125 (transpose-diatonic ##-2 n1))	(multiply-duration 0.125 (transpose-diatonic #3 n1))	(multiply-duration 0.125 (transpose-diatonic b4 n2))	(multiply-duration 0.125 (transpose-diatonic #1 n2))	(multiply-duration 0.125 (transpose-diatonic #-2 n2))	(multiply-duration 0.125 (transpose-diatonic -3 n2))	(multiply-duration 0.125 (transpose-diatonic b3 n2))	(multiply-duration 0.125 (transpose-diatonic #1 n2))	(multiply-duration 0.125 (transpose-diatonic 2 n2))	(multiply-duration 0.125 (transpose-diatonic 1 n2))
TR	rel-pitch-b2-to-1	1	true	n1 n2	(and (duration>= (duration n1) 1) (not (rest? n1)) (= (note-category n1) C) (= (relative-pitch n1) b2) (duration>= (duration n2) 1) (not (rest? n2)) (= (note-category n2) C) (= (relative-pitch n2) 1) (pitch>= n1 n2))	(multiply-duration 0.125 (transpose-diatonic 1 n1))	(multiply-duration 0.125 (transpose-diatonic 2 n1))	(multiply-duration 0.125 (transpose-diatonic #3 n1))	(multiply-duration 0.125 (transpose-diatonic 1 n1))	(multiply-duration 0.125 (transpose-diatonic 2 n1))	(multiply-duration 0.125 (transpose-diatonic ##-2 n1))	(multiply-duration 0.25 (transpose-diatonic ##-4 n1))	(multiply-duration 0.125 (transpose-diatonic #-1 n2))	(multiply-duration 0.125 (transpose-diatonic 1 n2))	(multiply-duration 0.125 (transpose-diatonic b3 n2))	(multiply-duration 0.125 (transpose-diatonic 2 n2))	(multiply-duration 0.125 (transpose-diatonic b2 n2))	(multiply-duration 0.125 (transpose-diatonic #-1 n2))	(multiply-duration 0.125 (transpose-diatonic 1 n2))	(multiply-duration 0.125 (transpose-diatonic b3 n2))
TR	rel-pitch-b2-to-#4	1	true	n1 n2	(and (duration>= (duration n1) 1) (not (rest? n1)) (= (note-category n1) C) (= (relative-pitch n1) b2) (duration>= (duration n2) 1) (not (rest? n2)) (= (note-category n2) C) (= (relative-pitch n2) #4) (pitch>= n1 n2))	(multiply-duration 0.125 (make-rest n1))	(multiply-duration 0.125 (transpose-diatonic #-6 n1))	(multiply-duration 0.125 (transpose-diatonic ##-4 n1))	(multiply-duration 0.125 (transpose-diatonic #-1 n1))	(multiply-duration 0.08333333333333333 (transpose-diatonic #2 n1))	(multiply-duration 0.08333333333333333 (transpose-diatonic #3 n1))	(multiply-duration 0.08333333333333333 (transpose-diatonic ##3 n1))	(multiply-duration 0.08333333333333333 (transpose-diatonic #4 n1))	(multiply-duration 0.08333333333333333 (transpose-diatonic ##3 n1))	(multiply-duration 0.08333333333333333 (transpose-diatonic #3 n1))	(multiply-duration 0.125 (transpose-diatonic b7 n2))	(multiply-duration 0.125 (transpose-diatonic b5 n2))	(multiply-duration 0.125 (transpose-diatonic b3 n2))	(multiply-duration 0.125 (transpose-diatonic b1 n2))	(multiply-duration 0.125 (transpose-diatonic b-1 n2))	(multiply-duration 0.125 (transpose-diatonic bb-1 n2))	(multiply-duration 0.125 (transpose-diatonic b-2 n2))	(multiply-duration 0.125 (transpose-diatonic bb-2 n2))
TR	rel-pitch-b2-to-#4	1	true	n1 n2	(and (duration>= (duration n1) 1) (not (rest? n1)) (= (note-category n1) C) (= (relative-pitch n1) b2) (duration>= (duration n2) 1) (not (rest? n2)) (= (note-category n2) C) (= (relative-pitch n2) #4) (pitch< n1 n2))	(multiply-duration 0.125 (transpose-diatonic #3 n1))	(multiply-duration 0.125 (transpose-diatonic 1 n1))	(multiply-duration 0.08333333333333333 (transpose-diatonic #2 n1))	(multiply-duration 0.08333333333333333 (transpose-diatonic #3 n1))	(multiply-duration 0.08333333333333333 (transpose-diatonic #2 n1))	(multiply-duration 0.125 (transpose-diatonic 2 n1))	(multiply-duration 0.125 (transpose-diatonic #1 n1))	(multiply-duration 0.125 (transpose-diatonic 1 n1))	(multiply-duration 0.125 (transpose-diatonic #-2 n1))	(multiply-duration 0.125 (transpose-diatonic b-3 n2))	(multiply-duration 0.125 (transpose-diatonic b-2 n2))	(multiply-duration 0.125 (transpose-diatonic bb-1 n2))	(multiply-duration 0.125 (transpose-diatonic b1 n2))	(multiply-duration 0.125 (transpose-diatonic 1 n2))	(multiply-duration 0.125 (transpose-diatonic 2 n2))	(multiply-duration 0.125 (transpose-diatonic b3 n2))	(multiply-duration 0.125 (transpose-diatonic 4 n2))
TR	rel-pitch-b2	1	true	n1	(and (duration>= (duration n1) 1) (not (rest? n1)) (= (note-category n1) C) (= (relative-pitch n1) b2))	(multiply-duration 0.5 (make-rest n1))	(multiply-duration 0.125 (transpose-diatonic #1 n1))	(multiply-duration 0.125 (transpose-diatonic ##-2 n1))	(multiply-duration 0.125 (transpose-diatonic #-1 n1))	(multiply-duration 0.125 (transpose-diatonic 2 n1))
TR	rel-pitch-b2	1	true	n1	(and (duration>= (duration n1) 1) (not (rest? n1)) (= (note-category n1) C) (= (relative-pitch n1) b2))	(multiply-duration 0.125 (transpose-diatonic 2 n1))	(multiply-duration 0.125 (transpose-diatonic #1 n1))	(multiply-duration 0.125 (transpose-diatonic 1 n1))	(multiply-duration 0.125 (transpose-diatonic #-1 n1))	(multiply-duration 0.25 (transpose-diatonic #1 n1))	(multiply-duration 0.25 (make-rest n1))
TR	rel-pitch-b2	1	true	n1	(and (duration>= (duration n1) 1) (not (rest? n1)) (= (note-category n1) C) (= (relative-pitch n1) b2))	(multiply-duration 0.125 (transpose-diatonic 1 n1))	(multiply-duration 0.125 (transpose-diatonic ##3 n1))	(multiply-duration 0.125 (transpose-diatonic 2 n1))	(multiply-duration 0.125 (transpose-diatonic ##-2 n1))	(multiply-duration 0.25 (transpose-diatonic ##-4 n1))	(multiply-duration 0.125 (transpose-diatonic ##-2 n1))	(multiply-duration 0.125 (transpose-diatonic #3 n1))
TR	rel-pitch-b2	1	true	n1	(and (duration>= (duration n1) 1) (not (rest? n1)) (= (note-category n1) C) (= (relative-pitch n1) b2))	(multiply-duration 0.125 (transpose-diatonic 1 n1))	(multiply-duration 0.125 (transpose-diatonic 2 n1))	(multiply-duration 0.125 (transpose-diatonic #3 n1))	(multiply-duration 0.125 (transpose-diatonic 1 n1))	(multiply-duration 0.125 (transpose-diatonic 2 n1))	(multiply-duration 0.125 (transpose-diatonic ##-2 n1))	(multiply-duration 0.25 (transpose-diatonic ##-4 n1))
TR	rel-pitch-b2	1	true	n1	(and (duration>= (duration n1) 1) (not (rest? n1)) (= (note-category n1) C) (= (relative-pitch n1) b2))	(multiply-duration 0.125 (make-rest n1))	(multiply-duration 0.125 (transpose-diatonic #-6 n1))	(multiply-duration 0.125 (transpose-diatonic ##-4 n1))	(multiply-duration 0.125 (transpose-diatonic #-1 n1))	(multiply-duration 0.08333333333333333 (transpose-diatonic #2 n1))	(multiply-duration 0.08333333333333333 (transpose-diatonic #3 n1))	(multiply-duration 0.08333333333333333 (transpose-diatonic ##3 n1))	(multiply-duration 0.08333333333333333 (transpose-diatonic #4 n1))	(multiply-duration 0.08333333333333333 (transpose-diatonic ##3 n1))	(multiply-duration 0.08333333333333333 (transpose-diatonic #3 n1))
TR	rel-pitch-b2	1	true	n1	(and (duration>= (duration n1) 1) (not (rest? n1)) (= (note-category n1) C) (= (relative-pitch n1) b2))	(multiply-duration 0.125 (transpose-diatonic #3 n1))	(multiply-duration 0.125 (transpose-diatonic 1 n1))	(multiply-duration 0.08333333333333333 (transpose-diatonic #2 n1))	(multiply-duration 0.08333333333333333 (transpose-diatonic #3 n1))	(multiply-duration 0.08333333333333333 (transpose-diatonic #2 n1))	(multiply-duration 0.125 (transpose-diatonic 2 n1))	(multiply-duration 0.125 (transpose-diatonic #1 n1))	(multiply-duration 0.125 (transpose-diatonic 1 n1))	(multiply-duration 0.125 (transpose-diatonic #-2 n1))
SUB	half-first-rel-pitch-3	motif	1	true
TR	rel-pitch-3-to-5	1	true	n1 n2	(and (duration>= (duration n1) 2) (not (rest? n1)) (= (note-category n1) C) (= (relative-pitch n1) 3) (duration>= (duration n2) 2) (not (rest? n2)) (= (note-category n2) C) (= (relative-pitch n2) 5) (pitch< n1 n2))	(multiply-duration 0.75 (transpose-diatonic 2 n1))	(multiply-duration 0.25 (transpose-diatonic b1 n1))	(multiply-duration 0.25 (transpose-diatonic #1 n2))	(multiply-duration 0.25 (transpose-diatonic #-1 n2))	(multiply-duration 0.5 (transpose-diatonic -1 n2))
TR	rel-pitch-3-to-5	1	true	n1 n2	(and (duration>= (duration n1) 2) (not (rest? n1)) (= (note-category n1) C) (= (relative-pitch n1) 3) (duration>= (duration n2) 2) (not (rest? n2)) (= (note-category n2) C) (= (relative-pitch n2) 5) (pitch< n1 n2))	(multiply-duration 0.25 (transpose-diatonic #3 n1))	(multiply-duration 0.25 (transpose-diatonic 1 n1))	(multiply-duration 0.25 (transpose-diatonic #-1 n1))	(multiply-duration 0.25 (transpose-diatonic -2 n1))	(multiply-duration 0.75 (transpose-diatonic -1 n2))	(multiply-duration 0.25 (make-rest n2))
TR	rel-pitch-3-to-1	1	true	n1 n2	(and (duration>= (duration n1) 2) (not (rest? n1)) (= (note-category n1) C) (= (relative-pitch n1) 3) (duration>= (duration n2) 2) (not (rest? n2)) (= (note-category n2) C) (= (relative-pitch n2) 1) (pitch< n1 n2))	(multiply-duration 0.25 (transpose-diatonic -2 n1))	(multiply-duration 0.25 (transpose-diatonic -1 n1))	(multiply-duration 0.25 (transpose-diatonic 1 n1))	(multiply-duration 0.25 (transpose-diatonic 3 n1))	(multiply-duration 0.25 (transpose-diatonic -1 n2))	(multiply-duration 0.25 (transpose-diatonic 2 n2))	(multiply-duration 0.25 (make-rest n2))	(multiply-duration 0.25 (transpose-diatonic 2 n2))
TR	rel-pitch-3-to-7	1	true	n1 n2	(and (duration>= (duration n1) 2) (not (rest? n1)) (= (note-category n1) C) (= (relative-pitch n1) 3) (duration>= (duration n2) 2) (not (rest? n2)) (= (note-category n2) C) (= (relative-pitch n2) 7) (pitch< n1 n2))	(multiply-duration 0.25 (transpose-diatonic -2 n1))	(multiply-duration 0.25 (transpose-diatonic -1 n1))	(multiply-duration 0.25 (transpose-diatonic 1 n1))	(multiply-duration 0.25 (transpose-diatonic 3 n1))	(multiply-duration 0.25 (transpose-diatonic 2 n2))	(multiply-duration 0.25 (transpose-diatonic -1 n2))	(multiply-duration 0.5 (make-rest n2))
TR	rel-pitch-3-to-5	1	true	n1 n2	(and (duration>= (duration n1) 2) (not (rest? n1)) (= (note-category n1) C) (= (relative-pitch n1) 3) (duration>= (duration n2) 2) (not (rest? n2)) (= (note-category n2) C) (= (relative-pitch n2) 5) (pitch< n1 n2))	(multiply-duration 0.25 (transpose-diatonic 4 n1))	(multiply-duration 0.25 (transpose-diatonic 2 n1))	(multiply-duration 0.25 (transpose-diatonic -1 n1))	(multiply-duration 0.25 (transpose-diatonic -3 n1))	(multiply-duration 0.25 (transpose-diatonic #-2 n2))	(multiply-duration 0.25 (transpose-diatonic -1 n2))	(multiply-duration 0.25 (transpose-diatonic 2 n2))	(multiply-duration 0.25 (transpose-diatonic #1 n2))
TR	rel-pitch-3-to-1	1	true	n1 n2	(and (duration>= (duration n1) 2) (not (rest? n1)) (= (note-category n1) C) (= (relative-pitch n1) 3) (duration>= (duration n2) 2) (not (rest? n2)) (= (note-category n2) C) (= (relative-pitch n2) 1) (pitch>= n1 n2))	(multiply-duration 0.25 (make-rest n1))	(multiply-duration 0.25 (transpose-diatonic b1 n1))	(multiply-duration 0.25 (transpose-diatonic 1 n1))	(multiply-duration 0.25 (transpose-diatonic 3 n1))	(multiply-duration 0.25 (transpose-diatonic 3 n2))	(multiply-duration 0.25 (transpose-diatonic 2 n2))	(multiply-duration 0.25 (transpose-diatonic 1 n2))	(multiply-duration 0.25 (transpose-diatonic -2 n2))
TR	rel-pitch-3-to-1	1	true	n1 n2	(and (duration>= (duration n1) 2) (not (rest? n1)) (= (note-category n1) C) (= (relative-pitch n1) 3) (duration>= (duration n2) 2) (not (rest? n2)) (= (note-category n2) C) (= (relative-pitch n2) 1) (pitch>= n1 n2))	(multiply-duration 0.5 (transpose-diatonic b1 n1))	(multiply-duration 0.25 (transpose-diatonic #3 n1))	(multiply-duration 0.25 (transpose-diatonic 2 n1))	(multiply-duration 0.25 (make-rest n2))	(multiply-duration 0.25 (transpose-diatonic b2 n2))	(multiply-duration 0.5 (transpose-diatonic -1 n2))
TR	rel-pitch-3-to-5	1	true	n1 n2	(and (duration>= (duration n1) 2) (not (rest? n1)) (= (note-category n1) C) (= (relative-pitch n1) 3) (duration>= (duration n2) 2) (not (rest? n2)) (= (note-category n2) C) (= (relative-pitch n2) 5) (pitch>= n1 n2))	(multiply-duration 0.5 (transpose-diatonic #-1 n1))	(multiply-duration 0.25 (transpose-diatonic 2 n1))	(multiply-duration 0.25 (transpose-diatonic 1 n1))	(multiply-duration 0.25 (make-rest n2))	(multiply-duration 0.25 (transpose-diatonic 3 n2))	(multiply-duration 0.25 (transpose-diatonic 1 n2))	(multiply-duration 0.25 (transpose-diatonic -2 n2))
TR	rel-pitch-3-to-rest	1	true	n1 n2	(and (duration>= (duration n1) 2) (not (rest? n1)) (= (note-category n1) C) (= (relative-pitch n1) 3) (duration>= (duration n2) 2) (rest? n2))	(multiply-duration 0.5 (transpose-diatonic 1 n1))	(multiply-duration 0.25 (transpose-diatonic 3 n1))	(multiply-duration 0.25 (transpose-diatonic -2 n1))	n2
TR	rel-pitch-3-to-5	1	true	n1 n2	(and (duration>= (duration n1) 2) (not (rest? n1)) (= (note-category n1) C) (= (relative-pitch n1) 3) (duration>= (duration n2) 2) (not (rest? n2)) (= (note-category n2) C) (= (relative-pitch n2) 5) (pitch< n1 n2))	(multiply-duration 0.25 (transpose-diatonic 2 n1))	(multiply-duration 0.25 (transpose-diatonic #1 n1))	(multiply-duration 0.25 (transpose-diatonic 1 n1))	(multiply-duration 0.25 (transpose-diatonic 2 n1))	(multiply-duration 0.25 (transpose-diatonic 1 n2))	(multiply-duration 0.25 (transpose-diatonic b3 n2))	(multiply-duration 0.25 (transpose-diatonic 1 n2))	(multiply-duration 0.25 (transpose-diatonic b2 n2))
TR	rel-pitch-3-to-5	1	true	n1 n2	(and (duration>= (duration n1) 2) (not (rest? n1)) (= (note-category n1) C) (= (relative-pitch n1) 3) (duration>= (duration n2) 2) (not (rest? n2)) (= (note-category n2) C) (= (relative-pitch n2) 5) (pitch< n1 n2))	(multiply-duration 0.25 (transpose-diatonic -1 n1))	(multiply-duration 0.25 (transpose-diatonic #-1 n1))	(multiply-duration 0.25 (transpose-diatonic 2 n1))	(multiply-duration 0.25 (transpose-diatonic #-1 n1))	(multiply-duration 0.25 (transpose-diatonic -2 n2))	(multiply-duration 0.25 (transpose-diatonic -1 n2))	(multiply-duration 0.25 (transpose-diatonic 1 n2))	(multiply-duration 0.25 (transpose-diatonic #2 n2))
TR	rel-pitch-3-to-1	1	true	n1 n2	(and (duration>= (duration n1) 2) (not (rest? n1)) (= (note-category n1) C) (= (relative-pitch n1) 3) (duration>= (duration n2) 2) (not (rest? n2)) (= (note-category n2) C) (= (relative-pitch n2) 1) (pitch>= n1 n2))	(multiply-duration 0.25 (make-rest n1))	(multiply-duration 0.25 (transpose-diatonic b1 n1))	(multiply-duration 0.25 (transpose-diatonic 1 n1))	(multiply-duration 0.25 (transpose-diatonic 3 n1))	(multiply-duration 0.25 (transpose-diatonic 3 n2))	(multiply-duration 0.25 (transpose-diatonic -1 n2))	(multiply-duration 0.5 (make-rest n2))
TR	rel-pitch-3-to-rest	1	true	n1 n2	(and (duration>= (duration n1) 2) (not (rest? n1)) (= (note-category n1) C) (= (relative-pitch n1) 3) (duration>= (duration n2) 2) (rest? n2))	(multiply-duration 0.25 (transpose-diatonic 1 n1))	(multiply-duration 0.25 (transpose-diatonic 3 n1))	(multiply-duration 0.25 (transpose-diatonic 1 n1))	(multiply-duration 0.25 (transpose-diatonic -4 n1))	n2
TR	rel-pitch-3-to-7	1	true	n1 n2	(and (duration>= (duration n1) 2) (not (rest? n1)) (= (note-category n1) C) (= (relative-pitch n1) 3) (duration>= (duration n2) 2) (not (rest? n2)) (= (note-category n2) C) (= (relative-pitch n2) 7) (pitch>= n1 n2))	(multiply-duration 0.25 (transpose-diatonic #-1 n1))	(multiply-duration 0.25 (transpose-diatonic 2 n1))	(multiply-duration 0.25 (transpose-diatonic 1 n1))	(multiply-duration 0.25 (transpose-diatonic -1 n1))	(multiply-duration 0.25 (transpose-diatonic 2 n2))	(multiply-duration 0.25 (transpose-diatonic #1 n2))	(multiply-duration 0.25 (transpose-diatonic 1 n2))	(multiply-duration 0.25 (transpose-diatonic #-1 n2))
TR	rel-pitch-3-to-1	1	true	n1 n2	(and (duration>= (duration n1) 2) (not (rest? n1)) (= (note-category n1) C) (= (relative-pitch n1) 3) (duration>= (duration n2) 2) (not (rest? n2)) (= (note-category n2) C) (= (relative-pitch n2) 1) (pitch>= n1 n2))	(multiply-duration 0.25 (transpose-diatonic b1 n1))	(multiply-duration 0.25 (transpose-diatonic #2 n1))	(multiply-duration 0.25 (transpose-diatonic 2 n1))	(multiply-duration 0.25 (transpose-diatonic 1 n1))	(multiply-duration 0.25 (transpose-diatonic b3 n2))	(multiply-duration 0.25 (transpose-diatonic 2 n2))	(multiply-duration 0.25 (transpose-diatonic b2 n2))	(multiply-duration 0.25 (transpose-diatonic #-1 n2))
TR	rel-pitch-3-to-5	1	true	n1 n2	(and (duration>= (duration n1) 2) (not (rest? n1)) (= (note-category n1) C) (= (relative-pitch n1) 3) (duration>= (duration n2) 2) (not (rest? n2)) (= (note-category n2) C) (= (relative-pitch n2) 5) (pitch< n1 n2))	(multiply-duration 0.25 (transpose-diatonic 1 n1))	(multiply-duration 0.25 (transpose-diatonic 4 n1))	(multiply-duration 0.5 (transpose-diatonic 1 n1))	(multiply-duration 0.5 (transpose-diatonic 1 n2))	(multiply-duration 0.5 (make-rest n2))
TR	rel-pitch-3-to-5	1	true	n1 n2	(and (duration>= (duration n1) 2) (not (rest? n1)) (= (note-category n1) C) (= (relative-pitch n1) 3) (duration>= (duration n2) 2) (not (rest? n2)) (= (note-category n2) C) (= (relative-pitch n2) 5) (pitch>= n1 n2))	(multiply-duration 0.25 (transpose-diatonic 2 n1))	(multiply-duration 0.25 (transpose-diatonic 1 n1))	(multiply-duration 0.25 (transpose-diatonic -1 n1))	(multiply-duration 0.25 (transpose-diatonic b-1 n1))	(multiply-duration 0.25 (transpose-diatonic 4 n2))	(multiply-duration 0.25 (transpose-diatonic b3 n2))	(multiply-duration 0.25 (transpose-diatonic -1 n2))	(multiply-duration 0.25 (transpose-diatonic -3 n2))
TR	rel-pitch-3-to-1	1	true	n1 n2	(and (duration>= (duration n1) 2) (not (rest? n1)) (= (note-category n1) C) (= (relative-pitch n1) 3) (duration>= (duration n2) 2) (not (rest? n2)) (= (note-category n2) C) (= (relative-pitch n2) 1) (pitch>= n1 n2))	(multiply-duration 0.25 (transpose-diatonic -2 n1))	(multiply-duration 0.25 (transpose-diatonic #-1 n1))	(multiply-duration 0.25 (transpose-diatonic 1 n1))	(multiply-duration 0.25 (transpose-diatonic 2 n1))	(multiply-duration 0.25 (transpose-diatonic 5 n2))	(multiply-duration 0.25 (transpose-diatonic #-2 n2))	(multiply-duration 0.25 (transpose-diatonic -1 n2))	(multiply-duration 0.25 (transpose-diatonic 1 n2))
TR	rel-pitch-3-to-3	1	true	n1 n2	(and (duration>= (duration n1) 2) (not (rest? n1)) (= (note-category n1) C) (= (relative-pitch n1) 3) (duration>= (duration n2) 2) (not (rest? n2)) (= (note-category n2) C) (= (relative-pitch n2) 3) (pitch>= n1 n2))	(multiply-duration 0.75 (make-rest n1))	(multiply-duration 0.25 (transpose-diatonic b1 n1))	(multiply-duration 0.25 (transpose-diatonic 1 n2))	(multiply-duration 0.25 (transpose-diatonic 3 n2))	(multiply-duration 0.25 (transpose-diatonic 1 n2))	(multiply-duration 0.25 (transpose-diatonic -1 n2))
TR	rel-pitch-3-to-3	1	true	n1 n2	(and (duration>= (duration n1) 2) (not (rest? n1)) (= (note-category n1) C) (= (relative-pitch n1) 3) (duration>= (duration n2) 2) (not (rest? n2)) (= (note-category n2) C) (= (relative-pitch n2) 3) (pitch>= n1 n2))	(multiply-duration 0.25 (transpose-diatonic 2 n1))	(multiply-duration 0.25 (transpose-diatonic b-1 n1))	(multiply-duration 0.25 (transpose-diatonic 2 n1))	(multiply-duration 0.25 (transpose-diatonic #3 n1))	(multiply-duration 0.25 (transpose-diatonic #2 n2))	(multiply-duration 0.25 (transpose-diatonic -1 n2))	(multiply-duration 0.5 (make-rest n2))
TR	rel-pitch-3-to-3	1	true	n1 n2	(and (duration>= (duration n1) 2) (not (rest? n1)) (= (note-category n1) C) (= (relative-pitch n1) 3) (duration>= (duration n2) 2) (not (rest? n2)) (= (note-category n2) C) (= (relative-pitch n2) 3) (pitch>= n1 n2))	(multiply-duration 1.0 (transpose-diatonic 1 n1))	(multiply-duration 0.5 (transpose-diatonic 1 n2))	(multiply-duration 0.5 (transpose-diatonic 2 n2))
TR	rel-pitch-3-to-7	1	true	n1 n2	(and (duration>= (duration n1) 2) (not (rest? n1)) (= (note-category n1) C) (= (relative-pitch n1) 3) (duration>= (duration n2) 2) (not (rest? n2)) (= (note-category n2) C) (= (relative-pitch n2) 7) (pitch< n1 n2))	(multiply-duration 0.5 (transpose-diatonic -3 n1))	(multiply-duration 0.25 (transpose-diatonic #3 n1))	(multiply-duration 0.25 (transpose-diatonic 2 n1))	(multiply-duration 0.25 (transpose-diatonic -2 n2))	(multiply-duration 0.25 (transpose-diatonic -1 n2))	(multiply-duration 0.25 (transpose-diatonic 2 n2))	(multiply-duration 0.25 (transpose-diatonic 4 n2))
TR	rel-pitch-3-to-1	1	true	n1 n2	(and (duration>= (duration n1) 2) (not (rest? n1)) (= (note-category n1) C) (= (relative-pitch n1) 3) (duration>= (duration n2) 2) (not (rest? n2)) (= (note-category n2) C) (= (relative-pitch n2) 1) (pitch>= n1 n2))	(multiply-duration 0.25 (transpose-diatonic 2 n1))	(multiply-duration 0.25 (transpose-diatonic -1 n1))	(multiply-duration 0.25 (transpose-diatonic #2 n1))	(multiply-duration 0.25 (transpose-diatonic b1 n1))	(multiply-duration 0.25 (transpose-diatonic 5 n2))	(multiply-duration 0.25 (transpose-diatonic 3 n2))	(multiply-duration 0.25 (transpose-diatonic -1 n2))	(multiply-duration 0.25 (transpose-diatonic -3 n2))
TR	rel-pitch-3-to-3	1	true	n1 n2	(and (duration>= (duration n1) 2) (not (rest? n1)) (= (note-category n1) C) (= (relative-pitch n1) 3) (duration>= (duration n2) 2) (not (rest? n2)) (= (note-category n2) C) (= (relative-pitch n2) 3) (pitch>= n1 n2))	(multiply-duration 0.25 (transpose-diatonic 1 n1))	(multiply-duration 0.25 (transpose-diatonic -1 n1))	(multiply-duration 0.25 (transpose-diatonic -2 n1))	(multiply-duration 0.25 (transpose-diatonic -1 n1))	(multiply-duration 0.25 (transpose-diatonic 1 n2))	(multiply-duration 0.25 (transpose-diatonic 3 n2))	(multiply-duration 0.25 (transpose-diatonic 1 n2))	(multiply-duration 0.25 (transpose-diatonic -1 n2))
TR	rel-pitch-3-to-3	1	true	n1 n2	(and (duration>= (duration n1) 2) (not (rest? n1)) (= (note-category n1) C) (= (relative-pitch n1) 3) (duration>= (duration n2) 2) (not (rest? n2)) (= (note-category n2) C) (= (relative-pitch n2) 3) (pitch>= n1 n2))	(multiply-duration 0.25 (transpose-diatonic 1 n1))	(multiply-duration 0.25 (transpose-diatonic 3 n1))	(multiply-duration 0.25 (transpose-diatonic 1 n1))	(multiply-duration 0.25 (transpose-diatonic -1 n1))	(multiply-duration 0.25 (transpose-diatonic -2 n2))	(multiply-duration 0.25 (transpose-diatonic -1 n2))	(multiply-duration 0.25 (transpose-diatonic 1 n2))	(multiply-duration 0.25 (transpose-diatonic 3 n2))
TR	rel-pitch-3-to-5	1	true	n1 n2	(and (duration>= (duration n1) 2) (not (rest? n1)) (= (note-category n1) C) (= (relative-pitch n1) 3) (duration>= (duration n2) 2) (not (rest? n2)) (= (note-category n2) C) (= (relative-pitch n2) 5) (pitch< n1 n2))	(multiply-duration 0.5 (transpose-diatonic 1 n1))	(multiply-duration 0.25 (transpose-diatonic -2 n1))	(multiply-duration 0.25 (transpose-diatonic 1 n1))	(multiply-duration 0.16666666666666666 (transpose-diatonic 1 n2))	(multiply-duration 0.16666666666666666 (transpose-diatonic #1 n2))	(multiply-duration 0.16666666666666666 (transpose-diatonic 1 n2))	(multiply-duration 0.25 (transpose-diatonic -1 n2))	(multiply-duration 0.25 (transpose-diatonic #-2 n2))
TR	rel-pitch-3-to-7	1	true	n1 n2	(and (duration>= (duration n1) 2) (not (rest? n1)) (= (note-category n1) C) (= (relative-pitch n1) 3) (duration>= (duration n2) 2) (not (rest? n2)) (= (note-category n2) C) (= (relative-pitch n2) 7) (pitch< n1 n2))	(multiply-duration 0.25 (transpose-diatonic b1 n1))	(multiply-duration 0.25 (transpose-diatonic 2 n1))	(multiply-duration 0.25 (transpose-diatonic #2 n1))	(multiply-duration 0.25 (transpose-diatonic 3 n1))	(multiply-duration 0.25 (transpose-diatonic #-2 n2))	(multiply-duration 0.25 (transpose-diatonic -1 n2))	(multiply-duration 0.25 (transpose-diatonic b1 n2))	(multiply-duration 0.25 (transpose-diatonic 1 n2))
TR	rel-pitch-3-to-1	1	true	n1 n2	(and (duration>= (duration n1) 2) (not (rest? n1)) (= (note-category n1) C) (= (relative-pitch n1) 3) (duration>= (duration n2) 2) (not (rest? n2)) (= (note-category n2) C) (= (relative-pitch n2) 1) (pitch>= n1 n2))	(multiply-duration 0.25 (transpose-diatonic 3 n1))	(multiply-duration 0.25 (transpose-diatonic 1 n1))	(multiply-duration 0.25 (transpose-diatonic -2 n1))	(multiply-duration 0.25 (transpose-diatonic -4 n1))	(multiply-duration 0.25 (transpose-diatonic 2 n2))	(multiply-duration 0.25 (transpose-diatonic -1 n2))	(multiply-duration 0.25 (transpose-diatonic 1 n2))	(multiply-duration 0.25 (transpose-diatonic 2 n2))
TR	rel-pitch-3-to-1	1	true	n1 n2	(and (duration>= (duration n1) 2) (not (rest? n1)) (= (note-category n1) C) (= (relative-pitch n1) 3) (duration>= (duration n2) 2) (not (rest? n2)) (= (note-category n2) C) (= (relative-pitch n2) 1) (pitch>= n1 n2))	(multiply-duration 0.25 (transpose-diatonic -2 n1))	(multiply-duration 0.25 (transpose-diatonic 3 n1))	(multiply-duration 0.25 (transpose-diatonic 1 n1))	(multiply-duration 0.25 (transpose-diatonic -2 n1))	(multiply-duration 0.5 (transpose-diatonic -2 n2))	(multiply-duration 0.25 (transpose-diatonic b2 n2))	(multiply-duration 0.25 (transpose-diatonic #-1 n2))
TR	rel-pitch-3-to-1	1	true	n1 n2	(and (duration>= (duration n1) 2) (not (rest? n1)) (= (note-category n1) C) (= (relative-pitch n1) 3) (duration>= (duration n2) 2) (not (rest? n2)) (= (note-category n2) C) (= (relative-pitch n2) 1) (pitch>= n1 n2))	(multiply-duration 0.25 (transpose-diatonic 1 n1))	(multiply-duration 0.25 (transpose-diatonic 2 n1))	(multiply-duration 0.25 (transpose-diatonic 3 n1))	(multiply-duration 0.25 (transpose-diatonic 1 n1))	(multiply-duration 0.25 (transpose-diatonic 4 n2))	(multiply-duration 0.25 (transpose-diatonic 2 n2))	(multiply-duration 0.25 (transpose-diatonic 1 n2))	(multiply-duration 0.25 (transpose-diatonic b-1 n2))
TR	rel-pitch-3-to-5	1	true	n1 n2	(and (duration>= (duration n1) 2) (not (rest? n1)) (= (note-category n1) C) (= (relative-pitch n1) 3) (duration>= (duration n2) 2) (not (rest? n2)) (= (note-category n2) C) (= (relative-pitch n2) 5) (pitch< n1 n2))	(multiply-duration 0.25 (transpose-diatonic -2 n1))	(multiply-duration 0.25 (transpose-diatonic #-1 n1))	(multiply-duration 0.25 (transpose-diatonic 1 n1))	(multiply-duration 0.25 (transpose-diatonic 2 n1))	(multiply-duration 0.25 (transpose-diatonic #1 n2))	(multiply-duration 0.25 (transpose-diatonic 4 n2))	(multiply-duration 0.25 (transpose-diatonic -2 n2))	(multiply-duration 0.25 (transpose-diatonic #2 n2))
TR	rel-pitch-3-to-7	1	true	n1 n2	(and (duration>= (duration n1) 2) (not (rest? n1)) (= (note-category n1) C) (= (relative-pitch n1) 3) (duration>= (duration n2) 2) (not (rest? n2)) (= (note-category n2) C) (= (relative-pitch n2) 7) (pitch>= n1 n2))	(multiply-duration 0.5 (make-rest n1))	(multiply-duration 0.25 (transpose-diatonic -1 n1))	(multiply-duration 0.25 (transpose-diatonic 2 n1))	(multiply-duration 0.25 (transpose-diatonic 3 n2))	(multiply-duration 0.25 (transpose-diatonic 1 n2))	(multiply-duration 0.5 (transpose-diatonic -2 n2))
TR	rel-pitch-3-to-7	1	true	n1 n2	(and (duration>= (duration n1) 2) (not (rest? n1)) (= (note-category n1) C) (= (relative-pitch n1) 3) (duration>= (duration n2) 2) (not (rest? n2)) (= (note-category n2) C) (= (relative-pitch n2) 7) (pitch>= n1 n2))	(multiply-duration 0.5 (make-rest n1))	(multiply-duration 0.25 (transpose-diatonic 1 n1))	(multiply-duration 0.25 (transpose-diatonic 3 n1))	(multiply-duration 0.25 (transpose-diatonic 4 n2))	(multiply-duration 0.25 (transpose-diatonic #1 n2))	(multiply-duration 0.25 (transpose-diatonic -1 n2))	(multiply-duration 0.25 (transpose-diatonic #-4 n2))
TR	rel-pitch-3-to-7	1	true	n1 n2	(and (duration>= (duration n1) 2) (not (rest? n1)) (= (note-category n1) C) (= (relative-pitch n1) 3) (duration>= (duration n2) 2) (not (rest? n2)) (= (note-category n2) C) (= (relative-pitch n2) 7) (pitch>= n1 n2))	(multiply-duration 0.5 (transpose-diatonic -1 n1))	(multiply-duration 0.25 (transpose-diatonic 2 n1))	(multiply-duration 0.25 (transpose-diatonic -1 n1))	(multiply-duration 0.25 (make-rest n2))	(multiply-duration 0.25 (transpose-diatonic 1 n2))	(multiply-duration 0.5 (transpose-diatonic -2 n2))
TR	rel-pitch-3-to-1	1	true	n1 n2	(and (duration>= (duration n1) 2) (not (rest? n1)) (= (note-category n1) C) (= (relative-pitch n1) 3) (duration>= (duration n2) 2) (not (rest? n2)) (= (note-category n2) C) (= (relative-pitch n2) 1) (pitch>= n1 n2))	(multiply-duration 0.25 (transpose-diatonic 2 n1))	(multiply-duration 0.25 (transpose-diatonic 1 n1))	(multiply-duration 0.25 (transpose-diatonic b1 n1))	(multiply-duration 0.25 (transpose-diatonic -1 n1))	(multiply-duration 0.25 (transpose-diatonic b2 n2))	(multiply-duration 0.25 (transpose-diatonic #-1 n2))	(multiply-duration 0.25 (transpose-diatonic 1 n2))	(multiply-duration 0.25 (transpose-diatonic -1 n2))
TR	rel-pitch-3-to-5	1	true	n1 n2	(and (duration>= (duration n1) 2) (not (rest? n1)) (= (note-category n1) C) (= (relative-pitch n1) 3) (duration>= (duration n2) 2) (not (rest? n2)) (= (note-category n2) C) (= (relative-pitch n2) 5) (pitch>= n1 n2))	(multiply-duration 0.25 (transpose-diatonic 2 n1))	(multiply-duration 0.25 (transpose-diatonic 1 n1))	(multiply-duration 0.25 (transpose-diatonic -3 n1))	(multiply-duration 0.25 (transpose-diatonic -1 n1))	(multiply-duration 0.25 (transpose-diatonic 4 n2))	(multiply-duration 0.25 (transpose-diatonic 1 n2))	(multiply-duration 0.25 (transpose-diatonic -2 n2))	(multiply-duration 0.25 (transpose-diatonic -4 n2))
TR	rel-pitch-3-to-3	1	true	n1 n2	(and (duration>= (duration n1) 2) (not (rest? n1)) (= (note-category n1) C) (= (relative-pitch n1) 3) (duration>= (duration n2) 2) (not (rest? n2)) (= (note-category n2) C) (= (relative-pitch n2) 3) (pitch>= n1 n2))	(multiply-duration 0.16666666666666666 (transpose-diatonic 3 n1))	(multiply-duration 0.8333333333333334 (transpose-diatonic 1 n1))	(multiply-duration 1.0 (transpose-diatonic 1 n2))
TR	rel-pitch-3-to-#4	1	true	n1 n2	(and (duration>= (duration n1) 2) (not (rest? n1)) (= (note-category n1) C) (= (relative-pitch n1) 3) (duration>= (duration n2) 2) (not (rest? n2)) (= (note-category n2) C) (= (relative-pitch n2) #4) (pitch< n1 n2))	(multiply-duration 0.25 (transpose-diatonic 2 n1))	(multiply-duration 0.25 (transpose-diatonic 1 n1))	(multiply-duration 0.25 (transpose-diatonic b1 n1))	(multiply-duration 0.25 (transpose-diatonic -1 n1))	(multiply-duration 0.25 (transpose-diatonic bb-2 n2))	(multiply-duration 0.25 (transpose-diatonic b-3 n2))	(multiply-duration 0.25 (make-rest n2))	(multiply-duration 0.25 (transpose-diatonic bb7 n2))
TR	rel-pitch-3-to-3	1	true	n1 n2	(and (duration>= (duration n1) 2) (not (rest? n1)) (= (note-category n1) C) (= (relative-pitch n1) 3) (duration>= (duration n2) 2) (not (rest? n2)) (= (note-category n2) C) (= (relative-pitch n2) 3) (pitch>= n1 n2))	(multiply-duration 0.25 (transpose-diatonic -2 n1))	(multiply-duration 0.25 (transpose-diatonic -1 n1))	(multiply-duration 0.25 (transpose-diatonic 1 n1))	(multiply-duration 0.25 (transpose-diatonic 3 n1))	(multiply-duration 0.25 (transpose-diatonic 5 n2))	(multiply-duration 0.25 (transpose-diatonic 3 n2))	(multiply-duration 0.25 (transpose-diatonic 1 n2))	(multiply-duration 0.25 (transpose-diatonic -2 n2))
TR	rel-pitch-3-to-7	1	true	n1 n2	(and (duration>= (duration n1) 2) (not (rest? n1)) (= (note-category n1) C) (= (relative-pitch n1) 3) (duration>= (duration n2) 2) (not (rest? n2)) (= (note-category n2) C) (= (relative-pitch n2) 7) (pitch>= n1 n2))	(multiply-duration 0.25 (transpose-diatonic 1 n1))	(multiply-duration 0.25 (transpose-diatonic b1 n1))	(multiply-duration 0.25 (transpose-diatonic -1 n1))	(multiply-duration 0.25 (transpose-diatonic b-1 n1))	(multiply-duration 0.25 (transpose-diatonic 2 n2))	(multiply-duration 0.25 (transpose-diatonic #1 n2))	(multiply-duration 0.25 (transpose-diatonic 1 n2))	(multiply-duration 0.25 (transpose-diatonic -1 n2))
TR	rel-pitch-3-to-1	1	true	n1 n2	(and (duration>= (duration n1) 2) (not (rest? n1)) (= (note-category n1) C) (= (relative-pitch n1) 3) (duration>= (duration n2) 2) (not (rest? n2)) (= (note-category n2) C) (= (relative-pitch n2) 1) (pitch>= n1 n2))	(multiply-duration 0.25 (transpose-diatonic 1 n1))	(multiply-duration 0.25 (transpose-diatonic -1 n1))	(multiply-duration 0.25 (transpose-diatonic -3 n1))	(multiply-duration 0.25 (transpose-diatonic 3 n1))	(multiply-duration 0.25 (transpose-diatonic 3 n2))	(multiply-duration 0.25 (transpose-diatonic 2 n2))	(multiply-duration 0.25 (transpose-diatonic -1 n2))	(multiply-duration 0.25 (transpose-diatonic 4 n2))
TR	rel-pitch-3-to-3	1	true	n1 n2	(and (duration>= (duration n1) 2) (not (rest? n1)) (= (note-category n1) C) (= (relative-pitch n1) 3) (duration>= (duration n2) 2) (not (rest? n2)) (= (note-category n2) C) (= (relative-pitch n2) 3) (pitch< n1 n2))	(multiply-duration 0.25 (transpose-diatonic 3 n1))	(multiply-duration 0.25 (transpose-diatonic -2 n1))	(multiply-duration 0.5 (make-rest n1))	(multiply-duration 0.5 (make-rest n2))	(multiply-duration 0.25 (make-rest n2))	(multiply-duration 0.25 (transpose-diatonic -1 n2))
TR	rel-pitch-3-to-1	1	true	n1 n2	(and (duration>= (duration n1) 2) (not (rest? n1)) (= (note-category n1) C) (= (relative-pitch n1) 3) (duration>= (duration n2) 2) (not (rest? n2)) (= (note-category n2) C) (= (relative-pitch n2) 1) (pitch< n1 n2))	(multiply-duration 0.25 (transpose-diatonic 3 n1))	(multiply-duration 0.25 (transpose-diatonic 2 n1))	(multiply-duration 0.25 (transpose-diatonic 1 n1))	(multiply-duration 0.25 (transpose-diatonic 3 n1))	(multiply-duration 0.25 (transpose-diatonic -1 n2))	(multiply-duration 0.25 (transpose-diatonic b2 n2))	(multiply-duration 0.25 (transpose-diatonic 1 n2))	(multiply-duration 0.25 (transpose-diatonic -1 n2))
TR	rel-pitch-3-to-3	1	true	n1 n2	(and (duration>= (duration n1) 2) (not (rest? n1)) (= (note-category n1) C) (= (relative-pitch n1) 3) (duration>= (duration n2) 2) (not (rest? n2)) (= (note-category n2) C) (= (relative-pitch n2) 3) (pitch>= n1 n2))	(multiply-duration 0.25 (transpose-diatonic -2 n1))	(multiply-duration 0.25 (transpose-diatonic #-1 n1))	(multiply-duration 0.25 (transpose-diatonic 1 n1))	(multiply-duration 0.25 (transpose-diatonic 2 n1))	(multiply-duration 0.25 (transpose-diatonic 3 n2))	(multiply-duration 0.25 (transpose-diatonic #-1 n2))	(multiply-duration 0.25 (transpose-diatonic 2 n2))	(multiply-duration 0.25 (transpose-diatonic #-1 n2))
TR	rel-pitch-3-to-5	1	true	n1 n2	(and (duration>= (duration n1) 2) (not (rest? n1)) (= (note-category n1) C) (= (relative-pitch n1) 3) (duration>= (duration n2) 2) (not (rest? n2)) (= (note-category n2) C) (= (relative-pitch n2) 5) (pitch< n1 n2))	(multiply-duration 0.25 (transpose-diatonic -3 n1))	(multiply-duration 0.25 (transpose-diatonic -1 n1))	(multiply-duration 0.25 (transpose-diatonic 1 n1))	(multiply-duration 0.25 (transpose-diatonic 3 n1))	(multiply-duration 0.25 (transpose-diatonic 3 n2))	(multiply-duration 0.25 (transpose-diatonic 1 n2))	(multiply-duration 0.25 (transpose-diatonic 2 n2))	(multiply-duration 0.25 (transpose-diatonic #-1 n2))
TR	rel-pitch-3-to-3	1	true	n1 n2	(and (duration>= (duration n1) 2) (not (rest? n1)) (= (note-category n1) C) (= (relative-pitch n1) 3) (duration>= (duration n2) 2) (not (rest? n2)) (= (note-category n2) C) (= (relative-pitch n2) 3) (pitch>= n1 n2))	(multiply-duration 0.25 (transpose-diatonic 1 n1))	(multiply-duration 0.25 (transpose-diatonic #3 n1))	(multiply-duration 0.25 (transpose-diatonic b1 n1))	(multiply-duration 0.25 (transpose-diatonic -1 n1))	(multiply-duration 0.25 (transpose-diatonic b-1 n2))	(multiply-duration 0.25 (transpose-diatonic b1 n2))	(multiply-duration 0.25 (transpose-diatonic 1 n2))	(multiply-duration 0.25 (transpose-diatonic #3 n2))
TR	rel-pitch-3-to-7	1	true	n1 n2	(and (duration>= (duration n1) 2) (not (rest? n1)) (= (note-category n1) C) (= (relative-pitch n1) 3) (duration>= (duration n2) 2) (not (rest? n2)) (= (note-category n2) C) (= (relative-pitch n2) 7) (pitch>= n1 n2))	(multiply-duration 0.25 (transpose-diatonic 2 n1))	(multiply-duration 0.25 (transpose-diatonic #2 n1))	(multiply-duration 0.16666666666666666 (transpose-diatonic 3 n1))	(multiply-duration 0.16666666666666666 (transpose-diatonic #2 n1))	(multiply-duration 0.16666666666666666 (transpose-diatonic 2 n1))	(multiply-duration 0.25 (transpose-diatonic 4 n2))	(multiply-duration 0.25 (transpose-diatonic 2 n2))	(multiply-duration 0.25 (transpose-diatonic -1 n2))	(multiply-duration 0.25 (transpose-diatonic #-2 n2))
TR	rel-pitch-3-to-rest	1	true	n1 n2	(and (duration>= (duration n1) 2) (not (rest? n1)) (= (note-category n1) C) (= (relative-pitch n1) 3) (duration>= (duration n2) 2) (rest? n2))	(multiply-duration 0.25 (transpose-diatonic b1 n1))	(multiply-duration 0.25 (transpose-diatonic b-1 n1))	(multiply-duration 0.25 (transpose-diatonic b1 n1))	(multiply-duration 0.25 (transpose-diatonic b-1 n1))	n2
TR	rel-pitch-3-to-1	1	true	n1 n2	(and (duration>= (duration n1) 2) (not (rest? n1)) (= (note-category n1) C) (= (relative-pitch n1) 3) (duration>= (duration n2) 2) (not (rest? n2)) (= (note-category n2) C) (= (relative-pitch n2) 1) (pitch>= n1 n2))	(multiply-duration 0.25 (transpose-diatonic 2 n1))	(multiply-duration 0.25 (transpose-diatonic -1 n1))	(multiply-duration 0.25 (transpose-diatonic b3 n1))	(multiply-duration 0.25 (transpose-diatonic -1 n1))	(multiply-duration 0.25 (transpose-diatonic 5 n2))	(multiply-duration 0.25 (transpose-diatonic 3 n2))	(multiply-duration 0.25 (transpose-diatonic b-1 n2))	(multiply-duration 0.25 (transpose-diatonic -3 n2))
TR	rel-pitch-3-to-b2	1	true	n1 n2	(and (duration>= (duration n1) 2) (not (rest? n1)) (= (note-category n1) C) (= (relative-pitch n1) 3) (duration>= (duration n2) 2) (not (rest? n2)) (= (note-category n2) C) (= (relative-pitch n2) b2) (pitch>= n1 n2))	(multiply-duration 0.25 (transpose-diatonic 2 n1))	(multiply-duration 0.25 (transpose-diatonic b-1 n1))	(multiply-duration 0.16666666666666666 (transpose-diatonic 1 n1))	(multiply-duration 0.16666666666666666 (transpose-diatonic 2 n1))	(multiply-duration 0.16666666666666666 (transpose-diatonic 1 n1))	(multiply-duration 0.25 (transpose-diatonic 2 n2))	(multiply-duration 0.25 (transpose-diatonic #1 n2))	(multiply-duration 0.25 (transpose-diatonic 1 n2))	(multiply-duration 0.25 (transpose-diatonic #-2 n2))
TR	rel-pitch-3-to-7	1	true	n1 n2	(and (duration>= (duration n1) 2) (not (rest? n1)) (= (note-category n1) C) (= (relative-pitch n1) 3) (duration>= (duration n2) 2) (not (rest? n2)) (= (note-category n2) C) (= (relative-pitch n2) 7) (pitch< n1 n2))	(multiply-duration 0.25 (transpose-diatonic b-1 n1))	(multiply-duration 0.25 (transpose-diatonic b1 n1))	(multiply-duration 0.25 (transpose-diatonic 1 n1))	(multiply-duration 0.25 (transpose-diatonic #2 n1))	(multiply-duration 0.25 (transpose-diatonic -2 n2))	(multiply-duration 0.25 (transpose-diatonic -1 n2))	(multiply-duration 0.25 (transpose-diatonic 1 n2))	(multiply-duration 0.25 (transpose-diatonic 2 n2))
TR	rel-pitch-3-to-7	1	true	n1 n2	(and (duration>= (duration n1) 2) (not (rest? n1)) (= (note-category n1) C) (= (relative-pitch n1) 3) (duration>= (duration n2) 2) (not (rest? n2)) (= (note-category n2) C) (= (relative-pitch n2) 7) (pitch< n1 n2))	(multiply-duration 0.25 (transpose-diatonic -2 n1))	(multiply-duration 0.25 (transpose-diatonic -1 n1))	(multiply-duration 0.25 (transpose-diatonic 1 n1))	(multiply-duration 0.25 (transpose-diatonic 3 n1))	(multiply-duration 0.25 (transpose-diatonic b1 n2))	(multiply-duration 0.25 (transpose-diatonic 2 n2))	(multiply-duration 0.25 (transpose-diatonic 3 n2))	(multiply-duration 0.25 (transpose-diatonic b1 n2))
TR	rel-pitch-3-to-1	1	true	n1 n2	(and (duration>= (duration n1) 2) (not (rest? n1)) (= (note-category n1) C) (= (relative-pitch n1) 3) (duration>= (duration n2) 2) (not (rest? n2)) (= (note-category n2) C) (= (relative-pitch n2) 1) (pitch>= n1 n2))	(multiply-duration 0.25 (transpose-diatonic b-1 n1))	(multiply-duration 0.25 (transpose-diatonic b1 n1))	(multiply-duration 0.25 (transpose-diatonic 1 n1))	(multiply-duration 0.25 (transpose-diatonic #2 n1))	(multiply-duration 0.5 (transpose-diatonic b3 n2))	(multiply-duration 0.25 (transpose-diatonic b2 n2))	(multiply-duration 0.25 (transpose-diatonic 1 n2))
TR	rel-pitch-3-to-3	1	true	n1 n2	(and (duration>= (duration n1) 2) (not (rest? n1)) (= (note-category n1) C) (= (relative-pitch n1) 3) (duration>= (duration n2) 2) (not (rest? n2)) (= (note-category n2) C) (= (relative-pitch n2) 3) (pitch>= n1 n2))	(multiply-duration 0.25 (make-rest n1))	(multiply-duration 0.75 (transpose-diatonic 1 n1))	(multiply-duration 0.75 (transpose-diatonic 1 n2))	(multiply-duration 0.25 (transpose-diatonic 2 n2))
TR	rel-pitch-3	1	true	n1	(and (duration>= (duration n1) 2) (not (rest? n1)) (= (note-category n1) C) (= (relative-pitch n1) 3))	(multiply-duration 0.75 (transpose-diatonic 2 n1))	(multiply-duration 0.25 (transpose-diatonic b1 n1))
TR	rel-pitch-3	1	true	n1	(and (duration>= (duration n1) 2) (not (rest? n1)) (= (note-category n1) C) (= (relative-pitch n1) 3))	(multiply-duration 0.25 (transpose-diatonic #3 n1))	(multiply-duration 0.25 (transpose-diatonic 1 n1))	(multiply-duration 0.25 (transpose-diatonic #-1 n1))	(multiply-duration 0.25 (transpose-diatonic -2 n1))
TR	rel-pitch-3	3	true	n1	(and (duration>= (duration n1) 2) (not (rest? n1)) (= (note-category n1) C) (= (relative-pitch n1) 3))	(multiply-duration 0.25 (transpose-diatonic 2 n1))	(multiply-duration 0.25 (transpose-diatonic 1 n1))	(multiply-duration 0.25 (transpose-diatonic b1 n1))	(multiply-duration 0.25 (transpose-diatonic -1 n1))
TR	rel-pitch-3	1	true	n1	(and (duration>= (duration n1) 2) (not (rest? n1)) (= (note-category n1) C) (= (relative-pitch n1) 3))	(multiply-duration 0.5 (transpose-diatonic -1 n1))	(multiply-duration 0.25 (transpose-diatonic b1 n1))	(multiply-duration 0.25 (transpose-diatonic 1 n1))
TR	rel-pitch-3	1	true	n1	(and (duration>= (duration n1) 2) (not (rest? n1)) (= (note-category n1) C) (= (relative-pitch n1) 3))	(multiply-duration 0.25 (make-rest n1))	(multiply-duration 0.25 (transpose-diatonic b1 n1))	(multiply-duration 0.25 (make-rest n1))	(multiply-duration 0.25 (transpose-diatonic b1 n1))
TR	rel-pitch-3	7	true	n1	(and (duration>= (duration n1) 2) (not (rest? n1)) (= (note-category n1) C) (= (relative-pitch n1) 3))	(multiply-duration 0.25 (transpose-diatonic -2 n1))	(multiply-duration 0.25 (transpose-diatonic -1 n1))	(multiply-duration 0.25 (transpose-diatonic 1 n1))	(multiply-duration 0.25 (transpose-diatonic 3 n1))
TR	rel-pitch-3	1	true	n1	(and (duration>= (duration n1) 2) (not (rest? n1)) (= (note-category n1) C) (= (relative-pitch n1) 3))	(multiply-duration 0.25 (transpose-diatonic 4 n1))	(multiply-duration 0.25 (transpose-diatonic 2 n1))	(multiply-duration 0.25 (transpose-diatonic -1 n1))	(multiply-duration 0.25 (transpose-diatonic -3 n1))
TR	rel-pitch-3	2	true	n1	(and (duration>= (duration n1) 2) (not (rest? n1)) (= (note-category n1) C) (= (relative-pitch n1) 3))	(multiply-duration 0.25 (transpose-diatonic 2 n1))	(multiply-duration 0.25 (transpose-diatonic #1 n1))	(multiply-duration 0.25 (transpose-diatonic 1 n1))	(multiply-duration 0.25 (transpose-diatonic 3 n1))
TR	rel-pitch-3	1	true	n1	(and (duration>= (duration n1) 2) (not (rest? n1)) (= (note-category n1) C) (= (relative-pitch n1) 3))	(multiply-duration 0.25 (transpose-diatonic 2 n1))	(multiply-duration 0.25 (transpose-diatonic -1 n1))	(multiply-duration 0.5 (transpose-diatonic 1 n1))
TR	rel-pitch-3	3	true	n1	(and (duration>= (duration n1) 2) (not (rest? n1)) (= (note-category n1) C) (= (relative-pitch n1) 3))	(multiply-duration 0.25 (make-rest n1))	(multiply-duration 0.25 (transpose-diatonic b1 n1))	(multiply-duration 0.25 (transpose-diatonic 1 n1))	(multiply-duration 0.25 (transpose-diatonic 3 n1))
TR	rel-pitch-3	1	true	n1	(and (duration>= (duration n1) 2) (not (rest? n1)) (= (note-category n1) C) (= (relative-pitch n1) 3))	(multiply-duration 0.5 (transpose-diatonic b1 n1))	(multiply-duration 0.25 (transpose-diatonic #3 n1))	(multiply-duration 0.25 (transpose-diatonic 2 n1))
TR	rel-pitch-3	1	true	n1	(and (duration>= (duration n1) 2) (not (rest? n1)) (= (note-category n1) C) (= (relative-pitch n1) 3))	(multiply-duration 0.5 (transpose-diatonic #-1 n1))	(multiply-duration 0.25 (transpose-diatonic 2 n1))	(multiply-duration 0.25 (transpose-diatonic 1 n1))
TR	rel-pitch-3	1	true	n1	(and (duration>= (duration n1) 2) (not (rest? n1)) (= (note-category n1) C) (= (relative-pitch n1) 3))	(multiply-duration 0.25 (make-rest n1))	(multiply-duration 0.25 (transpose-diatonic 1 n1))	(multiply-duration 0.5 (transpose-diatonic -1 n1))
TR	rel-pitch-3	1	true	n1	(and (duration>= (duration n1) 2) (not (rest? n1)) (= (note-category n1) C) (= (relative-pitch n1) 3))	(multiply-duration 0.5 (transpose-diatonic 1 n1))	(multiply-duration 0.25 (transpose-diatonic 3 n1))	(multiply-duration 0.25 (transpose-diatonic -2 n1))
TR	rel-pitch-3	1	true	n1	(and (duration>= (duration n1) 2) (not (rest? n1)) (= (note-category n1) C) (= (relative-pitch n1) 3))	(multiply-duration 0.25 (transpose-diatonic -1 n1))	(multiply-duration 0.25 (transpose-diatonic #-1 n1))	(multiply-duration 0.25 (transpose-diatonic 2 n1))	(multiply-duration 0.25 (transpose-diatonic #-1 n1))
TR	rel-pitch-3	1	true	n1	(and (duration>= (duration n1) 2) (not (rest? n1)) (= (note-category n1) C) (= (relative-pitch n1) 3))	(multiply-duration 0.25 (transpose-diatonic 1 n1))	(multiply-duration 0.25 (transpose-diatonic 3 n1))	(multiply-duration 0.25 (transpose-diatonic 1 n1))	(multiply-duration 0.25 (transpose-diatonic -4 n1))
TR	rel-pitch-3	1	true	n1	(and (duration>= (duration n1) 2) (not (rest? n1)) (= (note-category n1) C) (= (relative-pitch n1) 3))	(multiply-duration 0.25 (transpose-diatonic -2 n1))	(multiply-duration 0.25 (transpose-diatonic -1 n1))	(multiply-duration 0.25 (transpose-diatonic 2 n1))	(multiply-duration 0.25 (transpose-diatonic #3 n1))
TR	rel-pitch-3	1	true	n1	(and (duration>= (duration n1) 2) (not (rest? n1)) (= (note-category n1) C) (= (relative-pitch n1) 3))	(multiply-duration 0.25 (transpose-diatonic #-1 n1))	(multiply-duration 0.25 (transpose-diatonic 2 n1))	(multiply-duration 0.25 (transpose-diatonic 1 n1))	(multiply-duration 0.25 (transpose-diatonic -1 n1))
TR	rel-pitch-3	3	true	n1	(and (duration>= (duration n1) 2) (not (rest? n1)) (= (note-category n1) C) (= (relative-pitch n1) 3))	(multiply-duration 1.0 (transpose-diatonic 1 n1))
TR	rel-pitch-3	1	true	n1	(and (duration>= (duration n1) 2) (not (rest? n1)) (= (note-category n1) C) (= (relative-pitch n1) 3))	(multiply-duration 0.25 (transpose-diatonic b1 n1))	(multiply-duration 0.25 (transpose-diatonic #2 n1))	(multiply-duration 0.25 (transpose-diatonic 2 n1))	(multiply-duration 0.25 (transpose-diatonic 1 n1))
TR	rel-pitch-3	1	true	n1	(and (duration>= (duration n1) 2) (not (rest? n1)) (= (note-category n1) C) (= (relative-pitch n1) 3))	(multiply-duration 0.5 (transpose-diatonic 1 n1))	(multiply-duration 0.5 (make-rest n1))
TR	rel-pitch-3	1	true	n1	(and (duration>= (duration n1) 2) (not (rest? n1)) (= (note-category n1) C) (= (relative-pitch n1) 3))	(multiply-duration 0.25 (make-rest n1))	(multiply-duration 0.25 (transpose-diatonic 1 n1))	(multiply-duration 0.25 (transpose-diatonic 3 n1))	(multiply-duration 0.25 (transpose-diatonic #1 n1))
TR	rel-pitch-3	1	true	n1	(and (duration>= (duration n1) 2) (not (rest? n1)) (= (note-category n1) C) (= (relative-pitch n1) 3))	(multiply-duration 0.25 (transpose-diatonic 5 n1))	(multiply-duration 0.25 (transpose-diatonic -1 n1))	(multiply-duration 0.25 (transpose-diatonic -2 n1))	(multiply-duration 0.25 (transpose-diatonic -1 n1))
TR	rel-pitch-3	3	true	n1	(and (duration>= (duration n1) 2) (not (rest? n1)) (= (note-category n1) C) (= (relative-pitch n1) 3))	(multiply-duration 0.25 (transpose-diatonic b-1 n1))	(multiply-duration 0.25 (transpose-diatonic b1 n1))	(multiply-duration 0.25 (transpose-diatonic 1 n1))	(multiply-duration 0.25 (transpose-diatonic #2 n1))
TR	rel-pitch-3	1	true	n1	(and (duration>= (duration n1) 2) (not (rest? n1)) (= (note-category n1) C) (= (relative-pitch n1) 3))	(multiply-duration 0.5 (transpose-diatonic b1 n1))	(multiply-duration 0.5 (make-rest n1))
TR	rel-pitch-3	1	true	n1	(and (duration>= (duration n1) 2) (not (rest? n1)) (= (note-category n1) C) (= (relative-pitch n1) 3))	(multiply-duration 0.25 (transpose-diatonic #-3 n1))	(multiply-duration 0.25 (transpose-diatonic 3 n1))	(multiply-duration 0.5 (make-rest n1))
TR	rel-pitch-3	1	true	n1	(and (duration>= (duration n1) 2) (not (rest? n1)) (= (note-category n1) C) (= (relative-pitch n1) 3))	(multiply-duration 0.25 (make-rest n1))	(multiply-duration 0.25 (transpose-diatonic -1 n1))	(multiply-duration 0.25 (make-rest n1))	(multiply-duration 0.25 (transpose-diatonic -1 n1))
TR	rel-pitch-3	1	true	n1	(and (duration>= (duration n1) 2) (not (rest? n1)) (= (note-category n1) C) (= (relative-pitch n1) 3))	(multiply-duration 0.25 (transpose-diatonic 1 n1))	(multiply-duration 0.25 (transpose-diatonic 4 n1))	(multiply-duration 0.5 (transpose-diatonic 1 n1))
TR	rel-pitch-3	1	true	n1	(and (duration>= (duration n1) 2) (not (rest? n1)) (= (note-category n1) C) (= (relative-pitch n1) 3))	(multiply-duration 0.25 (transpose-diatonic 2 n1))	(multiply-duration 0.25 (transpose-diatonic 1 n1))	(multiply-duration 0.25 (transpose-diatonic -1 n1))	(multiply-duration 0.25 (transpose-diatonic b-1 n1))
TR	rel-pitch-3	3	true	n1	(and (duration>= (duration n1) 2) (not (rest? n1)) (= (note-category n1) C) (= (relative-pitch n1) 3))	(multiply-duration 0.25 (transpose-diatonic -2 n1))	(multiply-duration 0.25 (transpose-diatonic #-1 n1))	(multiply-duration 0.25 (transpose-diatonic 1 n1))	(multiply-duration 0.25 (transpose-diatonic 2 n1))
TR	rel-pitch-3	4	true	n1	(and (duration>= (duration n1) 2) (not (rest? n1)) (= (note-category n1) C) (= (relative-pitch n1) 3))	(multiply-duration 0.25 (transpose-diatonic 1 n1))	(multiply-duration 0.25 (transpose-diatonic 3 n1))	(multiply-duration 0.25 (transpose-diatonic 1 n1))	(multiply-duration 0.25 (transpose-diatonic -1 n1))
TR	rel-pitch-3	2	true	n1	(and (duration>= (duration n1) 2) (not (rest? n1)) (= (note-category n1) C) (= (relative-pitch n1) 3))	(multiply-duration 0.75 (make-rest n1))	(multiply-duration 0.25 (transpose-diatonic b1 n1))
TR	rel-pitch-3	1	true	n1	(and (duration>= (duration n1) 2) (not (rest? n1)) (= (note-category n1) C) (= (relative-pitch n1) 3))	(multiply-duration 0.25 (transpose-diatonic #2 n1))	(multiply-duration 0.25 (transpose-diatonic -1 n1))	(multiply-duration 0.5 (make-rest n1))
TR	rel-pitch-3	1	true	n1	(and (duration>= (duration n1) 2) (not (rest? n1)) (= (note-category n1) C) (= (relative-pitch n1) 3))	(multiply-duration 0.25 (transpose-diatonic 2 n1))	(multiply-duration 0.25 (transpose-diatonic b-1 n1))	(multiply-duration 0.25 (transpose-diatonic 2 n1))	(multiply-duration 0.25 (transpose-diatonic #3 n1))
TR	rel-pitch-3	1	true	n1	(and (duration>= (duration n1) 2) (not (rest? n1)) (= (note-category n1) C) (= (relative-pitch n1) 3))	(multiply-duration 0.6666666666666666 (transpose-diatonic b1 n1))	(multiply-duration 0.16666666666666666 (transpose-diatonic -1 n1))	(multiply-duration 0.16666666666666666 (transpose-diatonic b-1 n1))
TR	rel-pitch-3	1	true	n1	(and (duration>= (duration n1) 2) (not (rest? n1)) (= (note-category n1) C) (= (relative-pitch n1) 3))	(multiply-duration 0.5 (transpose-diatonic 1 n1))	(multiply-duration 0.5 (transpose-diatonic 2 n1))
TR	rel-pitch-3	1	true	n1	(and (duration>= (duration n1) 2) (not (rest? n1)) (= (note-category n1) C) (= (relative-pitch n1) 3))	(multiply-duration 0.5 (transpose-diatonic -3 n1))	(multiply-duration 0.25 (transpose-diatonic #3 n1))	(multiply-duration 0.25 (transpose-diatonic 2 n1))
TR	rel-pitch-3	1	true	n1	(and (duration>= (duration n1) 2) (not (rest? n1)) (= (note-category n1) C) (= (relative-pitch n1) 3))	(multiply-duration 1.0 (transpose-diatonic #-1 n1))
TR	rel-pitch-3	1	true	n1	(and (duration>= (duration n1) 2) (not (rest? n1)) (= (note-category n1) C) (= (relative-pitch n1) 3))	(multiply-duration 0.25 (transpose-diatonic 2 n1))	(multiply-duration 0.25 (transpose-diatonic -1 n1))	(multiply-duration 0.25 (transpose-diatonic #2 n1))	(multiply-duration 0.25 (transpose-diatonic b1 n1))
TR	rel-pitch-3	1	true	n1	(and (duration>= (duration n1) 2) (not (rest? n1)) (= (note-category n1) C) (= (relative-pitch n1) 3))	(multiply-duration 0.25 (transpose-diatonic 1 n1))	(multiply-duration 0.25 (transpose-diatonic -2 n1))	(multiply-duration 0.5 (make-rest n1))
TR	rel-pitch-3	1	true	n1	(and (duration>= (duration n1) 2) (not (rest? n1)) (= (note-category n1) C) (= (relative-pitch n1) 3))	(multiply-duration 0.16666666666666666 (transpose-diatonic 1 n1))	(multiply-duration 0.16666666666666666 (transpose-diatonic -2 n1))	(multiply-duration 0.16666666666666666 (transpose-diatonic 1 n1))	(multiply-duration 0.16666666666666666 (transpose-diatonic 3 n1))	(multiply-duration 0.16666666666666666 (transpose-diatonic 1 n1))	(multiply-duration 0.16666666666666666 (transpose-diatonic 3 n1))
TR	rel-pitch-3	1	true	n1	(and (duration>= (duration n1) 2) (not (rest? n1)) (= (note-category n1) C) (= (relative-pitch n1) 3))	(multiply-duration 0.25 (transpose-diatonic 2 n1))	(multiply-duration 0.25 (transpose-diatonic 1 n1))	(multiply-duration 0.5 (make-rest n1))
TR	rel-pitch-3	1	true	n1	(and (duration>= (duration n1) 2) (not (rest? n1)) (= (note-category n1) C) (= (relative-pitch n1) 3))	(multiply-duration 0.16666666666666666 (transpose-diatonic -1 n1))	(multiply-duration 0.16666666666666666 (transpose-diatonic 1 n1))	(multiply-duration 0.16666666666666666 (transpose-diatonic #1 n1))	(multiply-duration 0.16666666666666666 (transpose-diatonic 2 n1))	(multiply-duration 0.16666666666666666 (transpose-diatonic #1 n1))	(multiply-duration 0.16666666666666666 (transpose-diatonic 1 n1))
TR	rel-pitch-3	1	true	n1	(and (duration>= (duration n1) 2) (not (rest? n1)) (= (note-category n1) C) (= (relative-pitch n1) 3))	(multiply-duration 0.5 (make-rest n1))	(multiply-duration 0.25 (transpose-diatonic -1 n1))	(multiply-duration 0.25 (transpose-diatonic #2 n1))
TR	rel-pitch-3	1	true	n1	(and (duration>= (duration n1) 2) (not (rest? n1)) (= (note-category n1) C) (= (relative-pitch n1) 3))	(multiply-duration 0.25 (transpose-diatonic 3 n1))	(multiply-duration 0.25 (transpose-diatonic 2 n1))	(multiply-duration 0.5 (transpose-diatonic 1 n1))
TR	rel-pitch-3	1	true	n1	(and (duration>= (duration n1) 2) (not (rest? n1)) (= (note-category n1) C) (= (relative-pitch n1) 3))	(multiply-duration 0.25 (transpose-diatonic 2 n1))	(multiply-duration 0.25 (transpose-diatonic -2 n1))	(multiply-duration 0.25 (transpose-diatonic 3 n1))	(multiply-duration 0.25 (transpose-diatonic 2 n1))
TR	rel-pitch-3	1	true	n1	(and (duration>= (duration n1) 2) (not (rest? n1)) (= (note-category n1) C) (= (relative-pitch n1) 3))	(multiply-duration 0.25 (transpose-diatonic 1 n1))	(multiply-duration 0.25 (transpose-diatonic -1 n1))	(multiply-duration 0.25 (transpose-diatonic -2 n1))	(multiply-duration 0.25 (transpose-diatonic -1 n1))
TR	rel-pitch-3	2	true	n1	(and (duration>= (duration n1) 2) (not (rest? n1)) (= (note-category n1) C) (= (relative-pitch n1) 3))	(multiply-duration 0.25 (transpose-diatonic 3 n1))	(multiply-duration 0.25 (transpose-diatonic 1 n1))	(multiply-duration 0.25 (transpose-diatonic 3 n1))	(multiply-duration 0.25 (transpose-diatonic 1 n1))
TR	rel-pitch-3	1	true	n1	(and (duration>= (duration n1) 2) (not (rest? n1)) (= (note-category n1) C) (= (relative-pitch n1) 3))	(multiply-duration 0.25 (transpose-diatonic -1 n1))	(multiply-duration 0.25 (transpose-diatonic -2 n1))	(multiply-duration 0.25 (transpose-diatonic 2 n1))	(multiply-duration 0.25 (transpose-diatonic #1 n1))
TR	rel-pitch-3	1	true	n1	(and (duration>= (duration n1) 2) (not (rest? n1)) (= (note-category n1) C) (= (relative-pitch n1) 3))	(multiply-duration 0.5 (transpose-diatonic 1 n1))	(multiply-duration 0.25 (transpose-diatonic -2 n1))	(multiply-duration 0.25 (transpose-diatonic 1 n1))
TR	rel-pitch-3	1	true	n1	(and (duration>= (duration n1) 2) (not (rest? n1)) (= (note-category n1) C) (= (relative-pitch n1) 3))	(multiply-duration 0.25 (transpose-diatonic b1 n1))	(multiply-duration 0.25 (transpose-diatonic -2 n1))	(multiply-duration 0.25 (transpose-diatonic 3 n1))	(multiply-duration 0.25 (transpose-diatonic 2 n1))
TR	rel-pitch-3	1	true	n1	(and (duration>= (duration n1) 2) (not (rest? n1)) (= (note-category n1) C) (= (relative-pitch n1) 3))	(multiply-duration 0.25 (make-rest n1))	(multiply-duration 0.25 (transpose-diatonic 2 n1))	(multiply-duration 0.5 (transpose-diatonic -1 n1))
TR	rel-pitch-3	1	true	n1	(and (duration>= (duration n1) 2) (not (rest? n1)) (= (note-category n1) C) (= (relative-pitch n1) 3))	(multiply-duration 0.25 (make-rest n1))	(multiply-duration 0.25 (transpose-diatonic 3 n1))	(multiply-duration 0.5 (transpose-diatonic 1 n1))
TR	rel-pitch-3	1	true	n1	(and (duration>= (duration n1) 2) (not (rest? n1)) (= (note-category n1) C) (= (relative-pitch n1) 3))	(multiply-duration 0.25 (transpose-diatonic -3 n1))	(multiply-duration 0.25 (transpose-diatonic -2 n1))	(multiply-duration 0.25 (transpose-diatonic 1 n1))	(multiply-duration 0.25 (transpose-diatonic 3 n1))
TR	rel-pitch-3	1	true	n1	(and (duration>= (duration n1) 2) (not (rest? n1)) (= (note-category n1) C) (= (relative-pitch n1) 3))	(multiply-duration 0.25 (transpose-diatonic b1 n1))	(multiply-duration 0.25 (transpose-diatonic 2 n1))	(multiply-duration 0.25 (transpose-diatonic #2 n1))	(multiply-duration 0.25 (transpose-diatonic 3 n1))
TR	rel-pitch-3	2	true	n1	(and (duration>= (duration n1) 2) (not (rest? n1)) (= (note-category n1) C) (= (relative-pitch n1) 3))	(multiply-duration 0.25 (transpose-diatonic 3 n1))	(multiply-duration 0.25 (transpose-diatonic 1 n1))	(multiply-duration 0.25 (transpose-diatonic -2 n1))	(multiply-duration 0.25 (transpose-diatonic -4 n1))
TR	rel-pitch-3	1	true	n1	(and (duration>= (duration n1) 2) (not (rest? n1)) (= (note-category n1) C) (= (relative-pitch n1) 3))	(multiply-duration 0.25 (transpose-diatonic -2 n1))	(multiply-duration 0.25 (transpose-diatonic 3 n1))	(multiply-duration 0.25 (transpose-diatonic 1 n1))	(multiply-duration 0.25 (transpose-diatonic -2 n1))
TR	rel-pitch-3	1	true	n1	(and (duration>= (duration n1) 2) (not (rest? n1)) (= (note-category n1) C) (= (relative-pitch n1) 3))	(multiply-duration 0.25 (transpose-diatonic 1 n1))	(multiply-duration 0.25 (transpose-diatonic -2 n1))	(multiply-duration 0.5 (transpose-diatonic 2 n1))
TR	rel-pitch-3	1	true	n1	(and (duration>= (duration n1) 2) (not (rest? n1)) (= (note-category n1) C) (= (relative-pitch n1) 3))	(multiply-duration 0.25 (transpose-diatonic 1 n1))	(multiply-duration 0.25 (transpose-diatonic 2 n1))	(multiply-duration 0.25 (transpose-diatonic 3 n1))	(multiply-duration 0.25 (transpose-diatonic 1 n1))
TR	rel-pitch-3	1	true	n1	(and (duration>= (duration n1) 2) (not (rest? n1)) (= (note-category n1) C) (= (relative-pitch n1) 3))	(multiply-duration 0.5 (make-rest n1))	(multiply-duration 0.25 (transpose-diatonic -1 n1))	(multiply-duration 0.25 (transpose-diatonic 2 n1))
TR	rel-pitch-3	1	true	n1	(and (duration>= (duration n1) 2) (not (rest? n1)) (= (note-category n1) C) (= (relative-pitch n1) 3))	(multiply-duration 0.5 (make-rest n1))	(multiply-duration 0.25 (transpose-diatonic 1 n1))	(multiply-duration 0.25 (transpose-diatonic 3 n1))
TR	rel-pitch-3	1	true	n1	(and (duration>= (duration n1) 2) (not (rest? n1)) (= (note-category n1) C) (= (relative-pitch n1) 3))	(multiply-duration 0.5 (transpose-diatonic -1 n1))	(multiply-duration 0.25 (transpose-diatonic 2 n1))	(multiply-duration 0.25 (transpose-diatonic -1 n1))
TR	rel-pitch-3	1	true	n1	(and (duration>= (duration n1) 2) (not (rest? n1)) (= (note-category n1) C) (= (relative-pitch n1) 3))	(multiply-duration 0.25 (transpose-diatonic -3 n1))	(multiply-duration 0.25 (transpose-diatonic -2 n1))	(multiply-duration 0.16666666666666666 (transpose-diatonic 1 n1))	(multiply-duration 0.16666666666666666 (transpose-diatonic 3 n1))	(multiply-duration 0.16666666666666666 (transpose-diatonic 5 n1))
TR	rel-pitch-3	1	true	n1	(and (duration>= (duration n1) 2) (not (rest? n1)) (= (note-category n1) C) (= (relative-pitch n1) 3))	(multiply-duration 0.25 (transpose-diatonic #3 n1))	(multiply-duration 0.25 (transpose-diatonic 1 n1))	(multiply-duration 0.25 (transpose-diatonic b1 n1))	(multiply-duration 0.25 (transpose-diatonic b-1 n1))
TR	rel-pitch-3	1	true	n1	(and (duration>= (duration n1) 2) (not (rest? n1)) (= (note-category n1) C) (= (relative-pitch n1) 3))	(multiply-duration 0.25 (transpose-diatonic 1 n1))	(multiply-duration 0.25 (transpose-diatonic 2 n1))	(multiply-duration 0.25 (transpose-diatonic 1 n1))	(multiply-duration 0.25 (transpose-diatonic -2 n1))
TR	rel-pitch-3	1	true	n1	(and (duration>= (duration n1) 2) (not (rest? n1)) (= (note-category n1) C) (= (relative-pitch n1) 3))	(multiply-duration 0.5 (transpose-diatonic -2 n1))	(multiply-duration 0.25 (transpose-diatonic 1 n1))	(multiply-duration 0.25 (transpose-diatonic 2 n1))
TR	rel-pitch-3	1	true	n1	(and (duration>= (duration n1) 2) (not (rest? n1)) (= (note-category n1) C) (= (relative-pitch n1) 3))	(multiply-duration 0.25 (transpose-diatonic 2 n1))	(multiply-duration 0.25 (transpose-diatonic 1 n1))	(multiply-duration 0.25 (transpose-diatonic -3 n1))	(multiply-duration 0.25 (transpose-diatonic -1 n1))
TR	rel-pitch-3	1	true	n1	(and (duration>= (duration n1) 2) (not (rest? n1)) (= (note-category n1) C) (= (relative-pitch n1) 3))	(multiply-duration 0.16666666666666666 (transpose-diatonic 3 n1))	(multiply-duration 0.8333333333333334 (transpose-diatonic 1 n1))
TR	rel-pitch-3	1	true	n1	(and (duration>= (duration n1) 2) (not (rest? n1)) (= (note-category n1) C) (= (relative-pitch n1) 3))	(multiply-duration 0.25 (transpose-diatonic 3 n1))	(multiply-duration 0.25 (transpose-diatonic b-1 n1))	(multiply-duration 0.25 (transpose-diatonic -1 n1))	(multiply-duration 0.25 (transpose-diatonic 1 n1))
TR	rel-pitch-3	1	true	n1	(and (duration>= (duration n1) 2) (not (rest? n1)) (= (note-category n1) C) (= (relative-pitch n1) 3))	(multiply-duration 0.25 (transpose-diatonic 5 n1))	(multiply-duration 0.25 (transpose-diatonic 3 n1))	(multiply-duration 0.25 (transpose-diatonic 1 n1))	(multiply-duration 0.25 (transpose-diatonic -2 n1))
TR	rel-pitch-3	1	true	n1	(and (duration>= (duration n1) 2) (not (rest? n1)) (= (note-category n1) C) (= (relative-pitch n1) 3))	(multiply-duration 0.25 (transpose-diatonic b1 n1))	(multiply-duration 0.25 (transpose-diatonic -2 n1))	(multiply-duration 0.25 (transpose-diatonic #2 n1))	(multiply-duration 0.25 (transpose-diatonic #3 n1))
TR	rel-pitch-3	1	true	n1	(and (duration>= (duration n1) 2) (not (rest? n1)) (= (note-category n1) C) (= (relative-pitch n1) 3))	(multiply-duration 0.25 (transpose-diatonic -1 n1))	(multiply-duration 0.25 (transpose-diatonic 2 n1))	(multiply-duration 0.25 (transpose-diatonic 1 n1))	(multiply-duration 0.25 (transpose-diatonic -1 n1))
TR	rel-pitch-3	1	true	n1	(and (duration>= (duration n1) 2) (not (rest? n1)) (= (note-category n1) C) (= (relative-pitch n1) 3))	(multiply-duration 0.25 (transpose-diatonic 1 n1))	(multiply-duration 0.25 (transpose-diatonic b1 n1))	(multiply-duration 0.25 (transpose-diatonic -1 n1))	(multiply-duration 0.25 (transpose-diatonic b-1 n1))
TR	rel-pitch-3	1	true	n1	(and (duration>= (duration n1) 2) (not (rest? n1)) (= (note-category n1) C) (= (relative-pitch n1) 3))	(multiply-duration 0.25 (transpose-diatonic 1 n1))	(multiply-duration 0.25 (transpose-diatonic -1 n1))	(multiply-duration 0.25 (transpose-diatonic -3 n1))	(multiply-duration 0.25 (transpose-diatonic 3 n1))
TR	rel-pitch-3	1	true	n1	(and (duration>= (duration n1) 2) (not (rest? n1)) (= (note-category n1) C) (= (relative-pitch n1) 3))	(multiply-duration 0.25 (transpose-diatonic 2 n1))	(multiply-duration 0.25 (transpose-diatonic 1 n1))	(multiply-duration 0.5 (transpose-diatonic -2 n1))
TR	rel-pitch-3	1	true	n1	(and (duration>= (duration n1) 2) (not (rest? n1)) (= (note-category n1) C) (= (relative-pitch n1) 3))	(multiply-duration 0.25 (transpose-diatonic 4 n1))	(multiply-duration 0.25 (transpose-diatonic #2 n1))	(multiply-duration 0.25 (transpose-diatonic -1 n1))	(multiply-duration 0.25 (transpose-diatonic -3 n1))
TR	rel-pitch-3	1	true	n1	(and (duration>= (duration n1) 2) (not (rest? n1)) (= (note-category n1) C) (= (relative-pitch n1) 3))	(multiply-duration 0.5 (make-rest n1))	(multiply-duration 0.25 (make-rest n1))	(multiply-duration 0.25 (transpose-diatonic -1 n1))
TR	rel-pitch-3	1	true	n1	(and (duration>= (duration n1) 2) (not (rest? n1)) (= (note-category n1) C) (= (relative-pitch n1) 3))	(multiply-duration 0.25 (transpose-diatonic 3 n1))	(multiply-duration 0.25 (transpose-diatonic -2 n1))	(multiply-duration 0.5 (make-rest n1))
TR	rel-pitch-3	1	true	n1	(and (duration>= (duration n1) 2) (not (rest? n1)) (= (note-category n1) C) (= (relative-pitch n1) 3))	(multiply-duration 0.25 (transpose-diatonic 3 n1))	(multiply-duration 0.25 (transpose-diatonic 2 n1))	(multiply-duration 0.25 (transpose-diatonic 1 n1))	(multiply-duration 0.25 (transpose-diatonic 3 n1))
TR	rel-pitch-3	2	true	n1	(and (duration>= (duration n1) 2) (not (rest? n1)) (= (note-category n1) C) (= (relative-pitch n1) 3))	(multiply-duration 0.25 (transpose-diatonic 2 n1))	(multiply-duration 0.25 (transpose-diatonic #1 n1))	(multiply-duration 0.25 (transpose-diatonic 1 n1))	(multiply-duration 0.25 (transpose-diatonic 2 n1))
TR	rel-pitch-3	1	true	n1	(and (duration>= (duration n1) 2) (not (rest? n1)) (= (note-category n1) C) (= (relative-pitch n1) 3))	(multiply-duration 0.25 (transpose-diatonic 3 n1))	(multiply-duration 0.25 (transpose-diatonic #-1 n1))	(multiply-duration 0.25 (transpose-diatonic 2 n1))	(multiply-duration 0.25 (transpose-diatonic #-1 n1))
TR	rel-pitch-3	1	true	n1	(and (duration>= (duration n1) 2) (not (rest? n1)) (= (note-category n1) C) (= (relative-pitch n1) 3))	(multiply-duration 0.25 (transpose-diatonic -3 n1))	(multiply-duration 0.25 (transpose-diatonic -1 n1))	(multiply-duration 0.25 (transpose-diatonic 1 n1))	(multiply-duration 0.25 (transpose-diatonic 3 n1))
TR	rel-pitch-3	1	true	n1	(and (duration>= (duration n1) 2) (not (rest? n1)) (= (note-category n1) C) (= (relative-pitch n1) 3))	(multiply-duration 0.25 (transpose-diatonic b-1 n1))	(multiply-duration 0.25 (transpose-diatonic b1 n1))	(multiply-duration 0.25 (transpose-diatonic 1 n1))	(multiply-duration 0.25 (transpose-diatonic #3 n1))
TR	rel-pitch-3	1	true	n1	(and (duration>= (duration n1) 2) (not (rest? n1)) (= (note-category n1) C) (= (relative-pitch n1) 3))	(multiply-duration 0.25 (transpose-diatonic 1 n1))	(multiply-duration 0.25 (transpose-diatonic #3 n1))	(multiply-duration 0.25 (transpose-diatonic b1 n1))	(multiply-duration 0.25 (transpose-diatonic -1 n1))
TR	rel-pitch-3	1	true	n1	(and (duration>= (duration n1) 2) (not (rest? n1)) (= (note-category n1) C) (= (relative-pitch n1) 3))	(multiply-duration 0.25 (make-rest n1))	(multiply-duration 0.25 (transpose-diatonic -1 n1))	(multiply-duration 0.25 (transpose-diatonic 2 n1))	(multiply-duration 0.25 (transpose-diatonic #1 n1))
TR	rel-pitch-3	1	true	n1	(and (duration>= (duration n1) 2) (not (rest? n1)) (= (note-category n1) C) (= (relative-pitch n1) 3))	(multiply-duration 0.25 (transpose-diatonic 2 n1))	(multiply-duration 0.25 (transpose-diatonic -1 n1))	(multiply-duration 0.5 (make-rest n1))
TR	rel-pitch-3	1	true	n1	(and (duration>= (duration n1) 2) (not (rest? n1)) (= (note-category n1) C) (= (relative-pitch n1) 3))	(multiply-duration 0.25 (transpose-diatonic 2 n1))	(multiply-duration 0.25 (transpose-diatonic #2 n1))	(multiply-duration 0.16666666666666666 (transpose-diatonic 3 n1))	(multiply-duration 0.16666666666666666 (transpose-diatonic #2 n1))	(multiply-duration 0.16666666666666666 (transpose-diatonic 2 n1))
TR	rel-pitch-3	1	true	n1	(and (duration>= (duration n1) 2) (not (rest? n1)) (= (note-category n1) C) (= (relative-pitch n1) 3))	(multiply-duration 0.25 (transpose-diatonic 4 n1))	(multiply-duration 0.25 (transpose-diatonic 3 n1))	(multiply-duration 0.25 (transpose-diatonic b1 n1))	(multiply-duration 0.25 (transpose-diatonic 1 n1))
TR	rel-pitch-3	1	true	n1	(and (duration>= (duration n1) 2) (not (rest? n1)) (= (note-category n1) C) (= (relative-pitch n1) 3))	(multiply-duration 0.25 (transpose-diatonic b1 n1))	(multiply-duration 0.25 (transpose-diatonic b-1 n1))	(multiply-duration 0.25 (transpose-diatonic b1 n1))	(multiply-duration 0.25 (transpose-diatonic b-1 n1))
TR	rel-pitch-3	1	true	n1	(and (duration>= (duration n1) 2) (not (rest? n1)) (= (note-category n1) C) (= (relative-pitch n1) 3))	(multiply-duration 0.25 (transpose-diatonic 2 n1))	(multiply-duration 0.25 (transpose-diatonic -1 n1))	(multiply-duration 0.25 (transpose-diatonic b3 n1))	(multiply-duration 0.25 (transpose-diatonic -1 n1))
TR	rel-pitch-3	1	true	n1	(and (duration>= (duration n1) 2) (not (rest? n1)) (= (note-category n1) C) (= (relative-pitch n1) 3))	(multiply-duration 0.25 (make-rest n1))	(multiply-duration 0.25 (transpose-diatonic 3 n1))	(multiply-duration 0.25 (transpose-diatonic 2 n1))	(multiply-duration 0.25 (transpose-diatonic 1 n1))
TR	rel-pitch-3	1	true	n1	(and (duration>= (duration n1) 2) (not (rest? n1)) (= (note-category n1) C) (= (relative-pitch n1) 3))	(multiply-duration 0.25 (transpose-diatonic 2 n1))	(multiply-duration 0.25 (transpose-diatonic b-1 n1))	(multiply-duration 0.16666666666666666 (transpose-diatonic 1 n1))	(multiply-duration 0.16666666666666666 (transpose-diatonic 2 n1))	(multiply-duration 0.16666666666666666 (transpose-diatonic 1 n1))
TR	rel-pitch-3	1	true	n1	(and (duration>= (duration n1) 2) (not (rest? n1)) (= (note-category n1) C) (= (relative-pitch n1) 3))	(multiply-duration 0.25 (transpose-diatonic 1 n1))	(multiply-duration 0.25 (transpose-diatonic -2 n1))	(multiply-duration 0.125 (transpose-diatonic -1 n1))	(multiply-duration 0.125 (transpose-diatonic 1 n1))	(multiply-duration 0.25 (transpose-diatonic 3 n1))
TR	rel-pitch-3	1	true	n1	(and (duration>= (duration n1) 2) (not (rest? n1)) (= (note-category n1) C) (= (relative-pitch n1) 3))	(multiply-duration 0.25 (transpose-diatonic 2 n1))	(multiply-duration 0.25 (transpose-diatonic #-1 n1))	(multiply-duration 0.25 (transpose-diatonic 1 n1))	(multiply-duration 0.25 (transpose-diatonic 2 n1))
TR	rel-pitch-3	1	true	n1	(and (duration>= (duration n1) 2) (not (rest? n1)) (= (note-category n1) C) (= (relative-pitch n1) 3))	(multiply-duration 0.25 (transpose-diatonic 1 n1))	(multiply-duration 0.25 (transpose-diatonic -2 n1))	(multiply-duration 0.25 (transpose-diatonic 3 n1))	(multiply-duration 0.25 (transpose-diatonic 1 n1))
TR	rel-pitch-3	1	true	n1	(and (duration>= (duration n1) 2) (not (rest? n1)) (= (note-category n1) C) (= (relative-pitch n1) 3))	(multiply-duration 0.75 (transpose-diatonic 1 n1))	(multiply-duration 0.25 (transpose-diatonic 2 n1))
TR	rel-pitch-3	1	true	n1	(and (duration>= (duration n1) 2) (not (rest? n1)) (= (note-category n1) C) (= (relative-pitch n1) 3))	(multiply-duration 0.25 (make-rest n1))	(multiply-duration 0.75 (transpose-diatonic 1 n1))
SUB	half-first-rel-pitch-1	motif	1	true
TR	rel-pitch-1-to-7	1	true	n1 n2	(and (duration>= (duration n1) 2) (not (rest? n1)) (= (note-category n1) C) (= (relative-pitch n1) 1) (duration>= (duration n2) 2) (not (rest? n2)) (= (note-category n2) C) (= (relative-pitch n2) 7) (pitch>= n1 n2))	(multiply-duration 0.75 (make-rest n1))	(multiply-duration 0.25 (transpose-diatonic 1 n1))	(multiply-duration 0.25 (transpose-diatonic 1 n2))	(multiply-duration 0.25 (transpose-diatonic 3 n2))	(multiply-duration 0.25 (transpose-diatonic 2 n2))	(multiply-duration 0.25 (transpose-diatonic -1 n2))
TR	rel-pitch-1-to-7	1	true	n1 n2	(and (duration>= (duration n1) 2) (not (rest? n1)) (= (note-category n1) C) (= (relative-pitch n1) 1) (duration>= (duration n2) 2) (not (rest? n2)) (= (note-category n2) C) (= (relative-pitch n2) 7) (pitch< n1 n2))	(multiply-duration 0.25 (transpose-diatonic 2 n1))	(multiply-duration 0.25 (transpose-diatonic 1 n1))	(multiply-duration 0.25 (transpose-diatonic -1 n1))	(multiply-duration 0.25 (transpose-diatonic 1 n1))	(multiply-duration 0.25 (transpose-diatonic -4 n2))	(multiply-duration 0.25 (transpose-diatonic -2 n2))	(multiply-duration 0.25 (transpose-diatonic 1 n2))	(multiply-duration 0.25 (transpose-diatonic 3 n2))
TR	rel-pitch-1-to-#4	1	true	n1 n2	(and (duration>= (duration n1) 2) (not (rest? n1)) (= (note-category n1) C) (= (relative-pitch n1) 1) (duration>= (duration n2) 2) (not (rest? n2)) (= (note-category n2) C) (= (relative-pitch n2) #4) (pitch>= n1 n2))	(multiply-duration 0.25 (transpose-diatonic 4 n1))	(multiply-duration 0.25 (transpose-diatonic 2 n1))	(multiply-duration 0.25 (transpose-diatonic -1 n1))	(multiply-duration 0.25 (transpose-diatonic -3 n1))	(multiply-duration 0.25 (transpose-diatonic b5 n2))	(multiply-duration 0.25 (transpose-diatonic 2 n2))	(multiply-duration 0.25 (transpose-diatonic b-1 n2))	(multiply-duration 0.25 (transpose-diatonic b-3 n2))
TR	rel-pitch-1-to-5	1	true	n1 n2	(and (duration>= (duration n1) 2) (not (rest? n1)) (= (note-category n1) C) (= (relative-pitch n1) 1) (duration>= (duration n2) 2) (not (rest? n2)) (= (note-category n2) C) (= (relative-pitch n2) 5) (pitch>= n1 n2))	(multiply-duration 0.5 (transpose-diatonic 3 n1))	(multiply-duration 0.25 (transpose-diatonic 1 n1))	(multiply-duration 0.25 (transpose-diatonic b-2 n1))	(multiply-duration 0.25 (transpose-diatonic -1 n2))	(multiply-duration 0.25 (transpose-diatonic 1 n2))	(multiply-duration 0.25 (transpose-diatonic b2 n2))	(multiply-duration 0.25 (transpose-diatonic 2 n2))
TR	rel-pitch-1-to-5	1	true	n1 n2	(and (duration>= (duration n1) 2) (not (rest? n1)) (= (note-category n1) C) (= (relative-pitch n1) 1) (duration>= (duration n2) 2) (not (rest? n2)) (= (note-category n2) C) (= (relative-pitch n2) 5) (pitch< n1 n2))	(multiply-duration 0.25 (transpose-diatonic -3 n1))	(multiply-duration 0.25 (transpose-diatonic 1 n1))	(multiply-duration 0.25 (transpose-diatonic 3 n1))	(multiply-duration 0.25 (transpose-diatonic 5 n1))	(multiply-duration 0.25 (make-rest n2))	(multiply-duration 0.75 (transpose-diatonic 1 n2))
TR	rel-pitch-1-to-7	1	true	n1 n2	(and (duration>= (duration n1) 2) (not (rest? n1)) (= (note-category n1) C) (= (relative-pitch n1) 1) (duration>= (duration n2) 2) (not (rest? n2)) (= (note-category n2) C) (= (relative-pitch n2) 7) (pitch< n1 n2))	(multiply-duration 0.25 (transpose-diatonic 2 n1))	(multiply-duration 0.25 (transpose-diatonic -1 n1))	(multiply-duration 0.25 (transpose-diatonic 1 n1))	(multiply-duration 0.25 (transpose-diatonic 2 n1))	(multiply-duration 0.25 (transpose-diatonic -4 n2))	(multiply-duration 0.25 (transpose-diatonic -2 n2))	(multiply-duration 0.25 (transpose-diatonic 1 n2))	(multiply-duration 0.25 (transpose-diatonic 3 n2))
TR	rel-pitch-1-to-1	1	true	n1 n2	(and (duration>= (duration n1) 2) (not (rest? n1)) (= (note-category n1) C) (= (relative-pitch n1) 1) (duration>= (duration n2) 2) (not (rest? n2)) (= (note-category n2) C) (= (relative-pitch n2) 1) (pitch>= n1 n2))	(multiply-duration 0.25 (transpose-diatonic -3 n1))	(multiply-duration 0.25 (transpose-diatonic -1 n1))	(multiply-duration 0.25 (transpose-diatonic b2 n1))	(multiply-duration 0.25 (transpose-diatonic 3 n1))	(multiply-duration 0.25 (transpose-diatonic b3 n2))	(multiply-duration 0.25 (transpose-diatonic b2 n2))	(multiply-duration 0.25 (transpose-diatonic 1 n2))	(multiply-duration 0.25 (transpose-diatonic #-1 n2))
TR	rel-pitch-1-to-6	1	true	n1 n2	(and (duration>= (duration n1) 2) (not (rest? n1)) (= (note-category n1) C) (= (relative-pitch n1) 1) (duration>= (duration n2) 2) (not (rest? n2)) (= (note-category n2) C) (= (relative-pitch n2) 6) (pitch>= n1 n2))	(multiply-duration 0.25 (make-rest n1))	(multiply-duration 0.25 (transpose-diatonic 3 n1))	(multiply-duration 0.25 (transpose-diatonic 1 n1))	(multiply-duration 0.25 (transpose-diatonic -2 n1))	(multiply-duration 0.25 (transpose-diatonic 4 n2))	(multiply-duration 0.25 (transpose-diatonic #2 n2))	(multiply-duration 0.25 (transpose-diatonic -1 n2))	(multiply-duration 0.25 (transpose-diatonic -3 n2))
TR	rel-pitch-1-to-1	1	true	n1 n2	(and (duration>= (duration n1) 2) (not (rest? n1)) (= (note-category n1) C) (= (relative-pitch n1) 1) (duration>= (duration n2) 2) (not (rest? n2)) (= (note-category n2) C) (= (relative-pitch n2) 1) (pitch>= n1 n2))	(multiply-duration 0.25 (transpose-diatonic 2 n1))	(multiply-duration 0.25 (transpose-diatonic b2 n1))	(multiply-duration 0.5 (transpose-diatonic -1 n1))	(multiply-duration 0.25 (transpose-diatonic 2 n2))	(multiply-duration 0.25 (transpose-diatonic -1 n2))	(multiply-duration 0.25 (transpose-diatonic 1 n2))	(multiply-duration 0.25 (transpose-diatonic 2 n2))
TR	rel-pitch-1-to-3	1	true	n1 n2	(and (duration>= (duration n1) 2) (not (rest? n1)) (= (note-category n1) C) (= (relative-pitch n1) 1) (duration>= (duration n2) 2) (not (rest? n2)) (= (note-category n2) C) (= (relative-pitch n2) 3) (pitch< n1 n2))	(multiply-duration 0.25 (transpose-diatonic b3 n1))	(multiply-duration 0.25 (transpose-diatonic 2 n1))	(multiply-duration 0.25 (transpose-diatonic b2 n1))	(multiply-duration 0.25 (transpose-diatonic -2 n1))	(multiply-duration 0.25 (transpose-diatonic -2 n2))	(multiply-duration 0.25 (transpose-diatonic -1 n2))	(multiply-duration 0.25 (transpose-diatonic 2 n2))	(multiply-duration 0.25 (transpose-diatonic #3 n2))
TR	rel-pitch-1-to-7	1	true	n1 n2	(and (duration>= (duration n1) 2) (not (rest? n1)) (= (note-category n1) C) (= (relative-pitch n1) 1) (duration>= (duration n2) 2) (not (rest? n2)) (= (note-category n2) C) (= (relative-pitch n2) 7) (pitch>= n1 n2))	(multiply-duration 0.25 (transpose-diatonic -1 n1))	(multiply-duration 0.125 (transpose-diatonic 1 n1))	(multiply-duration 0.125 (transpose-diatonic b2 n1))	(multiply-duration 0.5 (transpose-diatonic 1 n1))	(multiply-duration 0.5 (transpose-diatonic 2 n2))	(multiply-duration 0.25 (transpose-diatonic 1 n2))	(multiply-duration 0.25 (transpose-diatonic #-2 n2))
TR	rel-pitch-1-to-3	1	true	n1 n2	(and (duration>= (duration n1) 2) (not (rest? n1)) (= (note-category n1) C) (= (relative-pitch n1) 1) (duration>= (duration n2) 2) (not (rest? n2)) (= (note-category n2) C) (= (relative-pitch n2) 3) (pitch< n1 n2))	(multiply-duration 0.5 (transpose-diatonic #-3 n1))	(multiply-duration 0.5 (transpose-diatonic 3 n1))	(multiply-duration 1.0 (transpose-diatonic 1 n2))
TR	rel-pitch-1-to-1	1	true	n1 n2	(and (duration>= (duration n1) 2) (not (rest? n1)) (= (note-category n1) C) (= (relative-pitch n1) 1) (duration>= (duration n2) 2) (not (rest? n2)) (= (note-category n2) C) (= (relative-pitch n2) 1) (pitch>= n1 n2))	(multiply-duration 0.25 (transpose-diatonic 1 n1))	(multiply-duration 0.25 (transpose-diatonic 4 n1))	(multiply-duration 0.25 (transpose-diatonic 1 n1))	(multiply-duration 0.25 (transpose-diatonic #-2 n1))	(multiply-duration 0.5 (transpose-diatonic 4 n2))	(multiply-duration 0.25 (transpose-diatonic 2 n2))	(multiply-duration 0.25 (transpose-diatonic #-1 n2))
TR	rel-pitch-1-to-1	1	true	n1 n2	(and (duration>= (duration n1) 2) (not (rest? n1)) (= (note-category n1) C) (= (relative-pitch n1) 1) (duration>= (duration n2) 2) (not (rest? n2)) (= (note-category n2) C) (= (relative-pitch n2) 1) (pitch>= n1 n2))	(multiply-duration 0.25 (transpose-diatonic 1 n1))	(multiply-duration 0.25 (transpose-diatonic -2 n1))	(multiply-duration 0.25 (transpose-diatonic b2 n1))	(multiply-duration 0.25 (transpose-diatonic #-1 n1))	(multiply-duration 0.25 (transpose-diatonic 1 n2))	(multiply-duration 0.25 (transpose-diatonic -2 n2))	(multiply-duration 0.25 (transpose-diatonic b2 n2))	(multiply-duration 0.25 (transpose-diatonic #-1 n2))
TR	rel-pitch-1-to-5	1	true	n1 n2	(and (duration>= (duration n1) 2) (not (rest? n1)) (= (note-category n1) C) (= (relative-pitch n1) 1) (duration>= (duration n2) 2) (not (rest? n2)) (= (note-category n2) C) (= (relative-pitch n2) 5) (pitch< n1 n2))	(multiply-duration 0.25 (make-rest n1))	(multiply-duration 0.5 (transpose-diatonic 1 n1))	(multiply-duration 0.25 (transpose-diatonic 3 n1))	(multiply-duration 0.25 (transpose-diatonic -2 n2))	(multiply-duration 0.5 (transpose-diatonic 1 n2))	(multiply-duration 0.25 (transpose-diatonic #2 n2))
TR	rel-pitch-1-to-3	1	true	n1 n2	(and (duration>= (duration n1) 2) (not (rest? n1)) (= (note-category n1) C) (= (relative-pitch n1) 1) (duration>= (duration n2) 2) (not (rest? n2)) (= (note-category n2) C) (= (relative-pitch n2) 3) (pitch< n1 n2))	(multiply-duration 0.25 (transpose-diatonic 2 n1))	(multiply-duration 0.25 (transpose-diatonic -2 n1))	(multiply-duration 0.25 (transpose-diatonic 1 n1))	(multiply-duration 0.25 (transpose-diatonic -2 n1))	(multiply-duration 0.25 (transpose-diatonic #-3 n2))	(multiply-duration 0.25 (transpose-diatonic 3 n2))	(multiply-duration 0.5 (make-rest n2))
TR	rel-pitch-1-to-1	1	true	n1 n2	(and (duration>= (duration n1) 2) (not (rest? n1)) (= (note-category n1) C) (= (relative-pitch n1) 1) (duration>= (duration n2) 2) (not (rest? n2)) (= (note-category n2) C) (= (relative-pitch n2) 1) (pitch>= n1 n2))	(multiply-duration 0.25 (transpose-diatonic 1 n1))	(multiply-duration 0.25 (transpose-diatonic 2 n1))	(multiply-duration 0.25 (transpose-diatonic 3 n1))	(multiply-duration 0.25 (transpose-diatonic 1 n1))	(multiply-duration 0.25 (transpose-diatonic 2 n2))	(multiply-duration 0.25 (transpose-diatonic 1 n2))	(multiply-duration 0.25 (transpose-diatonic -1 n2))	(multiply-duration 0.25 (transpose-diatonic 1 n2))
TR	rel-pitch-1-to-3	1	true	n1 n2	(and (duration>= (duration n1) 2) (not (rest? n1)) (= (note-category n1) C) (= (relative-pitch n1) 1) (duration>= (duration n2) 2) (not (rest? n2)) (= (note-category n2) C) (= (relative-pitch n2) 3) (pitch< n1 n2))	(multiply-duration 0.5 (transpose-diatonic b2 n1))	(multiply-duration 0.5 (transpose-diatonic 1 n1))	(multiply-duration 0.6666666666666666 (transpose-diatonic b1 n2))	(multiply-duration 0.16666666666666666 (transpose-diatonic -1 n2))	(multiply-duration 0.16666666666666666 (transpose-diatonic b-1 n2))
TR	rel-pitch-1-to-3	1	true	n1 n2	(and (duration>= (duration n1) 2) (not (rest? n1)) (= (note-category n1) C) (= (relative-pitch n1) 1) (duration>= (duration n2) 2) (not (rest? n2)) (= (note-category n2) C) (= (relative-pitch n2) 3) (pitch< n1 n2))	(multiply-duration 0.25 (transpose-diatonic #-2 n1))	(multiply-duration 0.25 (transpose-diatonic 1 n1))	(multiply-duration 0.25 (transpose-diatonic 3 n1))	(multiply-duration 0.25 (transpose-diatonic #5 n1))	(multiply-duration 1.0 (transpose-diatonic #-1 n2))
TR	rel-pitch-1-to-3	1	true	n1 n2	(and (duration>= (duration n1) 2) (not (rest? n1)) (= (note-category n1) C) (= (relative-pitch n1) 1) (duration>= (duration n2) 2) (not (rest? n2)) (= (note-category n2) C) (= (relative-pitch n2) 3) (pitch< n1 n2))	(multiply-duration 0.25 (transpose-diatonic 2 n1))	(multiply-duration 0.25 (transpose-diatonic 1 n1))	(multiply-duration 0.25 (transpose-diatonic -1 n1))	(multiply-duration 0.25 (transpose-diatonic 1 n1))	(multiply-duration 0.25 (transpose-diatonic 1 n2))	(multiply-duration 0.25 (transpose-diatonic -2 n2))	(multiply-duration 0.5 (make-rest n2))
TR	rel-pitch-1-to-3	1	true	n1 n2	(and (duration>= (duration n1) 2) (not (rest? n1)) (= (note-category n1) C) (= (relative-pitch n1) 1) (duration>= (duration n2) 2) (not (rest? n2)) (= (note-category n2) C) (= (relative-pitch n2) 3) (pitch>= n1 n2))	(multiply-duration 0.25 (transpose-diatonic 4 n1))	(multiply-duration 0.25 (transpose-diatonic 2 n1))	(multiply-duration 0.25 (transpose-diatonic -1 n1))	(multiply-duration 0.25 (transpose-diatonic -3 n1))	(multiply-duration 0.25 (transpose-diatonic 2 n2))	(multiply-duration 0.25 (transpose-diatonic 1 n2))	(multiply-duration 0.5 (make-rest n2))
TR	rel-pitch-1-to-3	1	true	n1 n2	(and (duration>= (duration n1) 2) (not (rest? n1)) (= (note-category n1) C) (= (relative-pitch n1) 1) (duration>= (duration n2) 2) (not (rest? n2)) (= (note-category n2) C) (= (relative-pitch n2) 3) (pitch>= n1 n2))	(multiply-duration 0.25 (transpose-diatonic #-1 n1))	(multiply-duration 0.25 (transpose-diatonic b3 n1))	(multiply-duration 0.25 (transpose-diatonic b2 n1))	(multiply-duration 0.25 (transpose-diatonic -2 n1))	(multiply-duration 0.25 (transpose-diatonic 2 n2))	(multiply-duration 0.25 (transpose-diatonic -2 n2))	(multiply-duration 0.25 (transpose-diatonic 3 n2))	(multiply-duration 0.25 (transpose-diatonic 2 n2))
TR	rel-pitch-1-to-5	1	true	n1 n2	(and (duration>= (duration n1) 2) (not (rest? n1)) (= (note-category n1) C) (= (relative-pitch n1) 1) (duration>= (duration n2) 2) (not (rest? n2)) (= (note-category n2) C) (= (relative-pitch n2) 5) (pitch< n1 n2))	(multiply-duration 0.25 (make-rest n1))	(multiply-duration 0.25 (transpose-diatonic b2 n1))	(multiply-duration 0.5 (make-rest n1))	(multiply-duration 0.75 (make-rest n2))	(multiply-duration 0.25 (transpose-diatonic #1 n2))
TR	rel-pitch-1-to-3	1	true	n1 n2	(and (duration>= (duration n1) 2) (not (rest? n1)) (= (note-category n1) C) (= (relative-pitch n1) 1) (duration>= (duration n2) 2) (not (rest? n2)) (= (note-category n2) C) (= (relative-pitch n2) 3) (pitch< n1 n2))	(multiply-duration 0.25 (transpose-diatonic -2 n1))	(multiply-duration 0.25 (transpose-diatonic 1 n1))	(multiply-duration 0.25 (transpose-diatonic 3 n1))	(multiply-duration 0.25 (transpose-diatonic 5 n1))	(multiply-duration 0.25 (transpose-diatonic -1 n2))	(multiply-duration 0.25 (transpose-diatonic -2 n2))	(multiply-duration 0.25 (transpose-diatonic 2 n2))	(multiply-duration 0.25 (transpose-diatonic #1 n2))
TR	rel-pitch-1-to-3	1	true	n1 n2	(and (duration>= (duration n1) 2) (not (rest? n1)) (= (note-category n1) C) (= (relative-pitch n1) 1) (duration>= (duration n2) 2) (not (rest? n2)) (= (note-category n2) C) (= (relative-pitch n2) 3) (pitch>= n1 n2))	(multiply-duration 0.5 (transpose-diatonic -1 n1))	(multiply-duration 0.25 (transpose-diatonic 2 n1))	(multiply-duration 0.25 (transpose-diatonic -1 n1))	(multiply-duration 0.25 (make-rest n2))	(multiply-duration 0.25 (transpose-diatonic 3 n2))	(multiply-duration 0.5 (transpose-diatonic 1 n2))
TR	rel-pitch-1-to-1	1	true	n1 n2	(and (duration>= (duration n1) 2) (not (rest? n1)) (= (note-category n1) C) (= (relative-pitch n1) 1) (duration>= (duration n2) 2) (not (rest? n2)) (= (note-category n2) C) (= (relative-pitch n2) 1) (pitch>= n1 n2))	(multiply-duration 0.25 (transpose-diatonic 1 n1))	(multiply-duration 0.25 (transpose-diatonic b2 n1))	(multiply-duration 0.25 (transpose-diatonic 2 n1))	(multiply-duration 0.25 (transpose-diatonic -1 n1))	(multiply-duration 0.25 (transpose-diatonic 5 n2))	(multiply-duration 0.25 (transpose-diatonic 3 n2))	(multiply-duration 0.25 (transpose-diatonic 1 n2))	(multiply-duration 0.25 (transpose-diatonic -3 n2))
TR	rel-pitch-1-to-7	1	true	n1 n2	(and (duration>= (duration n1) 2) (not (rest? n1)) (= (note-category n1) C) (= (relative-pitch n1) 1) (duration>= (duration n2) 2) (not (rest? n2)) (= (note-category n2) C) (= (relative-pitch n2) 7) (pitch>= n1 n2))	(multiply-duration 0.25 (transpose-diatonic 2 n1))	(multiply-duration 0.25 (transpose-diatonic -1 n1))	(multiply-duration 0.25 (transpose-diatonic -3 n1))	(multiply-duration 0.25 (transpose-diatonic 2 n1))	(multiply-duration 0.25 (transpose-diatonic 2 n2))	(multiply-duration 0.25 (transpose-diatonic #1 n2))	(multiply-duration 0.25 (transpose-diatonic 1 n2))	(multiply-duration 0.25 (transpose-diatonic -1 n2))
TR	rel-pitch-1-to-5	1	true	n1 n2	(and (duration>= (duration n1) 2) (not (rest? n1)) (= (note-category n1) C) (= (relative-pitch n1) 1) (duration>= (duration n2) 2) (not (rest? n2)) (= (note-category n2) C) (= (relative-pitch n2) 5) (pitch>= n1 n2))	(multiply-duration 0.25 (transpose-diatonic -1 n1))	(multiply-duration 0.25 (transpose-diatonic 3 n1))	(multiply-duration 0.25 (transpose-diatonic 1 n1))	(multiply-duration 0.25 (transpose-diatonic -1 n1))	(multiply-duration 0.25 (transpose-diatonic 1 n2))	(multiply-duration 0.25 (transpose-diatonic -2 n2))	(multiply-duration 0.25 (transpose-diatonic 2 n2))	(multiply-duration 0.25 (transpose-diatonic #-1 n2))
TR	rel-pitch-1-to-7	1	true	n1 n2	(and (duration>= (duration n1) 2) (not (rest? n1)) (= (note-category n1) C) (= (relative-pitch n1) 1) (duration>= (duration n2) 2) (not (rest? n2)) (= (note-category n2) C) (= (relative-pitch n2) 7) (pitch>= n1 n2))	(multiply-duration 0.25 (make-rest n1))	(multiply-duration 0.25 (transpose-diatonic 3 n1))	(multiply-duration 0.25 (transpose-diatonic #-1 n1))	(multiply-duration 0.25 (transpose-diatonic -2 n1))	(multiply-duration 0.25 (transpose-diatonic 3 n2))	(multiply-duration 0.25 (transpose-diatonic 1 n2))	(multiply-duration 0.25 (transpose-diatonic -2 n2))	(multiply-duration 0.25 (transpose-diatonic -4 n2))
TR	rel-pitch-1-to-5	1	true	n1 n2	(and (duration>= (duration n1) 2) (not (rest? n1)) (= (note-category n1) C) (= (relative-pitch n1) 1) (duration>= (duration n2) 2) (not (rest? n2)) (= (note-category n2) C) (= (relative-pitch n2) 5) (pitch>= n1 n2))	(multiply-duration 0.25 (transpose-diatonic 1 n1))	(multiply-duration 0.25 (transpose-diatonic b2 n1))	(multiply-duration 0.25 (transpose-diatonic 2 n1))	(multiply-duration 0.25 (transpose-diatonic b2 n1))	(multiply-duration 0.25 (transpose-diatonic 4 n2))	(multiply-duration 0.25 (transpose-diatonic b3 n2))	(multiply-duration 0.25 (transpose-diatonic b1 n2))	(multiply-duration 0.25 (transpose-diatonic -3 n2))
TR	rel-pitch-1-to-1	1	true	n1 n2	(and (duration>= (duration n1) 2) (not (rest? n1)) (= (note-category n1) C) (= (relative-pitch n1) 1) (duration>= (duration n2) 2) (not (rest? n2)) (= (note-category n2) C) (= (relative-pitch n2) 1) (pitch>= n1 n2))	(multiply-duration 0.5 (transpose-diatonic #-3 n1))	(multiply-duration 0.25 (transpose-diatonic 1 n1))	(multiply-duration 0.25 (transpose-diatonic 3 n1))	(multiply-duration 0.25 (transpose-diatonic 2 n2))	(multiply-duration 0.25 (transpose-diatonic 1 n2))	(multiply-duration 0.5 (transpose-diatonic -2 n2))
TR	rel-pitch-1-to-3	1	true	n1 n2	(and (duration>= (duration n1) 2) (not (rest? n1)) (= (note-category n1) C) (= (relative-pitch n1) 1) (duration>= (duration n2) 2) (not (rest? n2)) (= (note-category n2) C) (= (relative-pitch n2) 3) (pitch< n1 n2))	(multiply-duration 0.25 (transpose-diatonic 5 n1))	(multiply-duration 0.25 (transpose-diatonic 3 n1))	(multiply-duration 0.25 (transpose-diatonic -1 n1))	(multiply-duration 0.25 (transpose-diatonic -3 n1))	(multiply-duration 0.25 (transpose-diatonic -1 n2))	(multiply-duration 0.25 (transpose-diatonic 2 n2))	(multiply-duration 0.25 (transpose-diatonic 1 n2))	(multiply-duration 0.25 (transpose-diatonic -1 n2))
TR	rel-pitch-1-to-7	1	true	n1 n2	(and (duration>= (duration n1) 2) (not (rest? n1)) (= (note-category n1) C) (= (relative-pitch n1) 1) (duration>= (duration n2) 2) (not (rest? n2)) (= (note-category n2) C) (= (relative-pitch n2) 7) (pitch>= n1 n2))	(multiply-duration 0.25 (transpose-diatonic 2 n1))	(multiply-duration 0.25 (transpose-diatonic -1 n1))	(multiply-duration 0.25 (transpose-diatonic 1 n1))	(multiply-duration 0.25 (transpose-diatonic 2 n1))	(multiply-duration 0.25 (transpose-diatonic 4 n2))	(multiply-duration 0.25 (transpose-diatonic -2 n2))	(multiply-duration 0.5 (make-rest n2))
TR	rel-pitch-1-to-5	1	true	n1 n2	(and (duration>= (duration n1) 2) (not (rest? n1)) (= (note-category n1) C) (= (relative-pitch n1) 1) (duration>= (duration n2) 2) (not (rest? n2)) (= (note-category n2) C) (= (relative-pitch n2) 5) (pitch< n1 n2))	(multiply-duration 0.25 (transpose-diatonic 2 n1))	(multiply-duration 0.25 (transpose-diatonic -1 n1))	(multiply-duration 0.25 (transpose-diatonic 1 n1))	(multiply-duration 0.25 (transpose-diatonic 2 n1))	(multiply-duration 0.25 (transpose-diatonic -2 n2))	(multiply-duration 0.25 (transpose-diatonic 1 n2))	(multiply-duration 0.25 (transpose-diatonic 2 n2))	(multiply-duration 0.25 (transpose-diatonic 3 n2))
TR	rel-pitch-1-to-7	1	true	n1 n2	(and (duration>= (duration n1) 2) (not (rest? n1)) (= (note-category n1) C) (= (relative-pitch n1) 1) (duration>= (duration n2) 2) (not (rest? n2)) (= (note-category n2) C) (= (relative-pitch n2) 7) (pitch>= n1 n2))	(multiply-duration 0.75 (transpose-diatonic 1 n1))	(multiply-duration 0.25 (transpose-diatonic 3 n1))	(multiply-duration 0.25 (transpose-diatonic 2 n2))	(multiply-duration 0.25 (transpose-diatonic b1 n2))	(multiply-duration 0.25 (transpose-diatonic -2 n2))	(multiply-duration 0.25 (transpose-diatonic 3 n2))
TR	rel-pitch-1-to-1	1	true	n1 n2	(and (duration>= (duration n1) 2) (not (rest? n1)) (= (note-category n1) C) (= (relative-pitch n1) 1) (duration>= (duration n2) 2) (not (rest? n2)) (= (note-category n2) C) (= (relative-pitch n2) 1) (pitch>= n1 n2))	(multiply-duration 0.16666666666666666 (transpose-diatonic -1 n1))	(multiply-duration 0.16666666666666666 (transpose-diatonic 1 n1))	(multiply-duration 0.16666666666666666 (transpose-diatonic b2 n1))	(multiply-duration 0.25 (transpose-diatonic 2 n1))	(multiply-duration 0.25 (transpose-diatonic -1 n1))	(multiply-duration 0.5 (transpose-diatonic 1 n2))	(multiply-duration 0.5 (make-rest n2))
TR	rel-pitch-1-to-3	1	true	n1 n2	(and (duration>= (duration n1) 2) (not (rest? n1)) (= (note-category n1) C) (= (relative-pitch n1) 1) (duration>= (duration n2) 2) (not (rest? n2)) (= (note-category n2) C) (= (relative-pitch n2) 3) (pitch< n1 n2))	(multiply-duration 0.25 (transpose-diatonic 3 n1))	(multiply-duration 0.25 (transpose-diatonic -3 n1))	(multiply-duration 0.25 (transpose-diatonic 2 n1))	(multiply-duration 0.25 (transpose-diatonic -1 n1))	(multiply-duration 0.25 (transpose-diatonic -2 n2))	(multiply-duration 0.25 (transpose-diatonic -1 n2))	(multiply-duration 0.25 (transpose-diatonic 1 n2))	(multiply-duration 0.25 (transpose-diatonic 3 n2))
TR	rel-pitch-1-to-5	1	true	n1 n2	(and (duration>= (duration n1) 2) (not (rest? n1)) (= (note-category n1) C) (= (relative-pitch n1) 1) (duration>= (duration n2) 2) (not (rest? n2)) (= (note-category n2) C) (= (relative-pitch n2) 5) (pitch>= n1 n2))	(multiply-duration 0.25 (make-rest n1))	(multiply-duration 0.25 (transpose-diatonic #-1 n1))	(multiply-duration 0.25 (make-rest n1))	(multiply-duration 0.25 (transpose-diatonic 2 n1))	(multiply-duration 0.25 (transpose-diatonic 4 n2))	(multiply-duration 0.25 (transpose-diatonic 1 n2))	(multiply-duration 0.25 (transpose-diatonic -2 n2))	(multiply-duration 0.25 (transpose-diatonic -4 n2))
TR	rel-pitch-1-to-3	1	true	n1 n2	(and (duration>= (duration n1) 2) (not (rest? n1)) (= (note-category n1) C) (= (relative-pitch n1) 1) (duration>= (duration n2) 2) (not (rest? n2)) (= (note-category n2) C) (= (relative-pitch n2) 3) (pitch>= n1 n2))	(multiply-duration 0.25 (make-rest n1))	(multiply-duration 0.75 (transpose-diatonic 1 n1))	(multiply-duration 0.25 (transpose-diatonic 4 n2))	(multiply-duration 0.25 (transpose-diatonic 3 n2))	(multiply-duration 0.25 (transpose-diatonic b1 n2))	(multiply-duration 0.25 (transpose-diatonic 1 n2))
TR	rel-pitch-1-to-1	1	true	n1 n2	(and (duration>= (duration n1) 2) (not (rest? n1)) (= (note-category n1) C) (= (relative-pitch n1) 1) (duration>= (duration n2) 2) (not (rest? n2)) (= (note-category n2) C) (= (relative-pitch n2) 1) (pitch>= n1 n2))	(multiply-duration 0.25 (transpose-diatonic 5 n1))	(multiply-duration 0.25 (transpose-diatonic 3 n1))	(multiply-duration 0.25 (transpose-diatonic -1 n1))	(multiply-duration 0.25 (transpose-diatonic -3 n1))	(multiply-duration 0.25 (transpose-diatonic 2 n2))	(multiply-duration 0.25 (transpose-diatonic -1 n2))	(multiply-duration 0.25 (transpose-diatonic 1 n2))	(multiply-duration 0.25 (transpose-diatonic 2 n2))
TR	rel-pitch-1-to-5	1	true	n1 n2	(and (duration>= (duration n1) 2) (not (rest? n1)) (= (note-category n1) C) (= (relative-pitch n1) 1) (duration>= (duration n2) 2) (not (rest? n2)) (= (note-category n2) C) (= (relative-pitch n2) 5) (pitch>= n1 n2))	(multiply-duration 0.25 (transpose-diatonic 2 n1))	(multiply-duration 0.25 (transpose-diatonic #-1 n1))	(multiply-duration 0.25 (transpose-diatonic 1 n1))	(multiply-duration 0.25 (transpose-diatonic 2 n1))	(multiply-duration 0.25 (transpose-diatonic 6 n2))	(multiply-duration 0.25 (transpose-diatonic -1 n2))	(multiply-duration 0.25 (transpose-diatonic 1 n2))	(multiply-duration 0.25 (transpose-diatonic -1 n2))
TR	rel-pitch-1-to-7	1	true	n1 n2	(and (duration>= (duration n1) 2) (not (rest? n1)) (= (note-category n1) C) (= (relative-pitch n1) 1) (duration>= (duration n2) 2) (not (rest? n2)) (= (note-category n2) C) (= (relative-pitch n2) 7) (pitch< n1 n2))	(multiply-duration 0.25 (make-rest n1))	(multiply-duration 0.25 (transpose-diatonic b2 n1))	(multiply-duration 0.5 (make-rest n1))	(multiply-duration 0.25 (make-rest n2))	(multiply-duration 0.25 (transpose-diatonic #-2 n2))	(multiply-duration 0.25 (transpose-diatonic -1 n2))	(multiply-duration 0.25 (transpose-diatonic 2 n2))
TR	rel-pitch-1-to-3	1	true	n1 n2	(and (duration>= (duration n1) 2) (not (rest? n1)) (= (note-category n1) C) (= (relative-pitch n1) 1) (duration>= (duration n2) 2) (not (rest? n2)) (= (note-category n2) C) (= (relative-pitch n2) 3) (pitch< n1 n2))	(multiply-duration 0.5 (make-rest n1))	(multiply-duration 0.25 (transpose-diatonic #-1 n1))	(multiply-duration 0.25 (transpose-diatonic 1 n1))	(multiply-duration 0.25 (transpose-diatonic 2 n2))	(multiply-duration 0.25 (transpose-diatonic #-1 n2))	(multiply-duration 0.25 (transpose-diatonic 1 n2))	(multiply-duration 0.25 (transpose-diatonic 2 n2))
TR	rel-pitch-1-to-3	1	true	n1 n2	(and (duration>= (duration n1) 2) (not (rest? n1)) (= (note-category n1) C) (= (relative-pitch n1) 1) (duration>= (duration n2) 2) (not (rest? n2)) (= (note-category n2) C) (= (relative-pitch n2) 3) (pitch>= n1 n2))	(multiply-duration 0.25 (transpose-diatonic b3 n1))	(multiply-duration 0.25 (transpose-diatonic 2 n1))	(multiply-duration 0.25 (transpose-diatonic b2 n1))	(multiply-duration 0.25 (transpose-diatonic #-3 n1))	(multiply-duration 0.25 (transpose-diatonic 1 n2))	(multiply-duration 0.25 (transpose-diatonic -2 n2))	(multiply-duration 0.25 (transpose-diatonic 3 n2))	(multiply-duration 0.25 (transpose-diatonic 1 n2))
TR	rel-pitch-1-to-7	1	true	n1 n2	(and (duration>= (duration n1) 2) (not (rest? n1)) (= (note-category n1) C) (= (relative-pitch n1) 1) (duration>= (duration n2) 2) (not (rest? n2)) (= (note-category n2) C) (= (relative-pitch n2) 7) (pitch>= n1 n2))	(multiply-duration 0.75 (transpose-diatonic 2 n1))	(multiply-duration 0.25 (make-rest n1))	(multiply-duration 0.25 (transpose-diatonic 2 n2))	(multiply-duration 0.25 (transpose-diatonic #1 n2))	(multiply-duration 0.25 (transpose-diatonic 1 n2))	(multiply-duration 0.25 (transpose-diatonic #-1 n2))
TR	rel-pitch-1	1	true	n1	(and (duration>= (duration n1) 2) (not (rest? n1)) (= (note-category n1) C) (= (relative-pitch n1) 1))	(multiply-duration 0.75 (make-rest n1))	(multiply-duration 0.25 (transpose-diatonic 1 n1))
TR	rel-pitch-1	1	true	n1	(and (duration>= (duration n1) 2) (not (rest? n1)) (= (note-category n1) C) (= (relative-pitch n1) 1))	(multiply-duration 0.25 (transpose-diatonic -1 n1))	(multiply-duration 0.25 (transpose-diatonic 2 n1))	(multiply-duration 0.25 (make-rest n1))	(multiply-duration 0.25 (transpose-diatonic 2 n1))
TR	rel-pitch-1	3	true	n1	(and (duration>= (duration n1) 2) (not (rest? n1)) (= (note-category n1) C) (= (relative-pitch n1) 1))	(multiply-duration 0.25 (transpose-diatonic 2 n1))	(multiply-duration 0.25 (transpose-diatonic 1 n1))	(multiply-duration 0.25 (transpose-diatonic -1 n1))	(multiply-duration 0.25 (transpose-diatonic 1 n1))
TR	rel-pitch-1	2	true	n1	(and (duration>= (duration n1) 2) (not (rest? n1)) (= (note-category n1) C) (= (relative-pitch n1) 1))	(multiply-duration 0.25 (transpose-diatonic 4 n1))	(multiply-duration 0.25 (transpose-diatonic 2 n1))	(multiply-duration 0.25 (transpose-diatonic -1 n1))	(multiply-duration 0.25 (transpose-diatonic -3 n1))
TR	rel-pitch-1	1	true	n1	(and (duration>= (duration n1) 2) (not (rest? n1)) (= (note-category n1) C) (= (relative-pitch n1) 1))	(multiply-duration 0.5 (transpose-diatonic 3 n1))	(multiply-duration 0.25 (transpose-diatonic 1 n1))	(multiply-duration 0.25 (transpose-diatonic b-2 n1))
TR	rel-pitch-1	1	true	n1	(and (duration>= (duration n1) 2) (not (rest? n1)) (= (note-category n1) C) (= (relative-pitch n1) 1))	(multiply-duration 0.25 (transpose-diatonic 3 n1))	(multiply-duration 0.25 (transpose-diatonic 2 n1))	(multiply-duration 0.25 (transpose-diatonic 1 n1))	(multiply-duration 0.25 (transpose-diatonic -2 n1))
TR	rel-pitch-1	1	true	n1	(and (duration>= (duration n1) 2) (not (rest? n1)) (= (note-category n1) C) (= (relative-pitch n1) 1))	(multiply-duration 0.25 (make-rest n1))	(multiply-duration 0.25 (transpose-diatonic b2 n1))	(multiply-duration 0.5 (transpose-diatonic -1 n1))
TR	rel-pitch-1	1	true	n1	(and (duration>= (duration n1) 2) (not (rest? n1)) (= (note-category n1) C) (= (relative-pitch n1) 1))	(multiply-duration 0.25 (transpose-diatonic -3 n1))	(multiply-duration 0.25 (transpose-diatonic 1 n1))	(multiply-duration 0.25 (transpose-diatonic 3 n1))	(multiply-duration 0.25 (transpose-diatonic 5 n1))
TR	rel-pitch-1	1	true	n1	(and (duration>= (duration n1) 2) (not (rest? n1)) (= (note-category n1) C) (= (relative-pitch n1) 1))	(multiply-duration 0.25 (transpose-diatonic 4 n1))	(multiply-duration 0.25 (transpose-diatonic 2 n1))	(multiply-duration 0.25 (transpose-diatonic b-1 n1))	(multiply-duration 0.25 (transpose-diatonic -3 n1))
TR	rel-pitch-1	1	true	n1	(and (duration>= (duration n1) 2) (not (rest? n1)) (= (note-category n1) C) (= (relative-pitch n1) 1))	(multiply-duration 0.25 (transpose-diatonic b3 n1))	(multiply-duration 0.25 (transpose-diatonic b2 n1))	(multiply-duration 0.25 (transpose-diatonic 1 n1))	(multiply-duration 0.25 (transpose-diatonic #-1 n1))
TR	rel-pitch-1	1	true	n1	(and (duration>= (duration n1) 2) (not (rest? n1)) (= (note-category n1) C) (= (relative-pitch n1) 1))	(multiply-duration 0.25 (transpose-diatonic -3 n1))	(multiply-duration 0.25 (transpose-diatonic -1 n1))	(multiply-duration 0.25 (transpose-diatonic b2 n1))	(multiply-duration 0.25 (transpose-diatonic 3 n1))
TR	rel-pitch-1	1	true	n1	(and (duration>= (duration n1) 2) (not (rest? n1)) (= (note-category n1) C) (= (relative-pitch n1) 1))	(multiply-duration 0.25 (make-rest n1))	(multiply-duration 0.25 (transpose-diatonic 3 n1))	(multiply-duration 0.25 (transpose-diatonic 1 n1))	(multiply-duration 0.25 (transpose-diatonic -2 n1))
TR	rel-pitch-1	1	true	n1	(and (duration>= (duration n1) 2) (not (rest? n1)) (= (note-category n1) C) (= (relative-pitch n1) 1))	(multiply-duration 0.25 (transpose-diatonic 2 n1))	(multiply-duration 0.25 (transpose-diatonic b2 n1))	(multiply-duration 0.5 (transpose-diatonic -1 n1))
TR	rel-pitch-1	1	true	n1	(and (duration>= (duration n1) 2) (not (rest? n1)) (= (note-category n1) C) (= (relative-pitch n1) 1))	(multiply-duration 0.5 (transpose-diatonic 1 n1))	(multiply-duration 0.25 (transpose-diatonic -2 n1))	(multiply-duration 0.25 (transpose-diatonic #3 n1))
TR	rel-pitch-1	1	true	n1	(and (duration>= (duration n1) 2) (not (rest? n1)) (= (note-category n1) C) (= (relative-pitch n1) 1))	(multiply-duration 0.25 (transpose-diatonic 3 n1))	(multiply-duration 0.25 (transpose-diatonic -1 n1))	(multiply-duration 0.5 (make-rest n1))
TR	rel-pitch-1	1	true	n1	(and (duration>= (duration n1) 2) (not (rest? n1)) (= (note-category n1) C) (= (relative-pitch n1) 1))	(multiply-duration 0.25 (transpose-diatonic b3 n1))	(multiply-duration 0.25 (transpose-diatonic 2 n1))	(multiply-duration 0.25 (transpose-diatonic b2 n1))	(multiply-duration 0.25 (transpose-diatonic -2 n1))
TR	rel-pitch-1	10	true	n1	(and (duration>= (duration n1) 2) (not (rest? n1)) (= (note-category n1) C) (= (relative-pitch n1) 1))	(multiply-duration 0.25 (transpose-diatonic 2 n1))	(multiply-duration 0.25 (transpose-diatonic -1 n1))	(multiply-duration 0.25 (transpose-diatonic 1 n1))	(multiply-duration 0.25 (transpose-diatonic 2 n1))
TR	rel-pitch-1	1	true	n1	(and (duration>= (duration n1) 2) (not (rest? n1)) (= (note-category n1) C) (= (relative-pitch n1) 1))	(multiply-duration 0.25 (transpose-diatonic -1 n1))	(multiply-duration 0.125 (transpose-diatonic 1 n1))	(multiply-duration 0.125 (transpose-diatonic b2 n1))	(multiply-duration 0.5 (transpose-diatonic 1 n1))
TR	rel-pitch-1	1	true	n1	(and (duration>= (duration n1) 2) (not (rest? n1)) (= (note-category n1) C) (= (relative-pitch n1) 1))	(multiply-duration 0.5 (transpose-diatonic #-3 n1))	(multiply-duration 0.5 (transpose-diatonic 3 n1))
TR	rel-pitch-1	1	true	n1	(and (duration>= (duration n1) 2) (not (rest? n1)) (= (note-category n1) C) (= (relative-pitch n1) 1))	(multiply-duration 0.25 (transpose-diatonic b3 n1))	(multiply-duration 0.25 (transpose-diatonic 2 n1))	(multiply-duration 0.25 (transpose-diatonic b2 n1))	(multiply-duration 0.25 (transpose-diatonic #-1 n1))
TR	rel-pitch-1	1	true	n1	(and (duration>= (duration n1) 2) (not (rest? n1)) (= (note-category n1) C) (= (relative-pitch n1) 1))	(multiply-duration 0.25 (transpose-diatonic b-1 n1))	(multiply-duration 0.25 (transpose-diatonic 1 n1))	(multiply-duration 0.25 (transpose-diatonic 2 n1))	(multiply-duration 0.25 (transpose-diatonic 4 n1))
TR	rel-pitch-1	1	true	n1	(and (duration>= (duration n1) 2) (not (rest? n1)) (= (note-category n1) C) (= (relative-pitch n1) 1))	(multiply-duration 0.25 (transpose-diatonic 4 n1))	(multiply-duration 0.25 (transpose-diatonic b3 n1))	(multiply-duration 0.25 (transpose-diatonic 1 n1))	(multiply-duration 0.25 (transpose-diatonic -3 n1))
TR	rel-pitch-1	1	true	n1	(and (duration>= (duration n1) 2) (not (rest? n1)) (= (note-category n1) C) (= (relative-pitch n1) 1))	(multiply-duration 0.5 (transpose-diatonic 4 n1))	(multiply-duration 0.25 (transpose-diatonic 2 n1))	(multiply-duration 0.25 (transpose-diatonic #-1 n1))
TR	rel-pitch-1	1	true	n1	(and (duration>= (duration n1) 2) (not (rest? n1)) (= (note-category n1) C) (= (relative-pitch n1) 1))	(multiply-duration 0.25 (transpose-diatonic 1 n1))	(multiply-duration 0.25 (transpose-diatonic 4 n1))	(multiply-duration 0.25 (transpose-diatonic 1 n1))	(multiply-duration 0.25 (transpose-diatonic #-2 n1))
TR	rel-pitch-1	2	true	n1	(and (duration>= (duration n1) 2) (not (rest? n1)) (= (note-category n1) C) (= (relative-pitch n1) 1))	(multiply-duration 0.25 (transpose-diatonic 1 n1))	(multiply-duration 0.25 (transpose-diatonic -2 n1))	(multiply-duration 0.25 (transpose-diatonic b2 n1))	(multiply-duration 0.25 (transpose-diatonic #-1 n1))
TR	rel-pitch-1	1	true	n1	(and (duration>= (duration n1) 2) (not (rest? n1)) (= (note-category n1) C) (= (relative-pitch n1) 1))	(multiply-duration 0.25 (make-rest n1))	(multiply-duration 0.5 (transpose-diatonic 1 n1))	(multiply-duration 0.25 (transpose-diatonic 3 n1))
TR	rel-pitch-1	1	true	n1	(and (duration>= (duration n1) 2) (not (rest? n1)) (= (note-category n1) C) (= (relative-pitch n1) 1))	(multiply-duration 0.25 (transpose-diatonic 2 n1))	(multiply-duration 0.25 (transpose-diatonic -2 n1))	(multiply-duration 0.25 (transpose-diatonic 1 n1))	(multiply-duration 0.25 (transpose-diatonic -2 n1))
TR	rel-pitch-1	1	true	n1	(and (duration>= (duration n1) 2) (not (rest? n1)) (= (note-category n1) C) (= (relative-pitch n1) 1))	(multiply-duration 0.25 (transpose-diatonic 1 n1))	(multiply-duration 0.25 (transpose-diatonic 2 n1))	(multiply-duration 0.25 (transpose-diatonic 3 n1))	(multiply-duration 0.25 (transpose-diatonic 1 n1))
TR	rel-pitch-1	1	true	n1	(and (duration>= (duration n1) 2) (not (rest? n1)) (= (note-category n1) C) (= (relative-pitch n1) 1))	(multiply-duration 0.25 (transpose-diatonic -2 n1))	(multiply-duration 0.25 (transpose-diatonic #-1 n1))	(multiply-duration 0.25 (transpose-diatonic b2 n1))	(multiply-duration 0.25 (transpose-diatonic 3 n1))
TR	rel-pitch-1	4	true	n1	(and (duration>= (duration n1) 2) (not (rest? n1)) (= (note-category n1) C) (= (relative-pitch n1) 1))	(multiply-duration 0.25 (transpose-diatonic b2 n1))	(multiply-duration 0.25 (transpose-diatonic #-1 n1))	(multiply-duration 0.25 (transpose-diatonic 1 n1))	(multiply-duration 0.25 (transpose-diatonic -1 n1))
TR	rel-pitch-1	1	true	n1	(and (duration>= (duration n1) 2) (not (rest? n1)) (= (note-category n1) C) (= (relative-pitch n1) 1))	(multiply-duration 0.25 (transpose-diatonic 2 n1))	(multiply-duration 0.25 (transpose-diatonic b2 n1))	(multiply-duration 0.25 (transpose-diatonic 1 n1))	(multiply-duration 0.25 (transpose-diatonic #-1 n1))
TR	rel-pitch-1	1	true	n1	(and (duration>= (duration n1) 2) (not (rest? n1)) (= (note-category n1) C) (= (relative-pitch n1) 1))	(multiply-duration 0.25 (transpose-diatonic 5 n1))	(multiply-duration 0.25 (transpose-diatonic #-2 n1))	(multiply-duration 0.25 (transpose-diatonic -1 n1))	(multiply-duration 0.25 (transpose-diatonic 1 n1))
TR	rel-pitch-1	1	true	n1	(and (duration>= (duration n1) 2) (not (rest? n1)) (= (note-category n1) C) (= (relative-pitch n1) 1))	(multiply-duration 0.5 (transpose-diatonic b2 n1))	(multiply-duration 0.5 (transpose-diatonic 1 n1))
TR	rel-pitch-1	1	true	n1	(and (duration>= (duration n1) 2) (not (rest? n1)) (= (note-category n1) C) (= (relative-pitch n1) 1))	(multiply-duration 0.16666666666666666 (transpose-diatonic b3 n1))	(multiply-duration 0.16666666666666666 (transpose-diatonic 4 n1))	(multiply-duration 0.16666666666666666 (transpose-diatonic b3 n1))	(multiply-duration 0.25 (transpose-diatonic b2 n1))	(multiply-duration 0.25 (transpose-diatonic #-3 n1))
TR	rel-pitch-1	1	true	n1	(and (duration>= (duration n1) 2) (not (rest? n1)) (= (note-category n1) C) (= (relative-pitch n1) 1))	(multiply-duration 0.25 (transpose-diatonic #-2 n1))	(multiply-duration 0.25 (transpose-diatonic 1 n1))	(multiply-duration 0.25 (transpose-diatonic 3 n1))	(multiply-duration 0.25 (transpose-diatonic #5 n1))
TR	rel-pitch-1	1	true	n1	(and (duration>= (duration n1) 2) (not (rest? n1)) (= (note-category n1) C) (= (relative-pitch n1) 1))	(multiply-duration 0.5 (transpose-diatonic #-3 n1))	(multiply-duration 0.25 (transpose-diatonic #-1 n1))	(multiply-duration 0.25 (transpose-diatonic 4 n1))
TR	rel-pitch-1	3	true	n1	(and (duration>= (duration n1) 2) (not (rest? n1)) (= (note-category n1) C) (= (relative-pitch n1) 1))	(multiply-duration 0.25 (transpose-diatonic 5 n1))	(multiply-duration 0.25 (transpose-diatonic 3 n1))	(multiply-duration 0.25 (transpose-diatonic -1 n1))	(multiply-duration 0.25 (transpose-diatonic -3 n1))
TR	rel-pitch-1	1	true	n1	(and (duration>= (duration n1) 2) (not (rest? n1)) (= (note-category n1) C) (= (relative-pitch n1) 1))	(multiply-duration 0.5 (make-rest n1))	(multiply-duration 0.25 (make-rest n1))	(multiply-duration 0.25 (transpose-diatonic 1 n1))
TR	rel-pitch-1	1	true	n1	(and (duration>= (duration n1) 2) (not (rest? n1)) (= (note-category n1) C) (= (relative-pitch n1) 1))	(multiply-duration 0.25 (transpose-diatonic #-1 n1))	(multiply-duration 0.25 (transpose-diatonic b3 n1))	(multiply-duration 0.25 (transpose-diatonic b2 n1))	(multiply-duration 0.25 (transpose-diatonic -2 n1))
TR	rel-pitch-1	1	true	n1	(and (duration>= (duration n1) 2) (not (rest? n1)) (= (note-category n1) C) (= (relative-pitch n1) 1))	(multiply-duration 0.25 (transpose-diatonic -2 n1))	(multiply-duration 0.25 (transpose-diatonic 1 n1))	(multiply-duration 0.25 (transpose-diatonic 3 n1))	(multiply-duration 0.25 (transpose-diatonic 5 n1))
TR	rel-pitch-1	1	true	n1	(and (duration>= (duration n1) 2) (not (rest? n1)) (= (note-category n1) C) (= (relative-pitch n1) 1))	(multiply-duration 0.25 (transpose-diatonic 3 n1))	(multiply-duration 0.25 (transpose-diatonic b2 n1))	(multiply-duration 0.25 (transpose-diatonic 1 n1))	(multiply-duration 0.25 (transpose-diatonic -1 n1))
TR	rel-pitch-1	1	true	n1	(and (duration>= (duration n1) 2) (not (rest? n1)) (= (note-category n1) C) (= (relative-pitch n1) 1))	(multiply-duration 0.5 (transpose-diatonic -1 n1))	(multiply-duration 0.25 (transpose-diatonic 2 n1))	(multiply-duration 0.25 (transpose-diatonic -1 n1))
TR	rel-pitch-1	2	true	n1	(and (duration>= (duration n1) 2) (not (rest? n1)) (= (note-category n1) C) (= (relative-pitch n1) 1))	(multiply-duration 0.25 (transpose-diatonic 5 n1))	(multiply-duration 0.25 (transpose-diatonic 3 n1))	(multiply-duration 0.25 (transpose-diatonic 1 n1))	(multiply-duration 0.25 (transpose-diatonic -3 n1))
TR	rel-pitch-1	1	true	n1	(and (duration>= (duration n1) 2) (not (rest? n1)) (= (note-category n1) C) (= (relative-pitch n1) 1))	(multiply-duration 0.25 (transpose-diatonic 1 n1))	(multiply-duration 0.25 (transpose-diatonic b2 n1))	(multiply-duration 0.25 (transpose-diatonic 2 n1))	(multiply-duration 0.25 (transpose-diatonic -1 n1))
TR	rel-pitch-1	1	true	n1	(and (duration>= (duration n1) 2) (not (rest? n1)) (= (note-category n1) C) (= (relative-pitch n1) 1))	(multiply-duration 0.5 (transpose-diatonic -2 n1))	(multiply-duration 0.25 (transpose-diatonic b2 n1))	(multiply-duration 0.25 (transpose-diatonic #-1 n1))
TR	rel-pitch-1	1	true	n1	(and (duration>= (duration n1) 2) (not (rest? n1)) (= (note-category n1) C) (= (relative-pitch n1) 1))	(multiply-duration 0.25 (transpose-diatonic 4 n1))	(multiply-duration 0.25 (transpose-diatonic 2 n1))	(multiply-duration 0.25 (transpose-diatonic 1 n1))	(multiply-duration 0.25 (transpose-diatonic b-1 n1))
TR	rel-pitch-1	1	true	n1	(and (duration>= (duration n1) 2) (not (rest? n1)) (= (note-category n1) C) (= (relative-pitch n1) 1))	(multiply-duration 0.25 (transpose-diatonic 2 n1))	(multiply-duration 0.25 (transpose-diatonic -1 n1))	(multiply-duration 0.25 (transpose-diatonic -3 n1))	(multiply-duration 0.25 (transpose-diatonic 2 n1))
TR	rel-pitch-1	1	true	n1	(and (duration>= (duration n1) 2) (not (rest? n1)) (= (note-category n1) C) (= (relative-pitch n1) 1))	(multiply-duration 0.25 (transpose-diatonic -1 n1))	(multiply-duration 0.25 (transpose-diatonic 3 n1))	(multiply-duration 0.25 (transpose-diatonic 1 n1))	(multiply-duration 0.25 (transpose-diatonic -1 n1))
TR	rel-pitch-1	1	true	n1	(and (duration>= (duration n1) 2) (not (rest? n1)) (= (note-category n1) C) (= (relative-pitch n1) 1))	(multiply-duration 0.5 (transpose-diatonic b2 n1))	(multiply-duration 0.5 (make-rest n1))
TR	rel-pitch-1	1	true	n1	(and (duration>= (duration n1) 2) (not (rest? n1)) (= (note-category n1) C) (= (relative-pitch n1) 1))	(multiply-duration 0.25 (make-rest n1))	(multiply-duration 0.25 (transpose-diatonic 3 n1))	(multiply-duration 0.25 (transpose-diatonic #-1 n1))	(multiply-duration 0.25 (transpose-diatonic -2 n1))
TR	rel-pitch-1	1	true	n1	(and (duration>= (duration n1) 2) (not (rest? n1)) (= (note-category n1) C) (= (relative-pitch n1) 1))	(multiply-duration 0.25 (transpose-diatonic 4 n1))	(multiply-duration 0.25 (transpose-diatonic b2 n1))	(multiply-duration 0.25 (transpose-diatonic -1 n1))	(multiply-duration 0.25 (transpose-diatonic #-4 n1))
TR	rel-pitch-1	1	true	n1	(and (duration>= (duration n1) 2) (not (rest? n1)) (= (note-category n1) C) (= (relative-pitch n1) 1))	(multiply-duration 0.25 (transpose-diatonic 1 n1))	(multiply-duration 0.25 (transpose-diatonic b2 n1))	(multiply-duration 0.25 (transpose-diatonic 2 n1))	(multiply-duration 0.25 (transpose-diatonic b2 n1))
TR	rel-pitch-1	1	true	n1	(and (duration>= (duration n1) 2) (not (rest? n1)) (= (note-category n1) C) (= (relative-pitch n1) 1))	(multiply-duration 0.25 (transpose-diatonic 2 n1))	(multiply-duration 0.25 (transpose-diatonic 1 n1))	(multiply-duration 0.5 (transpose-diatonic -2 n1))
TR	rel-pitch-1	1	true	n1	(and (duration>= (duration n1) 2) (not (rest? n1)) (= (note-category n1) C) (= (relative-pitch n1) 1))	(multiply-duration 0.5 (transpose-diatonic #-3 n1))	(multiply-duration 0.25 (transpose-diatonic 1 n1))	(multiply-duration 0.25 (transpose-diatonic 3 n1))
TR	rel-pitch-1	1	true	n1	(and (duration>= (duration n1) 2) (not (rest? n1)) (= (note-category n1) C) (= (relative-pitch n1) 1))	(multiply-duration 0.25 (transpose-diatonic 3 n1))	(multiply-duration 0.25 (transpose-diatonic 2 n1))	(multiply-duration 0.25 (transpose-diatonic -1 n1))	(multiply-duration 0.25 (transpose-diatonic 4 n1))
TR	rel-pitch-1	1	true	n1	(and (duration>= (duration n1) 2) (not (rest? n1)) (= (note-category n1) C) (= (relative-pitch n1) 1))	(multiply-duration 0.75 (transpose-diatonic 1 n1))	(multiply-duration 0.25 (transpose-diatonic 3 n1))
TR	rel-pitch-1	1	true	n1	(and (duration>= (duration n1) 2) (not (rest? n1)) (= (note-category n1) C) (= (relative-pitch n1) 1))	(multiply-duration 0.25 (transpose-diatonic b2 n1))	(multiply-duration 0.25 (transpose-diatonic #-1 n1))	(multiply-duration 0.25 (transpose-diatonic 1 n1))	(multiply-duration 0.25 (transpose-diatonic b3 n1))
TR	rel-pitch-1	1	true	n1	(and (duration>= (duration n1) 2) (not (rest? n1)) (= (note-category n1) C) (= (relative-pitch n1) 1))	(multiply-duration 0.25 (transpose-diatonic b3 n1))	(multiply-duration 0.25 (transpose-diatonic #-1 n1))	(multiply-duration 0.5 (transpose-diatonic #-3 n1))
TR	rel-pitch-1	1	true	n1	(and (duration>= (duration n1) 2) (not (rest? n1)) (= (note-category n1) C) (= (relative-pitch n1) 1))	(multiply-duration 0.5 (transpose-diatonic 1 n1))	(multiply-duration 0.5 (make-rest n1))
TR	rel-pitch-1	1	true	n1	(and (duration>= (duration n1) 2) (not (rest? n1)) (= (note-category n1) C) (= (relative-pitch n1) 1))	(multiply-duration 0.16666666666666666 (transpose-diatonic -1 n1))	(multiply-duration 0.16666666666666666 (transpose-diatonic 1 n1))	(multiply-duration 0.16666666666666666 (transpose-diatonic b2 n1))	(multiply-duration 0.25 (transpose-diatonic 2 n1))	(multiply-duration 0.25 (transpose-diatonic -1 n1))
TR	rel-pitch-1	1	true	n1	(and (duration>= (duration n1) 2) (not (rest? n1)) (= (note-category n1) C) (= (relative-pitch n1) 1))	(multiply-duration 0.25 (transpose-diatonic 3 n1))	(multiply-duration 0.25 (transpose-diatonic -3 n1))	(multiply-duration 0.25 (transpose-diatonic 2 n1))	(multiply-duration 0.25 (transpose-diatonic -1 n1))
TR	rel-pitch-1	1	true	n1	(and (duration>= (duration n1) 2) (not (rest? n1)) (= (note-category n1) C) (= (relative-pitch n1) 1))	(multiply-duration 0.25 (make-rest n1))	(multiply-duration 0.25 (transpose-diatonic #-1 n1))	(multiply-duration 0.25 (make-rest n1))	(multiply-duration 0.25 (transpose-diatonic 2 n1))
TR	rel-pitch-1	1	true	n1	(and (duration>= (duration n1) 2) (not (rest? n1)) (= (note-category n1) C) (= (relative-pitch n1) 1))	(multiply-duration 0.25 (transpose-diatonic -1 n1))	(multiply-duration 0.25 (transpose-diatonic b2 n1))	(multiply-duration 0.25 (transpose-diatonic 1 n1))	(multiply-duration 0.25 (transpose-diatonic -1 n1))
TR	rel-pitch-1	1	true	n1	(and (duration>= (duration n1) 2) (not (rest? n1)) (= (note-category n1) C) (= (relative-pitch n1) 1))	(multiply-duration 0.25 (transpose-diatonic 3 n1))	(multiply-duration 0.25 (transpose-diatonic 2 n1))	(multiply-duration 0.25 (transpose-diatonic -1 n1))	(multiply-duration 0.25 (transpose-diatonic #-1 n1))
TR	rel-pitch-1	1	true	n1	(and (duration>= (duration n1) 2) (not (rest? n1)) (= (note-category n1) C) (= (relative-pitch n1) 1))	(multiply-duration 0.25 (transpose-diatonic 3 n1))	(multiply-duration 0.25 (transpose-diatonic 1 n1))	(multiply-duration 0.5 (transpose-diatonic b2 n1))
TR	rel-pitch-1	1	true	n1	(and (duration>= (duration n1) 2) (not (rest? n1)) (= (note-category n1) C) (= (relative-pitch n1) 1))	(multiply-duration 0.25 (transpose-diatonic b3 n1))	(multiply-duration 0.25 (transpose-diatonic b2 n1))	(multiply-duration 0.25 (transpose-diatonic 1 n1))	(multiply-duration 0.25 (transpose-diatonic -1 n1))
TR	rel-pitch-1	1	true	n1	(and (duration>= (duration n1) 2) (not (rest? n1)) (= (note-category n1) C) (= (relative-pitch n1) 1))	(multiply-duration 0.25 (make-rest n1))	(multiply-duration 0.75 (transpose-diatonic 1 n1))
TR	rel-pitch-1	1	true	n1	(and (duration>= (duration n1) 2) (not (rest? n1)) (= (note-category n1) C) (= (relative-pitch n1) 1))	(multiply-duration 0.25 (make-rest n1))	(multiply-duration 0.25 (transpose-diatonic 2 n1))	(multiply-duration 0.16666666666666666 (transpose-diatonic -1 n1))	(multiply-duration 0.16666666666666666 (transpose-diatonic 2 n1))	(multiply-duration 0.16666666666666666 (transpose-diatonic 4 n1))
TR	rel-pitch-1	1	true	n1	(and (duration>= (duration n1) 2) (not (rest? n1)) (= (note-category n1) C) (= (relative-pitch n1) 1))	(multiply-duration 0.25 (transpose-diatonic 5 n1))	(multiply-duration 0.25 (transpose-diatonic 3 n1))	(multiply-duration 0.25 (transpose-diatonic b-1 n1))	(multiply-duration 0.25 (transpose-diatonic -3 n1))
TR	rel-pitch-1	1	true	n1	(and (duration>= (duration n1) 2) (not (rest? n1)) (= (note-category n1) C) (= (relative-pitch n1) 1))	(multiply-duration 0.25 (transpose-diatonic b-1 n1))	(multiply-duration 0.25 (transpose-diatonic 1 n1))	(multiply-duration 0.25 (transpose-diatonic 2 n1))	(multiply-duration 0.25 (transpose-diatonic #3 n1))
TR	rel-pitch-1	1	true	n1	(and (duration>= (duration n1) 2) (not (rest? n1)) (= (note-category n1) C) (= (relative-pitch n1) 1))	(multiply-duration 0.25 (transpose-diatonic b3 n1))	(multiply-duration 0.25 (transpose-diatonic b2 n1))	(multiply-duration 0.25 (transpose-diatonic #-1 n1))	(multiply-duration 0.25 (transpose-diatonic -3 n1))
TR	rel-pitch-1	1	true	n1	(and (duration>= (duration n1) 2) (not (rest? n1)) (= (note-category n1) C) (= (relative-pitch n1) 1))	(multiply-duration 0.25 (transpose-diatonic 2 n1))	(multiply-duration 0.25 (transpose-diatonic #-1 n1))	(multiply-duration 0.25 (transpose-diatonic 1 n1))	(multiply-duration 0.25 (transpose-diatonic 2 n1))
TR	rel-pitch-1	2	true	n1	(and (duration>= (duration n1) 2) (not (rest? n1)) (= (note-category n1) C) (= (relative-pitch n1) 1))	(multiply-duration 0.25 (make-rest n1))	(multiply-duration 0.25 (transpose-diatonic b2 n1))	(multiply-duration 0.5 (make-rest n1))
TR	rel-pitch-1	1	true	n1	(and (duration>= (duration n1) 2) (not (rest? n1)) (= (note-category n1) C) (= (relative-pitch n1) 1))	(multiply-duration 0.5 (make-rest n1))	(multiply-duration 0.25 (transpose-diatonic #-1 n1))	(multiply-duration 0.25 (transpose-diatonic 1 n1))
TR	rel-pitch-1	1	true	n1	(and (duration>= (duration n1) 2) (not (rest? n1)) (= (note-category n1) C) (= (relative-pitch n1) 1))	(multiply-duration 0.25 (transpose-diatonic b3 n1))	(multiply-duration 0.25 (transpose-diatonic 2 n1))	(multiply-duration 0.25 (transpose-diatonic b2 n1))	(multiply-duration 0.25 (transpose-diatonic #-3 n1))
TR	rel-pitch-1	1	true	n1	(and (duration>= (duration n1) 2) (not (rest? n1)) (= (note-category n1) C) (= (relative-pitch n1) 1))	(multiply-duration 0.75 (transpose-diatonic 2 n1))	(multiply-duration 0.25 (make-rest n1))
TR	rel-pitch-1	1	true	n1	(and (duration>= (duration n1) 2) (not (rest? n1)) (= (note-category n1) C) (= (relative-pitch n1) 1))	(multiply-duration 0.5 (transpose-diatonic b3 n1))	(multiply-duration 0.25 (transpose-diatonic b2 n1))	(multiply-duration 0.25 (transpose-diatonic 1 n1))
SUB	half-first-rel-pitch-7	motif	1	true
TR	rel-pitch-7-to-1	1	true	n1 n2	(and (duration>= (duration n1) 2) (not (rest? n1)) (= (note-category n1) C) (= (relative-pitch n1) 7) (duration>= (duration n2) 2) (not (rest? n2)) (= (note-category n2) C) (= (relative-pitch n2) 1) (pitch>= n1 n2))	(multiply-duration 0.25 (transpose-diatonic #-2 n1))	(multiply-duration 0.25 (transpose-diatonic 1 n1))	(multiply-duration 0.25 (transpose-diatonic -1 n1))	(multiply-duration 0.25 (transpose-diatonic #-2 n1))	(multiply-duration 0.25 (transpose-diatonic 5 n2))	(multiply-duration 0.25 (transpose-diatonic 3 n2))	(multiply-duration 0.25 (transpose-diatonic 1 n2))	(multiply-duration 0.25 (transpose-diatonic -3 n2))
TR	rel-pitch-7-to-7	2	true	n1 n2	(and (duration>= (duration n1) 2) (not (rest? n1)) (= (note-category n1) C) (= (relative-pitch n1) 7) (duration>= (duration n2) 2) (not (rest? n2)) (= (note-category n2) C) (= (relative-pitch n2) 7) (pitch>= n1 n2))	(multiply-duration 1.0 (transpose-diatonic 1 n1))	(multiply-duration 1.0 (transpose-diatonic 1 n2))
TR	rel-pitch-7-to-5	1	true	n1 n2	(and (duration>= (duration n1) 2) (not (rest? n1)) (= (note-category n1) C) (= (relative-pitch n1) 7) (duration>= (duration n2) 2) (not (rest? n2)) (= (note-category n2) C) (= (relative-pitch n2) 5) (pitch>= n1 n2))	(multiply-duration 0.25 (transpose-diatonic 4 n1))	(multiply-duration 0.25 (transpose-diatonic -2 n1))	(multiply-duration 0.25 (transpose-diatonic 1 n1))	(multiply-duration 0.25 (transpose-diatonic 3 n1))	(multiply-duration 0.25 (transpose-diatonic 4 n2))	(multiply-duration 0.25 (transpose-diatonic 1 n2))	(multiply-duration 0.25 (transpose-diatonic -2 n2))	(multiply-duration 0.25 (transpose-diatonic -4 n2))
TR	rel-pitch-7-to-7	1	true	n1 n2	(and (duration>= (duration n1) 2) (not (rest? n1)) (= (note-category n1) C) (= (relative-pitch n1) 7) (duration>= (duration n2) 2) (not (rest? n2)) (= (note-category n2) C) (= (relative-pitch n2) 7) (pitch>= n1 n2))	(multiply-duration 0.25 (transpose-diatonic b3 n1))	(multiply-duration 0.25 (transpose-diatonic 2 n1))	(multiply-duration 0.25 (transpose-diatonic 1 n1))	(multiply-duration 0.25 (transpose-diatonic #-2 n1))	(multiply-duration 0.25 (transpose-diatonic -1 n2))	(multiply-duration 0.25 (transpose-diatonic 2 n2))	(multiply-duration 0.25 (transpose-diatonic -1 n2))	(multiply-duration 0.25 (transpose-diatonic -2 n2))
TR	rel-pitch-7-to-5	1	true	n1 n2	(and (duration>= (duration n1) 2) (not (rest? n1)) (= (note-category n1) C) (= (relative-pitch n1) 7) (duration>= (duration n2) 2) (not (rest? n2)) (= (note-category n2) C) (= (relative-pitch n2) 5) (pitch>= n1 n2))	(multiply-duration 0.25 (make-rest n1))	(multiply-duration 0.25 (transpose-diatonic -1 n1))	(multiply-duration 0.25 (transpose-diatonic #-1 n1))	(multiply-duration 0.25 (transpose-diatonic 2 n1))	(multiply-duration 0.25 (transpose-diatonic #2 n2))	(multiply-duration 0.25 (transpose-diatonic #1 n2))	(multiply-duration 0.25 (transpose-diatonic -1 n2))	(multiply-duration 0.25 (transpose-diatonic #1 n2))
TR	rel-pitch-7-to-5	1	true	n1 n2	(and (duration>= (duration n1) 2) (not (rest? n1)) (= (note-category n1) C) (= (relative-pitch n1) 7) (duration>= (duration n2) 2) (not (rest? n2)) (= (note-category n2) C) (= (relative-pitch n2) 5) (pitch>= n1 n2))	(multiply-duration 0.5 (transpose-diatonic 2 n1))	(multiply-duration 0.25 (transpose-diatonic 2 n1))	(multiply-duration 0.25 (transpose-diatonic b1 n1))	(multiply-duration 0.25 (make-rest n2))	(multiply-duration 0.25 (transpose-diatonic b3 n2))	(multiply-duration 0.5 (transpose-diatonic 1 n2))
TR	rel-pitch-7-to-7	1	true	n1 n2	(and (duration>= (duration n1) 2) (not (rest? n1)) (= (note-category n1) C) (= (relative-pitch n1) 7) (duration>= (duration n2) 2) (not (rest? n2)) (= (note-category n2) C) (= (relative-pitch n2) 7) (pitch>= n1 n2))	(multiply-duration 1.0 (transpose-diatonic 1 n1))	(multiply-duration 0.75 (transpose-diatonic 1 n2))	(multiply-duration 0.25 (transpose-diatonic -1 n2))
TR	rel-pitch-7-to-rest	1	true	n1 n2	(and (duration>= (duration n1) 2) (not (rest? n1)) (= (note-category n1) C) (= (relative-pitch n1) 7) (duration>= (duration n2) 2) (rest? n2))	(multiply-duration 0.25 (transpose-diatonic 1 n1))	(multiply-duration 0.25 (transpose-diatonic b3 n1))	(multiply-duration 0.25 (transpose-diatonic 2 n1))	(multiply-duration 0.25 (transpose-diatonic #-2 n1))	n2
TR	rel-pitch-7-to-rest	1	true	n1 n2	(and (duration>= (duration n1) 2) (not (rest? n1)) (= (note-category n1) C) (= (relative-pitch n1) 7) (duration>= (duration n2) 2) (rest? n2))	(multiply-duration 0.25 (transpose-diatonic -4 n1))	(multiply-duration 0.25 (transpose-diatonic -2 n1))	(multiply-duration 0.25 (transpose-diatonic 1 n1))	(multiply-duration 0.25 (transpose-diatonic 3 n1))	n2
TR	rel-pitch-7-to-1	1	true	n1 n2	(and (duration>= (duration n1) 2) (not (rest? n1)) (= (note-category n1) C) (= (relative-pitch n1) 7) (duration>= (duration n2) 2) (not (rest? n2)) (= (note-category n2) C) (= (relative-pitch n2) 1) (pitch< n1 n2))	(multiply-duration 0.25 (make-rest n1))	(multiply-duration 0.25 (transpose-diatonic 3 n1))	(multiply-duration 0.25 (transpose-diatonic 1 n1))	(multiply-duration 0.25 (transpose-diatonic -2 n1))	(multiply-duration 0.5 (transpose-diatonic 1 n2))	(multiply-duration 0.25 (transpose-diatonic -2 n2))	(multiply-duration 0.25 (transpose-diatonic #3 n2))
TR	rel-pitch-7-to-5	1	true	n1 n2	(and (duration>= (duration n1) 2) (not (rest? n1)) (= (note-category n1) C) (= (relative-pitch n1) 7) (duration>= (duration n2) 2) (not (rest? n2)) (= (note-category n2) C) (= (relative-pitch n2) 5) (pitch>= n1 n2))	(multiply-duration 0.25 (transpose-diatonic 4 n1))	(multiply-duration 0.25 (transpose-diatonic -2 n1))	(multiply-duration 0.25 (transpose-diatonic 1 n1))	(multiply-duration 0.25 (transpose-diatonic 3 n1))	(multiply-duration 0.25 (transpose-diatonic 4 n2))	(multiply-duration 0.25 (transpose-diatonic 1 n2))	(multiply-duration 0.5 (transpose-diatonic -2 n2))
TR	rel-pitch-7-to-1	1	true	n1 n2	(and (duration>= (duration n1) 2) (not (rest? n1)) (= (note-category n1) C) (= (relative-pitch n1) 7) (duration>= (duration n2) 2) (not (rest? n2)) (= (note-category n2) C) (= (relative-pitch n2) 1) (pitch< n1 n2))	(multiply-duration 0.25 (make-rest n1))	(multiply-duration 0.25 (transpose-diatonic -2 n1))	(multiply-duration 0.25 (transpose-diatonic -1 n1))	(multiply-duration 0.25 (transpose-diatonic 1 n1))	(multiply-duration 0.25 (transpose-diatonic 2 n2))	(multiply-duration 0.25 (transpose-diatonic -1 n2))	(multiply-duration 0.25 (transpose-diatonic 1 n2))	(multiply-duration 0.25 (transpose-diatonic 2 n2))
TR	rel-pitch-7-to-7	1	true	n1 n2	(and (duration>= (duration n1) 2) (not (rest? n1)) (= (note-category n1) C) (= (relative-pitch n1) 7) (duration>= (duration n2) 2) (not (rest? n2)) (= (note-category n2) C) (= (relative-pitch n2) 7) (pitch>= n1 n2))	(multiply-duration 0.25 (transpose-diatonic -2 n1))	(multiply-duration 0.25 (transpose-diatonic -1 n1))	(multiply-duration 0.25 (transpose-diatonic 2 n1))	(multiply-duration 0.25 (transpose-diatonic b4 n1))	(multiply-duration 0.25 (transpose-diatonic 4 n2))	(multiply-duration 0.25 (transpose-diatonic -2 n2))	(multiply-duration 0.5 (make-rest n2))
TR	rel-pitch-7-to-7	1	true	n1 n2	(and (duration>= (duration n1) 2) (not (rest? n1)) (= (note-category n1) C) (= (relative-pitch n1) 7) (duration>= (duration n2) 2) (not (rest? n2)) (= (note-category n2) C) (= (relative-pitch n2) 7) (pitch>= n1 n2))	(multiply-duration 0.25 (transpose-diatonic -3 n1))	(multiply-duration 0.25 (transpose-diatonic #-2 n1))	(multiply-duration 0.25 (transpose-diatonic #-1 n1))	(multiply-duration 0.25 (transpose-diatonic 2 n1))	(multiply-duration 0.5 (transpose-diatonic 5 n2))	(multiply-duration 0.25 (transpose-diatonic #-4 n2))	(multiply-duration 0.25 (transpose-diatonic -2 n2))
TR	rel-pitch-7-to-3	1	true	n1 n2	(and (duration>= (duration n1) 2) (not (rest? n1)) (= (note-category n1) C) (= (relative-pitch n1) 7) (duration>= (duration n2) 2) (not (rest? n2)) (= (note-category n2) C) (= (relative-pitch n2) 3) (pitch< n1 n2))	(multiply-duration 0.25 (transpose-diatonic -4 n1))	(multiply-duration 0.25 (transpose-diatonic -2 n1))	(multiply-duration 0.25 (transpose-diatonic 1 n1))	(multiply-duration 0.25 (transpose-diatonic 3 n1))	(multiply-duration 0.25 (make-rest n2))	(multiply-duration 0.25 (transpose-diatonic -1 n2))	(multiply-duration 0.25 (make-rest n2))	(multiply-duration 0.25 (transpose-diatonic -1 n2))
TR	rel-pitch-7-to-7	1	true	n1 n2	(and (duration>= (duration n1) 2) (not (rest? n1)) (= (note-category n1) C) (= (relative-pitch n1) 7) (duration>= (duration n2) 2) (not (rest? n2)) (= (note-category n2) C) (= (relative-pitch n2) 7) (pitch>= n1 n2))	(multiply-duration 0.25 (transpose-diatonic 4 n1))	(multiply-duration 0.25 (transpose-diatonic 2 n1))	(multiply-duration 0.25 (transpose-diatonic -1 n1))	(multiply-duration 0.25 (transpose-diatonic #-2 n1))	(multiply-duration 0.25 (transpose-diatonic -2 n2))	(multiply-duration 0.25 (transpose-diatonic -1 n2))	(multiply-duration 0.25 (transpose-diatonic 2 n2))	(multiply-duration 0.25 (transpose-diatonic b4 n2))
TR	rel-pitch-7-to-1	1	true	n1 n2	(and (duration>= (duration n1) 2) (not (rest? n1)) (= (note-category n1) C) (= (relative-pitch n1) 7) (duration>= (duration n2) 2) (not (rest? n2)) (= (note-category n2) C) (= (relative-pitch n2) 1) (pitch< n1 n2))	(multiply-duration 0.25 (transpose-diatonic b4 n1))	(multiply-duration 0.25 (transpose-diatonic 2 n1))	(multiply-duration 0.25 (transpose-diatonic #-2 n1))	(multiply-duration 0.25 (transpose-diatonic -3 n1))	(multiply-duration 0.25 (transpose-diatonic b2 n2))	(multiply-duration 0.25 (transpose-diatonic #-1 n2))	(multiply-duration 0.25 (transpose-diatonic 1 n2))	(multiply-duration 0.25 (transpose-diatonic -1 n2))
TR	rel-pitch-7-to-5	1	true	n1 n2	(and (duration>= (duration n1) 2) (not (rest? n1)) (= (note-category n1) C) (= (relative-pitch n1) 7) (duration>= (duration n2) 2) (not (rest? n2)) (= (note-category n2) C) (= (relative-pitch n2) 5) (pitch>= n1 n2))	(multiply-duration 0.25 (make-rest n1))	(multiply-duration 0.25 (transpose-diatonic 2 n1))	(multiply-duration 0.5 (transpose-diatonic -3 n1))	(multiply-duration 0.25 (transpose-diatonic 3 n2))	(multiply-duration 0.25 (transpose-diatonic #1 n2))	(multiply-duration 0.25 (transpose-diatonic -2 n2))	(multiply-duration 0.25 (transpose-diatonic -4 n2))
TR	rel-pitch-7-to-rest	2	true	n1 n2	(and (duration>= (duration n1) 2) (not (rest? n1)) (= (note-category n1) C) (= (relative-pitch n1) 7) (duration>= (duration n2) 2) (rest? n2))	(multiply-duration 0.5 (transpose-diatonic -1 n1))	(multiply-duration 0.5 (make-rest n1))	n2
TR	rel-pitch-7-to-1	1	true	n1 n2	(and (duration>= (duration n1) 2) (not (rest? n1)) (= (note-category n1) C) (= (relative-pitch n1) 7) (duration>= (duration n2) 2) (not (rest? n2)) (= (note-category n2) C) (= (relative-pitch n2) 1) (pitch< n1 n2))	(multiply-duration 0.25 (transpose-diatonic #-2 n1))	(multiply-duration 0.25 (transpose-diatonic 1 n1))	(multiply-duration 0.25 (transpose-diatonic #1 n1))	(multiply-duration 0.25 (transpose-diatonic b3 n1))	(multiply-duration 0.25 (transpose-diatonic 2 n2))	(multiply-duration 0.25 (transpose-diatonic b2 n2))	(multiply-duration 0.25 (transpose-diatonic 1 n2))	(multiply-duration 0.25 (transpose-diatonic #-1 n2))
TR	rel-pitch-7-to-5	1	true	n1 n2	(and (duration>= (duration n1) 2) (not (rest? n1)) (= (note-category n1) C) (= (relative-pitch n1) 7) (duration>= (duration n2) 2) (not (rest? n2)) (= (note-category n2) C) (= (relative-pitch n2) 5) (pitch>= n1 n2))	(multiply-duration 0.25 (transpose-diatonic 2 n1))	(multiply-duration 0.25 (transpose-diatonic 1 n1))	(multiply-duration 0.25 (transpose-diatonic b1 n1))	(multiply-duration 0.25 (transpose-diatonic -1 n1))	(multiply-duration 0.25 (transpose-diatonic #1 n2))	(multiply-duration 0.25 (transpose-diatonic 1 n2))	(multiply-duration 0.25 (transpose-diatonic 2 n2))	(multiply-duration 0.25 (transpose-diatonic #-1 n2))
TR	rel-pitch-7-to-5	1	true	n1 n2	(and (duration>= (duration n1) 2) (not (rest? n1)) (= (note-category n1) C) (= (relative-pitch n1) 7) (duration>= (duration n2) 2) (not (rest? n2)) (= (note-category n2) C) (= (relative-pitch n2) 5) (pitch>= n1 n2))	(multiply-duration 0.25 (make-rest n1))	(multiply-duration 0.25 (transpose-diatonic -2 n1))	(multiply-duration 0.25 (transpose-diatonic b1 n1))	(multiply-duration 0.25 (transpose-diatonic 3 n1))	(multiply-duration 0.25 (transpose-diatonic 4 n2))	(multiply-duration 0.25 (transpose-diatonic 1 n2))	(multiply-duration 0.25 (transpose-diatonic -2 n2))	(multiply-duration 0.25 (transpose-diatonic -4 n2))
TR	rel-pitch-7-to-rest	1	true	n1 n2	(and (duration>= (duration n1) 2) (not (rest? n1)) (= (note-category n1) C) (= (relative-pitch n1) 7) (duration>= (duration n2) 2) (rest? n2))	(multiply-duration 0.5 (transpose-diatonic 1 n1))	(multiply-duration 0.25 (transpose-diatonic 3 n1))	(multiply-duration 0.25 (transpose-diatonic -2 n1))	n2
TR	rel-pitch-7-to-5	1	true	n1 n2	(and (duration>= (duration n1) 2) (not (rest? n1)) (= (note-category n1) C) (= (relative-pitch n1) 7) (duration>= (duration n2) 2) (not (rest? n2)) (= (note-category n2) C) (= (relative-pitch n2) 5) (pitch>= n1 n2))	(multiply-duration 1.0 (transpose-diatonic -1 n1))	(multiply-duration 0.25 (transpose-diatonic 3 n2))	(multiply-duration 0.25 (transpose-diatonic 1 n2))	(multiply-duration 0.5 (make-rest n2))
TR	rel-pitch-7-to-7	1	true	n1 n2	(and (duration>= (duration n1) 2) (not (rest? n1)) (= (note-category n1) C) (= (relative-pitch n1) 7) (duration>= (duration n2) 2) (not (rest? n2)) (= (note-category n2) C) (= (relative-pitch n2) 7) (pitch>= n1 n2))	(multiply-duration 0.25 (transpose-diatonic 1 n1))	(multiply-duration 0.25 (transpose-diatonic 3 n1))	(multiply-duration 0.25 (transpose-diatonic 1 n1))	(multiply-duration 0.25 (transpose-diatonic -2 n1))	(multiply-duration 0.5 (transpose-diatonic -4 n2))	(multiply-duration 0.25 (transpose-diatonic b1 n2))	(multiply-duration 0.25 (transpose-diatonic b4 n2))
TR	rel-pitch-7-to-3	1	true	n1 n2	(and (duration>= (duration n1) 2) (not (rest? n1)) (= (note-category n1) C) (= (relative-pitch n1) 7) (duration>= (duration n2) 2) (not (rest? n2)) (= (note-category n2) C) (= (relative-pitch n2) 3) (pitch>= n1 n2))	(multiply-duration 0.25 (transpose-diatonic b1 n1))	(multiply-duration 0.25 (transpose-diatonic 2 n1))	(multiply-duration 0.25 (transpose-diatonic b1 n1))	(multiply-duration 0.25 (transpose-diatonic #-2 n1))	(multiply-duration 0.25 (transpose-diatonic 3 n2))	(multiply-duration 0.25 (transpose-diatonic 2 n2))	(multiply-duration 0.5 (transpose-diatonic 1 n2))
TR	rel-pitch-7-to-5	1	true	n1 n2	(and (duration>= (duration n1) 2) (not (rest? n1)) (= (note-category n1) C) (= (relative-pitch n1) 7) (duration>= (duration n2) 2) (not (rest? n2)) (= (note-category n2) C) (= (relative-pitch n2) 5) (pitch>= n1 n2))	(multiply-duration 0.25 (transpose-diatonic b-1 n1))	(multiply-duration 0.25 (transpose-diatonic b1 n1))	(multiply-duration 0.25 (transpose-diatonic 1 n1))	(multiply-duration 0.25 (transpose-diatonic b3 n1))	(multiply-duration 0.25 (transpose-diatonic b3 n2))	(multiply-duration 0.25 (transpose-diatonic b2 n2))	(multiply-duration 0.25 (transpose-diatonic 1 n2))	(multiply-duration 0.25 (transpose-diatonic -1 n2))
TR	rel-pitch-7-to-5	1	true	n1 n2	(and (duration>= (duration n1) 2) (not (rest? n1)) (= (note-category n1) C) (= (relative-pitch n1) 7) (duration>= (duration n2) 2) (not (rest? n2)) (= (note-category n2) C) (= (relative-pitch n2) 5) (pitch>= n1 n2))	(multiply-duration 0.25 (transpose-diatonic -3 n1))	(multiply-duration 0.25 (transpose-diatonic #-2 n1))	(multiply-duration 0.25 (transpose-diatonic #-1 n1))	(multiply-duration 0.25 (transpose-diatonic 2 n1))	(multiply-duration 0.25 (transpose-diatonic #2 n2))	(multiply-duration 0.25 (transpose-diatonic #1 n2))	(multiply-duration 0.25 (transpose-diatonic -1 n2))	(multiply-duration 0.25 (transpose-diatonic #-2 n2))
TR	rel-pitch-7-to-3	1	true	n1 n2	(and (duration>= (duration n1) 2) (not (rest? n1)) (= (note-category n1) C) (= (relative-pitch n1) 7) (duration>= (duration n2) 2) (not (rest? n2)) (= (note-category n2) C) (= (relative-pitch n2) 3) (pitch< n1 n2))	(multiply-duration 0.25 (transpose-diatonic -2 n1))	(multiply-duration 0.25 (transpose-diatonic -1 n1))	(multiply-duration 0.25 (transpose-diatonic #-1 n1))	(multiply-duration 0.25 (transpose-diatonic 3 n1))	(multiply-duration 0.25 (transpose-diatonic 3 n2))	(multiply-duration 0.25 (transpose-diatonic 1 n2))	(multiply-duration 0.25 (transpose-diatonic 3 n2))	(multiply-duration 0.25 (transpose-diatonic 1 n2))
TR	rel-pitch-7-to-3	1	true	n1 n2	(and (duration>= (duration n1) 2) (not (rest? n1)) (= (note-category n1) C) (= (relative-pitch n1) 7) (duration>= (duration n2) 2) (not (rest? n2)) (= (note-category n2) C) (= (relative-pitch n2) 3) (pitch>= n1 n2))	(multiply-duration 0.25 (transpose-diatonic 2 n1))	(multiply-duration 0.25 (transpose-diatonic #1 n1))	(multiply-duration 0.25 (transpose-diatonic 1 n1))	(multiply-duration 0.25 (transpose-diatonic #-2 n1))	(multiply-duration 0.25 (transpose-diatonic b1 n2))	(multiply-duration 0.25 (transpose-diatonic -2 n2))	(multiply-duration 0.25 (transpose-diatonic 3 n2))	(multiply-duration 0.25 (transpose-diatonic 2 n2))
TR	rel-pitch-7-to-3	1	true	n1 n2	(and (duration>= (duration n1) 2) (not (rest? n1)) (= (note-category n1) C) (= (relative-pitch n1) 7) (duration>= (duration n2) 2) (not (rest? n2)) (= (note-category n2) C) (= (relative-pitch n2) 3) (pitch>= n1 n2))	(multiply-duration 0.5 (transpose-diatonic -1 n1))	(multiply-duration 0.25 (transpose-diatonic 2 n1))	(multiply-duration 0.25 (transpose-diatonic -1 n1))	(multiply-duration 0.25 (make-rest n2))	(multiply-duration 0.25 (transpose-diatonic 2 n2))	(multiply-duration 0.5 (transpose-diatonic -1 n2))
TR	rel-pitch-7-to-3	1	true	n1 n2	(and (duration>= (duration n1) 2) (not (rest? n1)) (= (note-category n1) C) (= (relative-pitch n1) 7) (duration>= (duration n2) 2) (not (rest? n2)) (= (note-category n2) C) (= (relative-pitch n2) 3) (pitch< n1 n2))	(multiply-duration 0.25 (make-rest n1))	(multiply-duration 0.25 (transpose-diatonic -2 n1))	(multiply-duration 0.16666666666666666 (transpose-diatonic -1 n1))	(multiply-duration 0.16666666666666666 (transpose-diatonic 1 n1))	(multiply-duration 0.16666666666666666 (transpose-diatonic 3 n1))	(multiply-duration 0.25 (transpose-diatonic -3 n2))	(multiply-duration 0.25 (transpose-diatonic -2 n2))	(multiply-duration 0.25 (transpose-diatonic 1 n2))	(multiply-duration 0.25 (transpose-diatonic 3 n2))
TR	rel-pitch-7-to-3	1	true	n1 n2	(and (duration>= (duration n1) 2) (not (rest? n1)) (= (note-category n1) C) (= (relative-pitch n1) 7) (duration>= (duration n2) 2) (not (rest? n2)) (= (note-category n2) C) (= (relative-pitch n2) 3) (pitch>= n1 n2))	(multiply-duration 0.25 (transpose-diatonic 1 n1))	(multiply-duration 0.25 (transpose-diatonic 3 n1))	(multiply-duration 0.25 (transpose-diatonic 2 n1))	(multiply-duration 0.25 (transpose-diatonic -2 n1))	(multiply-duration 0.25 (transpose-diatonic 1 n2))	(multiply-duration 0.25 (transpose-diatonic -2 n2))	(multiply-duration 0.5 (transpose-diatonic 2 n2))
TR	rel-pitch-7-to-3	1	true	n1 n2	(and (duration>= (duration n1) 2) (not (rest? n1)) (= (note-category n1) C) (= (relative-pitch n1) 7) (duration>= (duration n2) 2) (not (rest? n2)) (= (note-category n2) C) (= (relative-pitch n2) 3) (pitch< n1 n2))	(multiply-duration 0.25 (transpose-diatonic -2 n1))	(multiply-duration 0.25 (transpose-diatonic -1 n1))	(multiply-duration 0.25 (transpose-diatonic 1 n1))	(multiply-duration 0.25 (transpose-diatonic 3 n1))	(multiply-duration 0.25 (transpose-diatonic -3 n2))	(multiply-duration 0.25 (transpose-diatonic -2 n2))	(multiply-duration 0.16666666666666666 (transpose-diatonic 1 n2))	(multiply-duration 0.16666666666666666 (transpose-diatonic 3 n2))	(multiply-duration 0.16666666666666666 (transpose-diatonic 5 n2))
TR	rel-pitch-7-to-3	1	true	n1 n2	(and (duration>= (duration n1) 2) (not (rest? n1)) (= (note-category n1) C) (= (relative-pitch n1) 7) (duration>= (duration n2) 2) (not (rest? n2)) (= (note-category n2) C) (= (relative-pitch n2) 3) (pitch>= n1 n2))	(multiply-duration 0.25 (transpose-diatonic 2 n1))	(multiply-duration 0.25 (transpose-diatonic #1 n1))	(multiply-duration 0.25 (transpose-diatonic 1 n1))	(multiply-duration 0.25 (transpose-diatonic -1 n1))	(multiply-duration 0.25 (transpose-diatonic #3 n2))	(multiply-duration 0.25 (transpose-diatonic 1 n2))	(multiply-duration 0.25 (transpose-diatonic b1 n2))	(multiply-duration 0.25 (transpose-diatonic b-1 n2))
TR	rel-pitch-7-to-3	1	true	n1 n2	(and (duration>= (duration n1) 2) (not (rest? n1)) (= (note-category n1) C) (= (relative-pitch n1) 7) (duration>= (duration n2) 2) (not (rest? n2)) (= (note-category n2) C) (= (relative-pitch n2) 3) (pitch< n1 n2))	(multiply-duration 0.25 (transpose-diatonic 4 n1))	(multiply-duration 0.25 (transpose-diatonic 2 n1))	(multiply-duration 0.25 (transpose-diatonic -2 n1))	(multiply-duration 0.25 (transpose-diatonic 2 n1))	(multiply-duration 0.25 (transpose-diatonic 1 n2))	(multiply-duration 0.25 (transpose-diatonic 2 n2))	(multiply-duration 0.25 (transpose-diatonic 1 n2))	(multiply-duration 0.25 (transpose-diatonic -2 n2))
TR	rel-pitch-7-to-rest	1	true	n1 n2	(and (duration>= (duration n1) 2) (not (rest? n1)) (= (note-category n1) C) (= (relative-pitch n1) 7) (duration>= (duration n2) 2) (rest? n2))	(multiply-duration 0.25 (transpose-diatonic 1 n1))	(multiply-duration 0.25 (transpose-diatonic -1 n1))	(multiply-duration 0.5 (make-rest n1))	n2
TR	rel-pitch-7-to-1	1	true	n1 n2	(and (duration>= (duration n1) 2) (not (rest? n1)) (= (note-category n1) C) (= (relative-pitch n1) 7) (duration>= (duration n2) 2) (not (rest? n2)) (= (note-category n2) C) (= (relative-pitch n2) 1) (pitch< n1 n2))	(multiply-duration 0.25 (transpose-diatonic 4 n1))	(multiply-duration 0.25 (transpose-diatonic 2 n1))	(multiply-duration 0.25 (transpose-diatonic -1 n1))	(multiply-duration 0.25 (transpose-diatonic -2 n1))	(multiply-duration 0.25 (transpose-diatonic 2 n2))	(multiply-duration 0.25 (transpose-diatonic -1 n2))	(multiply-duration 0.25 (transpose-diatonic 1 n2))	(multiply-duration 0.25 (transpose-diatonic 2 n2))
TR	rel-pitch-7-to-5	1	true	n1 n2	(and (duration>= (duration n1) 2) (not (rest? n1)) (= (note-category n1) C) (= (relative-pitch n1) 7) (duration>= (duration n2) 2) (not (rest? n2)) (= (note-category n2) C) (= (relative-pitch n2) 5) (pitch>= n1 n2))	(multiply-duration 0.25 (make-rest n1))	(multiply-duration 0.25 (transpose-diatonic 2 n1))	(multiply-duration 0.16666666666666666 (transpose-diatonic #1 n1))	(multiply-duration 0.16666666666666666 (transpose-diatonic 1 n1))	(multiply-duration 0.16666666666666666 (transpose-diatonic #-1 n1))	(multiply-duration 0.25 (transpose-diatonic 2 n2))	(multiply-duration 0.25 (transpose-diatonic #1 n2))	(multiply-duration 0.25 (transpose-diatonic 1 n2))	(multiply-duration 0.25 (transpose-diatonic 2 n2))
TR	rel-pitch-7-to-3	1	true	n1 n2	(and (duration>= (duration n1) 2) (not (rest? n1)) (= (note-category n1) C) (= (relative-pitch n1) 7) (duration>= (duration n2) 2) (not (rest? n2)) (= (note-category n2) C) (= (relative-pitch n2) 3) (pitch>= n1 n2))	(multiply-duration 0.25 (make-rest n1))	(multiply-duration 0.25 (transpose-diatonic 2 n1))	(multiply-duration 0.25 (transpose-diatonic 1 n1))	(multiply-duration 0.25 (transpose-diatonic #-3 n1))	(multiply-duration 0.25 (transpose-diatonic b1 n2))	(multiply-duration 0.25 (transpose-diatonic -2 n2))	(multiply-duration 0.25 (transpose-diatonic #2 n2))	(multiply-duration 0.25 (transpose-diatonic #3 n2))
TR	rel-pitch-7-to-5	1	true	n1 n2	(and (duration>= (duration n1) 2) (not (rest? n1)) (= (note-category n1) C) (= (relative-pitch n1) 7) (duration>= (duration n2) 2) (not (rest? n2)) (= (note-category n2) C) (= (relative-pitch n2) 5) (pitch>= n1 n2))	(multiply-duration 0.25 (transpose-diatonic b3 n1))	(multiply-duration 0.25 (transpose-diatonic 1 n1))	(multiply-duration 0.25 (transpose-diatonic b1 n1))	(multiply-duration 0.25 (transpose-diatonic -1 n1))	(multiply-duration 0.25 (transpose-diatonic #1 n2))	(multiply-duration 0.25 (transpose-diatonic #-1 n2))	(multiply-duration 0.25 (transpose-diatonic 1 n2))	(multiply-duration 0.25 (transpose-diatonic 2 n2))
TR	rel-pitch-7-to-5	1	true	n1 n2	(and (duration>= (duration n1) 2) (not (rest? n1)) (= (note-category n1) C) (= (relative-pitch n1) 7) (duration>= (duration n2) 2) (not (rest? n2)) (= (note-category n2) C) (= (relative-pitch n2) 5) (pitch>= n1 n2))	(multiply-duration 0.25 (transpose-diatonic -2 n1))	(multiply-duration 0.25 (transpose-diatonic 3 n1))	(multiply-duration 0.25 (transpose-diatonic 1 n1))	(multiply-duration 0.25 (transpose-diatonic -2 n1))	(multiply-duration 0.5 (transpose-diatonic -2 n2))	(multiply-duration 0.25 (transpose-diatonic 1 n2))	(multiply-duration 0.25 (transpose-diatonic 5 n2))
TR	rel-pitch-7-to-7	1	true	n1 n2	(and (duration>= (duration n1) 2) (not (rest? n1)) (= (note-category n1) C) (= (relative-pitch n1) 7) (duration>= (duration n2) 2) (not (rest? n2)) (= (note-category n2) C) (= (relative-pitch n2) 7) (pitch>= n1 n2))	(multiply-duration 0.25 (make-rest n1))	(multiply-duration 0.75 (transpose-diatonic 1 n1))	(multiply-duration 1.0 (transpose-diatonic 1 n2))
TR	rel-pitch-7-to-b2	1	true	n1 n2	(and (duration>= (duration n1) 2) (not (rest? n1)) (= (note-category n1) C) (= (relative-pitch n1) 7) (duration>= (duration n2) 2) (not (rest? n2)) (= (note-category n2) C) (= (relative-pitch n2) b2) (pitch>= n1 n2))	(multiply-duration 0.25 (transpose-diatonic 4 n1))	(multiply-duration 0.25 (transpose-diatonic 2 n1))	(multiply-duration 0.25 (transpose-diatonic -1 n1))	(multiply-duration 0.25 (transpose-diatonic -3 n1))	(multiply-duration 0.25 (transpose-diatonic #2 n2))	(multiply-duration 0.25 (transpose-diatonic 2 n2))	(multiply-duration 0.25 (transpose-diatonic #1 n2))	(multiply-duration 0.25 (transpose-diatonic 1 n2))
TR	rel-pitch-7-to-5	1	true	n1 n2	(and (duration>= (duration n1) 2) (not (rest? n1)) (= (note-category n1) C) (= (relative-pitch n1) 7) (duration>= (duration n2) 2) (not (rest? n2)) (= (note-category n2) C) (= (relative-pitch n2) 5) (pitch>= n1 n2))	(multiply-duration 0.25 (transpose-diatonic -2 n1))	(multiply-duration 0.25 (transpose-diatonic 1 n1))	(multiply-duration 0.25 (transpose-diatonic 3 n1))	(multiply-duration 0.25 (transpose-diatonic 1 n1))	(multiply-duration 0.25 (transpose-diatonic 4 n2))	(multiply-duration 0.25 (transpose-diatonic 1 n2))	(multiply-duration 0.25 (transpose-diatonic -2 n2))	(multiply-duration 0.25 (transpose-diatonic -4 n2))
TR	rel-pitch-7-to-5	1	true	n1 n2	(and (duration>= (duration n1) 2) (not (rest? n1)) (= (note-category n1) C) (= (relative-pitch n1) 7) (duration>= (duration n2) 2) (not (rest? n2)) (= (note-category n2) C) (= (relative-pitch n2) 5) (pitch>= n1 n2))	(multiply-duration 0.25 (transpose-diatonic -2 n1))	(multiply-duration 0.25 (transpose-diatonic -1 n1))	(multiply-duration 0.25 (transpose-diatonic #-1 n1))	(multiply-duration 0.25 (transpose-diatonic 3 n1))	(multiply-duration 0.25 (transpose-diatonic 2 n2))	(multiply-duration 0.25 (transpose-diatonic #1 n2))	(multiply-duration 0.25 (transpose-diatonic 1 n2))	(multiply-duration 0.25 (transpose-diatonic 2 n2))
TR	rel-pitch-7-to-3	1	true	n1 n2	(and (duration>= (duration n1) 2) (not (rest? n1)) (= (note-category n1) C) (= (relative-pitch n1) 7) (duration>= (duration n2) 2) (not (rest? n2)) (= (note-category n2) C) (= (relative-pitch n2) 3) (pitch>= n1 n2))	(multiply-duration 0.5 (transpose-diatonic -1 n1))	(multiply-duration 0.5 (make-rest n1))	(multiply-duration 0.25 (make-rest n2))	(multiply-duration 0.25 (transpose-diatonic 3 n2))	(multiply-duration 0.25 (transpose-diatonic 2 n2))	(multiply-duration 0.25 (transpose-diatonic 1 n2))
TR	rel-pitch-7-to-7	1	true	n1 n2	(and (duration>= (duration n1) 2) (not (rest? n1)) (= (note-category n1) C) (= (relative-pitch n1) 7) (duration>= (duration n2) 2) (not (rest? n2)) (= (note-category n2) C) (= (relative-pitch n2) 7) (pitch>= n1 n2))	(multiply-duration 0.25 (make-rest n1))	(multiply-duration 0.25 (transpose-diatonic b1 n1))	(multiply-duration 0.25 (transpose-diatonic 1 n1))	(multiply-duration 0.25 (transpose-diatonic 3 n1))	(multiply-duration 0.25 (transpose-diatonic 2 n2))	(multiply-duration 0.25 (transpose-diatonic -2 n2))	(multiply-duration 0.25 (transpose-diatonic 1 n2))	(multiply-duration 0.25 (transpose-diatonic -1 n2))
TR	rel-pitch-7-to-3	1	true	n1 n2	(and (duration>= (duration n1) 2) (not (rest? n1)) (= (note-category n1) C) (= (relative-pitch n1) 7) (duration>= (duration n2) 2) (not (rest? n2)) (= (note-category n2) C) (= (relative-pitch n2) 3) (pitch>= n1 n2))	(multiply-duration 0.25 (transpose-diatonic 4 n1))	(multiply-duration 0.25 (transpose-diatonic 2 n1))	(multiply-duration 0.25 (transpose-diatonic -2 n1))	(multiply-duration 0.25 (transpose-diatonic -3 n1))	(multiply-duration 0.25 (transpose-diatonic 1 n2))	(multiply-duration 0.25 (transpose-diatonic -2 n2))	(multiply-duration 0.125 (transpose-diatonic -1 n2))	(multiply-duration 0.125 (transpose-diatonic 1 n2))	(multiply-duration 0.25 (transpose-diatonic 3 n2))
TR	rel-pitch-7-to-1	1	true	n1 n2	(and (duration>= (duration n1) 2) (not (rest? n1)) (= (note-category n1) C) (= (relative-pitch n1) 7) (duration>= (duration n2) 2) (not (rest? n2)) (= (note-category n2) C) (= (relative-pitch n2) 1) (pitch< n1 n2))	(multiply-duration 0.25 (transpose-diatonic 4 n1))	(multiply-duration 0.25 (transpose-diatonic 2 n1))	(multiply-duration 0.25 (transpose-diatonic -1 n1))	(multiply-duration 0.25 (transpose-diatonic -3 n1))	(multiply-duration 0.25 (transpose-diatonic 2 n2))	(multiply-duration 0.25 (transpose-diatonic -1 n2))	(multiply-duration 0.25 (transpose-diatonic 1 n2))	(multiply-duration 0.25 (transpose-diatonic 2 n2))
TR	rel-pitch-7-to-3	1	true	n1 n2	(and (duration>= (duration n1) 2) (not (rest? n1)) (= (note-category n1) C) (= (relative-pitch n1) 7) (duration>= (duration n2) 2) (not (rest? n2)) (= (note-category n2) C) (= (relative-pitch n2) 3) (pitch< n1 n2))	(multiply-duration 0.25 (transpose-diatonic -2 n1))	(multiply-duration 0.25 (transpose-diatonic -1 n1))	(multiply-duration 0.25 (transpose-diatonic 1 n1))	(multiply-duration 0.25 (transpose-diatonic 3 n1))	(multiply-duration 0.25 (transpose-diatonic 3 n2))	(multiply-duration 0.25 (transpose-diatonic 1 n2))	(multiply-duration 0.25 (transpose-diatonic 3 n2))	(multiply-duration 0.25 (transpose-diatonic 1 n2))
TR	rel-pitch-7-to-rest	1	true	n1 n2	(and (duration>= (duration n1) 2) (not (rest? n1)) (= (note-category n1) C) (= (relative-pitch n1) 7) (duration>= (duration n2) 2) (rest? n2))	(multiply-duration 0.25 (transpose-diatonic 2 n1))	(multiply-duration 0.25 (transpose-diatonic -2 n1))	(multiply-duration 0.5 (make-rest n1))	n2
TR	rel-pitch-7-to-1	1	true	n1 n2	(and (duration>= (duration n1) 2) (not (rest? n1)) (= (note-category n1) C) (= (relative-pitch n1) 7) (duration>= (duration n2) 2) (not (rest? n2)) (= (note-category n2) C) (= (relative-pitch n2) 1) (pitch< n1 n2))	(multiply-duration 0.25 (make-rest n1))	(multiply-duration 0.25 (transpose-diatonic 4 n1))	(multiply-duration 0.25 (transpose-diatonic 1 n1))	(multiply-duration 0.25 (transpose-diatonic -2 n1))	(multiply-duration 0.25 (transpose-diatonic 2 n2))	(multiply-duration 0.25 (transpose-diatonic -1 n2))	(multiply-duration 0.25 (transpose-diatonic 1 n2))	(multiply-duration 0.25 (transpose-diatonic 2 n2))
TR	rel-pitch-7	1	true	n1	(and (duration>= (duration n1) 2) (not (rest? n1)) (= (note-category n1) C) (= (relative-pitch n1) 7))	(multiply-duration 0.25 (transpose-diatonic #-2 n1))	(multiply-duration 0.25 (transpose-diatonic 1 n1))	(multiply-duration 0.25 (transpose-diatonic -1 n1))	(multiply-duration 0.25 (transpose-diatonic #-2 n1))
TR	rel-pitch-7	1	true	n1	(and (duration>= (duration n1) 2) (not (rest? n1)) (= (note-category n1) C) (= (relative-pitch n1) 7))	(multiply-duration 0.25 (transpose-diatonic 1 n1))	(multiply-duration 0.25 (transpose-diatonic 3 n1))	(multiply-duration 0.25 (transpose-diatonic 2 n1))	(multiply-duration 0.25 (transpose-diatonic -1 n1))
TR	rel-pitch-7	2	true	n1	(and (duration>= (duration n1) 2) (not (rest? n1)) (= (note-category n1) C) (= (relative-pitch n1) 7))	(multiply-duration 0.25 (transpose-diatonic 4 n1))	(multiply-duration 0.25 (transpose-diatonic -2 n1))	(multiply-duration 0.25 (transpose-diatonic 1 n1))	(multiply-duration 0.25 (transpose-diatonic 3 n1))
TR	rel-pitch-7	4	true	n1	(and (duration>= (duration n1) 2) (not (rest? n1)) (= (note-category n1) C) (= (relative-pitch n1) 7))	(multiply-duration 0.25 (transpose-diatonic -4 n1))	(multiply-duration 0.25 (transpose-diatonic -2 n1))	(multiply-duration 0.25 (transpose-diatonic 1 n1))	(multiply-duration 0.25 (transpose-diatonic 3 n1))
TR	rel-pitch-7	1	true	n1	(and (duration>= (duration n1) 2) (not (rest? n1)) (= (note-category n1) C) (= (relative-pitch n1) 7))	(multiply-duration 0.25 (transpose-diatonic 2 n1))	(multiply-duration 0.25 (transpose-diatonic -1 n1))	(multiply-duration 0.5 (make-rest n1))
TR	rel-pitch-7	1	true	n1	(and (duration>= (duration n1) 2) (not (rest? n1)) (= (note-category n1) C) (= (relative-pitch n1) 7))	(multiply-duration 0.25 (transpose-diatonic -1 n1))	(multiply-duration 0.25 (transpose-diatonic 2 n1))	(multiply-duration 0.25 (transpose-diatonic -1 n1))	(multiply-duration 0.25 (transpose-diatonic -2 n1))
TR	rel-pitch-7	1	true	n1	(and (duration>= (duration n1) 2) (not (rest? n1)) (= (note-category n1) C) (= (relative-pitch n1) 7))	(multiply-duration 0.25 (transpose-diatonic b3 n1))	(multiply-duration 0.25 (transpose-diatonic 2 n1))	(multiply-duration 0.25 (transpose-diatonic 1 n1))	(multiply-duration 0.25 (transpose-diatonic #-2 n1))
TR	rel-pitch-7	1	true	n1	(and (duration>= (duration n1) 2) (not (rest? n1)) (= (note-category n1) C) (= (relative-pitch n1) 7))	(multiply-duration 0.25 (make-rest n1))	(multiply-duration 0.25 (transpose-diatonic -1 n1))	(multiply-duration 0.25 (transpose-diatonic #-1 n1))	(multiply-duration 0.25 (transpose-diatonic 2 n1))
TR	rel-pitch-7	1	true	n1	(and (duration>= (duration n1) 2) (not (rest? n1)) (= (note-category n1) C) (= (relative-pitch n1) 7))	(multiply-duration 0.5 (transpose-diatonic 2 n1))	(multiply-duration 0.25 (transpose-diatonic 2 n1))	(multiply-duration 0.25 (transpose-diatonic b1 n1))
TR	rel-pitch-7	1	true	n1	(and (duration>= (duration n1) 2) (not (rest? n1)) (= (note-category n1) C) (= (relative-pitch n1) 7))	(multiply-duration 0.75 (transpose-diatonic 1 n1))	(multiply-duration 0.25 (transpose-diatonic -1 n1))
TR	rel-pitch-7	6	true	n1	(and (duration>= (duration n1) 2) (not (rest? n1)) (= (note-category n1) C) (= (relative-pitch n1) 7))	(multiply-duration 1.0 (transpose-diatonic 1 n1))
TR	rel-pitch-7	1	true	n1	(and (duration>= (duration n1) 2) (not (rest? n1)) (= (note-category n1) C) (= (relative-pitch n1) 7))	(multiply-duration 0.25 (transpose-diatonic 1 n1))	(multiply-duration 0.25 (transpose-diatonic b3 n1))	(multiply-duration 0.25 (transpose-diatonic 2 n1))	(multiply-duration 0.25 (transpose-diatonic #-2 n1))
TR	rel-pitch-7	1	true	n1	(and (duration>= (duration n1) 2) (not (rest? n1)) (= (note-category n1) C) (= (relative-pitch n1) 7))	(multiply-duration 0.25 (make-rest n1))	(multiply-duration 0.25 (transpose-diatonic 3 n1))	(multiply-duration 0.25 (transpose-diatonic 1 n1))	(multiply-duration 0.25 (transpose-diatonic -2 n1))
TR	rel-pitch-7	2	true	n1	(and (duration>= (duration n1) 2) (not (rest? n1)) (= (note-category n1) C) (= (relative-pitch n1) 7))	(multiply-duration 0.25 (transpose-diatonic 2 n1))	(multiply-duration 0.25 (transpose-diatonic #1 n1))	(multiply-duration 0.25 (transpose-diatonic 1 n1))	(multiply-duration 0.25 (transpose-diatonic #-1 n1))
TR	rel-pitch-7	1	true	n1	(and (duration>= (duration n1) 2) (not (rest? n1)) (= (note-category n1) C) (= (relative-pitch n1) 7))	(multiply-duration 0.25 (make-rest n1))	(multiply-duration 0.25 (transpose-diatonic -2 n1))	(multiply-duration 0.25 (transpose-diatonic -1 n1))	(multiply-duration 0.25 (transpose-diatonic 1 n1))
TR	rel-pitch-7	1	true	n1	(and (duration>= (duration n1) 2) (not (rest? n1)) (= (note-category n1) C) (= (relative-pitch n1) 7))	(multiply-duration 0.5 (transpose-diatonic 2 n1))	(multiply-duration 0.25 (transpose-diatonic 1 n1))	(multiply-duration 0.25 (transpose-diatonic #-2 n1))
TR	rel-pitch-7	2	true	n1	(and (duration>= (duration n1) 2) (not (rest? n1)) (= (note-category n1) C) (= (relative-pitch n1) 7))	(multiply-duration 0.25 (transpose-diatonic 4 n1))	(multiply-duration 0.25 (transpose-diatonic -2 n1))	(multiply-duration 0.5 (make-rest n1))
TR	rel-pitch-7	2	true	n1	(and (duration>= (duration n1) 2) (not (rest? n1)) (= (note-category n1) C) (= (relative-pitch n1) 7))	(multiply-duration 0.25 (transpose-diatonic -2 n1))	(multiply-duration 0.25 (transpose-diatonic -1 n1))	(multiply-duration 0.25 (transpose-diatonic 2 n1))	(multiply-duration 0.25 (transpose-diatonic b4 n1))
TR	rel-pitch-7	1	true	n1	(and (duration>= (duration n1) 2) (not (rest? n1)) (= (note-category n1) C) (= (relative-pitch n1) 7))	(multiply-duration 0.5 (transpose-diatonic 5 n1))	(multiply-duration 0.25 (transpose-diatonic #-4 n1))	(multiply-duration 0.25 (transpose-diatonic -2 n1))
TR	rel-pitch-7	2	true	n1	(and (duration>= (duration n1) 2) (not (rest? n1)) (= (note-category n1) C) (= (relative-pitch n1) 7))	(multiply-duration 0.25 (transpose-diatonic -3 n1))	(multiply-duration 0.25 (transpose-diatonic #-2 n1))	(multiply-duration 0.25 (transpose-diatonic #-1 n1))	(multiply-duration 0.25 (transpose-diatonic 2 n1))
TR	rel-pitch-7	1	true	n1	(and (duration>= (duration n1) 2) (not (rest? n1)) (= (note-category n1) C) (= (relative-pitch n1) 7))	(multiply-duration 0.25 (transpose-diatonic -2 n1))	(multiply-duration 0.25 (transpose-diatonic 2 n1))	(multiply-duration 0.5 (make-rest n1))
TR	rel-pitch-7	2	true	n1	(and (duration>= (duration n1) 2) (not (rest? n1)) (= (note-category n1) C) (= (relative-pitch n1) 7))	(multiply-duration 0.25 (transpose-diatonic 4 n1))	(multiply-duration 0.25 (transpose-diatonic 2 n1))	(multiply-duration 0.25 (transpose-diatonic -1 n1))	(multiply-duration 0.25 (transpose-diatonic #-2 n1))
TR	rel-pitch-7	1	true	n1	(and (duration>= (duration n1) 2) (not (rest? n1)) (= (note-category n1) C) (= (relative-pitch n1) 7))	(multiply-duration 0.25 (transpose-diatonic b4 n1))	(multiply-duration 0.25 (transpose-diatonic 2 n1))	(multiply-duration 0.25 (transpose-diatonic #-2 n1))	(multiply-duration 0.25 (transpose-diatonic -3 n1))
TR	rel-pitch-7	1	true	n1	(and (duration>= (duration n1) 2) (not (rest? n1)) (= (note-category n1) C) (= (relative-pitch n1) 7))	(multiply-duration 0.25 (make-rest n1))	(multiply-duration 0.25 (transpose-diatonic 2 n1))	(multiply-duration 0.5 (transpose-diatonic -3 n1))
TR	rel-pitch-7	3	true	n1	(and (duration>= (duration n1) 2) (not (rest? n1)) (= (note-category n1) C) (= (relative-pitch n1) 7))	(multiply-duration 0.5 (transpose-diatonic -1 n1))	(multiply-duration 0.5 (make-rest n1))
TR	rel-pitch-7	1	true	n1	(and (duration>= (duration n1) 2) (not (rest? n1)) (= (note-category n1) C) (= (relative-pitch n1) 7))	(multiply-duration 0.25 (transpose-diatonic #-2 n1))	(multiply-duration 0.25 (transpose-diatonic 1 n1))	(multiply-duration 0.25 (transpose-diatonic #1 n1))	(multiply-duration 0.25 (transpose-diatonic b3 n1))
TR	rel-pitch-7	1	true	n1	(and (duration>= (duration n1) 2) (not (rest? n1)) (= (note-category n1) C) (= (relative-pitch n1) 7))	(multiply-duration 0.25 (transpose-diatonic 2 n1))	(multiply-duration 0.25 (transpose-diatonic 1 n1))	(multiply-duration 0.25 (transpose-diatonic b1 n1))	(multiply-duration 0.25 (transpose-diatonic -1 n1))
TR	rel-pitch-7	1	true	n1	(and (duration>= (duration n1) 2) (not (rest? n1)) (= (note-category n1) C) (= (relative-pitch n1) 7))	(multiply-duration 0.25 (transpose-diatonic #-1 n1))	(multiply-duration 0.25 (transpose-diatonic -3 n1))	(multiply-duration 0.25 (transpose-diatonic #-1 n1))	(multiply-duration 0.25 (transpose-diatonic 2 n1))
TR	rel-pitch-7	1	true	n1	(and (duration>= (duration n1) 2) (not (rest? n1)) (= (note-category n1) C) (= (relative-pitch n1) 7))	(multiply-duration 0.25 (make-rest n1))	(multiply-duration 0.25 (transpose-diatonic -2 n1))	(multiply-duration 0.25 (transpose-diatonic b1 n1))	(multiply-duration 0.25 (transpose-diatonic 3 n1))
TR	rel-pitch-7	1	true	n1	(and (duration>= (duration n1) 2) (not (rest? n1)) (= (note-category n1) C) (= (relative-pitch n1) 7))	(multiply-duration 0.25 (make-rest n1))	(multiply-duration 0.25 (transpose-diatonic b1 n1))	(multiply-duration 0.25 (make-rest n1))	(multiply-duration 0.25 (transpose-diatonic b1 n1))
TR	rel-pitch-7	1	true	n1	(and (duration>= (duration n1) 2) (not (rest? n1)) (= (note-category n1) C) (= (relative-pitch n1) 7))	(multiply-duration 0.25 (transpose-diatonic -2 n1))	(multiply-duration 0.25 (transpose-diatonic -1 n1))	(multiply-duration 0.25 (transpose-diatonic 2 n1))	(multiply-duration 0.25 (transpose-diatonic 4 n1))
TR	rel-pitch-7	1	true	n1	(and (duration>= (duration n1) 2) (not (rest? n1)) (= (note-category n1) C) (= (relative-pitch n1) 7))	(multiply-duration 0.5 (transpose-diatonic -1 n1))	(multiply-duration 0.25 (transpose-diatonic -1 n1))	(multiply-duration 0.125 (transpose-diatonic 1 n1))	(multiply-duration 0.125 (transpose-diatonic -1 n1))
TR	rel-pitch-7	1	true	n1	(and (duration>= (duration n1) 2) (not (rest? n1)) (= (note-category n1) C) (= (relative-pitch n1) 7))	(multiply-duration 0.5 (transpose-diatonic 1 n1))	(multiply-duration 0.25 (transpose-diatonic 3 n1))	(multiply-duration 0.25 (transpose-diatonic -2 n1))
TR	rel-pitch-7	1	true	n1	(and (duration>= (duration n1) 2) (not (rest? n1)) (= (note-category n1) C) (= (relative-pitch n1) 7))	(multiply-duration 1.0 (transpose-diatonic -1 n1))
TR	rel-pitch-7	1	true	n1	(and (duration>= (duration n1) 2) (not (rest? n1)) (= (note-category n1) C) (= (relative-pitch n1) 7))	(multiply-duration 0.5 (transpose-diatonic -4 n1))	(multiply-duration 0.25 (transpose-diatonic b1 n1))	(multiply-duration 0.25 (transpose-diatonic b4 n1))
TR	rel-pitch-7	1	true	n1	(and (duration>= (duration n1) 2) (not (rest? n1)) (= (note-category n1) C) (= (relative-pitch n1) 7))	(multiply-duration 0.25 (transpose-diatonic 1 n1))	(multiply-duration 0.25 (transpose-diatonic 3 n1))	(multiply-duration 0.25 (transpose-diatonic 1 n1))	(multiply-duration 0.25 (transpose-diatonic -2 n1))
TR	rel-pitch-7	1	true	n1	(and (duration>= (duration n1) 2) (not (rest? n1)) (= (note-category n1) C) (= (relative-pitch n1) 7))	(multiply-duration 0.25 (transpose-diatonic 2 n1))	(multiply-duration 0.25 (transpose-diatonic #-2 n1))	(multiply-duration 0.25 (transpose-diatonic 3 n1))	(multiply-duration 0.25 (transpose-diatonic #-2 n1))
TR	rel-pitch-7	1	true	n1	(and (duration>= (duration n1) 2) (not (rest? n1)) (= (note-category n1) C) (= (relative-pitch n1) 7))	(multiply-duration 0.25 (transpose-diatonic 4 n1))	(multiply-duration 0.25 (transpose-diatonic #1 n1))	(multiply-duration 0.25 (transpose-diatonic -1 n1))	(multiply-duration 0.25 (transpose-diatonic -3 n1))
TR	rel-pitch-7	1	true	n1	(and (duration>= (duration n1) 2) (not (rest? n1)) (= (note-category n1) C) (= (relative-pitch n1) 7))	(multiply-duration 0.25 (transpose-diatonic b1 n1))	(multiply-duration 0.25 (transpose-diatonic 2 n1))	(multiply-duration 0.25 (transpose-diatonic b1 n1))	(multiply-duration 0.25 (transpose-diatonic #-2 n1))
TR	rel-pitch-7	2	true	n1	(and (duration>= (duration n1) 2) (not (rest? n1)) (= (note-category n1) C) (= (relative-pitch n1) 7))	(multiply-duration 0.25 (transpose-diatonic 1 n1))	(multiply-duration 0.25 (transpose-diatonic -2 n1))	(multiply-duration 0.5 (make-rest n1))
TR	rel-pitch-7	1	true	n1	(and (duration>= (duration n1) 2) (not (rest? n1)) (= (note-category n1) C) (= (relative-pitch n1) 7))	(multiply-duration 0.25 (transpose-diatonic b-1 n1))	(multiply-duration 0.25 (transpose-diatonic b1 n1))	(multiply-duration 0.25 (transpose-diatonic 1 n1))	(multiply-duration 0.25 (transpose-diatonic b3 n1))
TR	rel-pitch-7	2	true	n1	(and (duration>= (duration n1) 2) (not (rest? n1)) (= (note-category n1) C) (= (relative-pitch n1) 7))	(multiply-duration 0.25 (transpose-diatonic -2 n1))	(multiply-duration 0.25 (transpose-diatonic -1 n1))	(multiply-duration 0.25 (transpose-diatonic 1 n1))	(multiply-duration 0.25 (transpose-diatonic 2 n1))
TR	rel-pitch-7	1	true	n1	(and (duration>= (duration n1) 2) (not (rest? n1)) (= (note-category n1) C) (= (relative-pitch n1) 7))	(multiply-duration 0.25 (transpose-diatonic 2 n1))	(multiply-duration 0.25 (transpose-diatonic #1 n1))	(multiply-duration 0.25 (transpose-diatonic 1 n1))	(multiply-duration 0.25 (transpose-diatonic #-2 n1))
TR	rel-pitch-7	1	true	n1	(and (duration>= (duration n1) 2) (not (rest? n1)) (= (note-category n1) C) (= (relative-pitch n1) 7))	(multiply-duration 0.5 (transpose-diatonic -1 n1))	(multiply-duration 0.25 (transpose-diatonic 2 n1))	(multiply-duration 0.25 (transpose-diatonic -1 n1))
TR	rel-pitch-7	1	true	n1	(and (duration>= (duration n1) 2) (not (rest? n1)) (= (note-category n1) C) (= (relative-pitch n1) 7))	(multiply-duration 0.25 (make-rest n1))	(multiply-duration 0.25 (transpose-diatonic -2 n1))	(multiply-duration 0.16666666666666666 (transpose-diatonic -1 n1))	(multiply-duration 0.16666666666666666 (transpose-diatonic 1 n1))	(multiply-duration 0.16666666666666666 (transpose-diatonic 3 n1))
TR	rel-pitch-7	1	true	n1	(and (duration>= (duration n1) 2) (not (rest? n1)) (= (note-category n1) C) (= (relative-pitch n1) 7))	(multiply-duration 0.25 (transpose-diatonic #-2 n1))	(multiply-duration 0.25 (transpose-diatonic -1 n1))	(multiply-duration 0.25 (transpose-diatonic b1 n1))	(multiply-duration 0.25 (transpose-diatonic 1 n1))
TR	rel-pitch-7	1	true	n1	(and (duration>= (duration n1) 2) (not (rest? n1)) (= (note-category n1) C) (= (relative-pitch n1) 7))	(multiply-duration 0.25 (transpose-diatonic #-2 n1))	(multiply-duration 0.25 (transpose-diatonic #3 n1))	(multiply-duration 0.25 (transpose-diatonic #1 n1))	(multiply-duration 0.25 (transpose-diatonic #-2 n1))
TR	rel-pitch-7	2	true	n1	(and (duration>= (duration n1) 2) (not (rest? n1)) (= (note-category n1) C) (= (relative-pitch n1) 7))	(multiply-duration 0.25 (transpose-diatonic 1 n1))	(multiply-duration 0.25 (transpose-diatonic 3 n1))	(multiply-duration 0.25 (transpose-diatonic 2 n1))	(multiply-duration 0.25 (transpose-diatonic -2 n1))
TR	rel-pitch-7	1	true	n1	(and (duration>= (duration n1) 2) (not (rest? n1)) (= (note-category n1) C) (= (relative-pitch n1) 7))	(multiply-duration 0.25 (transpose-diatonic 3 n1))	(multiply-duration 0.25 (transpose-diatonic 1 n1))	(multiply-duration 0.5 (transpose-diatonic -2 n1))
TR	rel-pitch-7	1	true	n1	(and (duration>= (duration n1) 2) (not (rest? n1)) (= (note-category n1) C) (= (relative-pitch n1) 7))	(multiply-duration 0.25 (transpose-diatonic 4 n1))	(multiply-duration 0.25 (transpose-diatonic #1 n1))	(multiply-duration 0.25 (transpose-diatonic -1 n1))	(multiply-duration 0.25 (transpose-diatonic #-4 n1))
TR	rel-pitch-7	1	true	n1	(and (duration>= (duration n1) 2) (not (rest? n1)) (= (note-category n1) C) (= (relative-pitch n1) 7))	(multiply-duration 0.25 (make-rest n1))	(multiply-duration 0.25 (transpose-diatonic 1 n1))	(multiply-duration 0.5 (transpose-diatonic -2 n1))
TR	rel-pitch-7	2	true	n1	(and (duration>= (duration n1) 2) (not (rest? n1)) (= (note-category n1) C) (= (relative-pitch n1) 7))	(multiply-duration 0.25 (transpose-diatonic -2 n1))	(multiply-duration 0.25 (transpose-diatonic -1 n1))	(multiply-duration 0.25 (transpose-diatonic 1 n1))	(multiply-duration 0.25 (transpose-diatonic 3 n1))
TR	rel-pitch-7	3	true	n1	(and (duration>= (duration n1) 2) (not (rest? n1)) (= (note-category n1) C) (= (relative-pitch n1) 7))	(multiply-duration 0.25 (transpose-diatonic 2 n1))	(multiply-duration 0.25 (transpose-diatonic #1 n1))	(multiply-duration 0.25 (transpose-diatonic 1 n1))	(multiply-duration 0.25 (transpose-diatonic -1 n1))
TR	rel-pitch-7	1	true	n1	(and (duration>= (duration n1) 2) (not (rest? n1)) (= (note-category n1) C) (= (relative-pitch n1) 7))	(multiply-duration 0.25 (transpose-diatonic 4 n1))	(multiply-duration 0.25 (transpose-diatonic 2 n1))	(multiply-duration 0.25 (transpose-diatonic -2 n1))	(multiply-duration 0.25 (transpose-diatonic 2 n1))
TR	rel-pitch-7	1	true	n1	(and (duration>= (duration n1) 2) (not (rest? n1)) (= (note-category n1) C) (= (relative-pitch n1) 7))	(multiply-duration 0.25 (transpose-diatonic 3 n1))	(multiply-duration 0.25 (transpose-diatonic 1 n1))	(multiply-duration 0.25 (transpose-diatonic -2 n1))	(multiply-duration 0.25 (transpose-diatonic -4 n1))
TR	rel-pitch-7	1	true	n1	(and (duration>= (duration n1) 2) (not (rest? n1)) (= (note-category n1) C) (= (relative-pitch n1) 7))	(multiply-duration 0.25 (transpose-diatonic 1 n1))	(multiply-duration 0.25 (transpose-diatonic -1 n1))	(multiply-duration 0.5 (make-rest n1))
TR	rel-pitch-7	1	true	n1	(and (duration>= (duration n1) 2) (not (rest? n1)) (= (note-category n1) C) (= (relative-pitch n1) 7))	(multiply-duration 0.25 (transpose-diatonic #-2 n1))	(multiply-duration 0.25 (transpose-diatonic -1 n1))	(multiply-duration 0.25 (transpose-diatonic 2 n1))	(multiply-duration 0.25 (transpose-diatonic -1 n1))
TR	rel-pitch-7	1	true	n1	(and (duration>= (duration n1) 2) (not (rest? n1)) (= (note-category n1) C) (= (relative-pitch n1) 7))	(multiply-duration 0.25 (transpose-diatonic 4 n1))	(multiply-duration 0.25 (transpose-diatonic 2 n1))	(multiply-duration 0.25 (transpose-diatonic -1 n1))	(multiply-duration 0.25 (transpose-diatonic -2 n1))
TR	rel-pitch-7	1	true	n1	(and (duration>= (duration n1) 2) (not (rest? n1)) (= (note-category n1) C) (= (relative-pitch n1) 7))	(multiply-duration 0.25 (make-rest n1))	(multiply-duration 0.25 (transpose-diatonic 2 n1))	(multiply-duration 0.16666666666666666 (transpose-diatonic #1 n1))	(multiply-duration 0.16666666666666666 (transpose-diatonic 1 n1))	(multiply-duration 0.16666666666666666 (transpose-diatonic #-1 n1))
TR	rel-pitch-7	1	true	n1	(and (duration>= (duration n1) 2) (not (rest? n1)) (= (note-category n1) C) (= (relative-pitch n1) 7))	(multiply-duration 0.25 (make-rest n1))	(multiply-duration 0.25 (transpose-diatonic 2 n1))	(multiply-duration 0.25 (transpose-diatonic 1 n1))	(multiply-duration 0.25 (transpose-diatonic #-3 n1))
TR	rel-pitch-7	1	true	n1	(and (duration>= (duration n1) 2) (not (rest? n1)) (= (note-category n1) C) (= (relative-pitch n1) 7))	(multiply-duration 0.25 (transpose-diatonic b3 n1))	(multiply-duration 0.25 (transpose-diatonic 1 n1))	(multiply-duration 0.25 (transpose-diatonic b1 n1))	(multiply-duration 0.25 (transpose-diatonic -1 n1))
TR	rel-pitch-7	1	true	n1	(and (duration>= (duration n1) 2) (not (rest? n1)) (= (note-category n1) C) (= (relative-pitch n1) 7))	(multiply-duration 0.25 (transpose-diatonic -2 n1))	(multiply-duration 0.25 (transpose-diatonic 3 n1))	(multiply-duration 0.25 (transpose-diatonic 1 n1))	(multiply-duration 0.25 (transpose-diatonic -2 n1))
TR	rel-pitch-7	1	true	n1	(and (duration>= (duration n1) 2) (not (rest? n1)) (= (note-category n1) C) (= (relative-pitch n1) 7))	(multiply-duration 0.25 (make-rest n1))	(multiply-duration 0.75 (transpose-diatonic 1 n1))
TR	rel-pitch-7	1	true	n1	(and (duration>= (duration n1) 2) (not (rest? n1)) (= (note-category n1) C) (= (relative-pitch n1) 7))	(multiply-duration 0.25 (transpose-diatonic 2 n1))	(multiply-duration 0.25 (transpose-diatonic b1 n1))	(multiply-duration 0.25 (transpose-diatonic -2 n1))	(multiply-duration 0.25 (transpose-diatonic 3 n1))
TR	rel-pitch-7	1	true	n1	(and (duration>= (duration n1) 2) (not (rest? n1)) (= (note-category n1) C) (= (relative-pitch n1) 7))	(multiply-duration 0.5 (transpose-diatonic -2 n1))	(multiply-duration 0.25 (transpose-diatonic 1 n1))	(multiply-duration 0.25 (transpose-diatonic 2 n1))
TR	rel-pitch-7	2	true	n1	(and (duration>= (duration n1) 2) (not (rest? n1)) (= (note-category n1) C) (= (relative-pitch n1) 7))	(multiply-duration 0.25 (transpose-diatonic 4 n1))	(multiply-duration 0.25 (transpose-diatonic 2 n1))	(multiply-duration 0.25 (transpose-diatonic -1 n1))	(multiply-duration 0.25 (transpose-diatonic -3 n1))
TR	rel-pitch-7	1	true	n1	(and (duration>= (duration n1) 2) (not (rest? n1)) (= (note-category n1) C) (= (relative-pitch n1) 7))	(multiply-duration 0.75 (transpose-diatonic 2 n1))	(multiply-duration 0.25 (transpose-diatonic -1 n1))
TR	rel-pitch-7	1	true	n1	(and (duration>= (duration n1) 2) (not (rest? n1)) (= (note-category n1) C) (= (relative-pitch n1) 7))	(multiply-duration 0.25 (transpose-diatonic -2 n1))	(multiply-duration 0.25 (transpose-diatonic 1 n1))	(multiply-duration 0.25 (transpose-diatonic 3 n1))	(multiply-duration 0.25 (transpose-diatonic 1 n1))
TR	rel-pitch-7	2	true	n1	(and (duration>= (duration n1) 2) (not (rest? n1)) (= (note-category n1) C) (= (relative-pitch n1) 7))	(multiply-duration 0.25 (transpose-diatonic -2 n1))	(multiply-duration 0.25 (transpose-diatonic -1 n1))	(multiply-duration 0.25 (transpose-diatonic #-1 n1))	(multiply-duration 0.25 (transpose-diatonic 3 n1))
TR	rel-pitch-7	1	true	n1	(and (duration>= (duration n1) 2) (not (rest? n1)) (= (note-category n1) C) (= (relative-pitch n1) 7))	(multiply-duration 0.25 (transpose-diatonic 2 n1))	(multiply-duration 0.25 (transpose-diatonic -1 n1))	(multiply-duration 0.25 (transpose-diatonic b3 n1))	(multiply-duration 0.25 (transpose-diatonic -1 n1))
TR	rel-pitch-7	1	true	n1	(and (duration>= (duration n1) 2) (not (rest? n1)) (= (note-category n1) C) (= (relative-pitch n1) 7))	(multiply-duration 0.25 (transpose-diatonic 2 n1))	(multiply-duration 0.25 (transpose-diatonic -2 n1))	(multiply-duration 0.25 (transpose-diatonic 1 n1))	(multiply-duration 0.25 (transpose-diatonic -1 n1))
TR	rel-pitch-7	1	true	n1	(and (duration>= (duration n1) 2) (not (rest? n1)) (= (note-category n1) C) (= (relative-pitch n1) 7))	(multiply-duration 0.25 (make-rest n1))	(multiply-duration 0.25 (transpose-diatonic b1 n1))	(multiply-duration 0.25 (transpose-diatonic 1 n1))	(multiply-duration 0.25 (transpose-diatonic 3 n1))
TR	rel-pitch-7	1	true	n1	(and (duration>= (duration n1) 2) (not (rest? n1)) (= (note-category n1) C) (= (relative-pitch n1) 7))	(multiply-duration 0.25 (transpose-diatonic 4 n1))	(multiply-duration 0.25 (transpose-diatonic 2 n1))	(multiply-duration 0.25 (transpose-diatonic -2 n1))	(multiply-duration 0.25 (transpose-diatonic -3 n1))
TR	rel-pitch-7	1	true	n1	(and (duration>= (duration n1) 2) (not (rest? n1)) (= (note-category n1) C) (= (relative-pitch n1) 7))	(multiply-duration 0.25 (make-rest n1))	(multiply-duration 0.25 (transpose-diatonic #-2 n1))	(multiply-duration 0.25 (transpose-diatonic -1 n1))	(multiply-duration 0.25 (transpose-diatonic 2 n1))
TR	rel-pitch-7	1	true	n1	(and (duration>= (duration n1) 2) (not (rest? n1)) (= (note-category n1) C) (= (relative-pitch n1) 7))	(multiply-duration 0.25 (transpose-diatonic 2 n1))	(multiply-duration 0.25 (transpose-diatonic -2 n1))	(multiply-duration 0.5 (make-rest n1))
TR	rel-pitch-7	1	true	n1	(and (duration>= (duration n1) 2) (not (rest? n1)) (= (note-category n1) C) (= (relative-pitch n1) 7))	(multiply-duration 0.25 (transpose-diatonic b1 n1))	(multiply-duration 0.25 (transpose-diatonic 2 n1))	(multiply-duration 0.25 (transpose-diatonic 3 n1))	(multiply-duration 0.25 (transpose-diatonic b1 n1))
TR	rel-pitch-7	1	true	n1	(and (duration>= (duration n1) 2) (not (rest? n1)) (= (note-category n1) C) (= (relative-pitch n1) 7))	(multiply-duration 0.25 (make-rest n1))	(multiply-duration 0.25 (transpose-diatonic 4 n1))	(multiply-duration 0.25 (transpose-diatonic 1 n1))	(multiply-duration 0.25 (transpose-diatonic -2 n1))
SUB	half-first-rel-pitch-5	motif	1	true
TR	rel-pitch-5-to-5	1	true	n1 n2	(and (duration>= (duration n1) 2) (not (rest? n1)) (= (note-category n1) C) (= (relative-pitch n1) 5) (duration>= (duration n2) 2) (not (rest? n2)) (= (note-category n2) C) (= (relative-pitch n2) 5) (pitch>= n1 n2))	(multiply-duration 0.25 (make-rest n1))	(multiply-duration 0.75 (transpose-diatonic -1 n1))	(multiply-duration 1.0 (transpose-diatonic -1 n2))
TR	rel-pitch-5-to-3	1	true	n1 n2	(and (duration>= (duration n1) 2) (not (rest? n1)) (= (note-category n1) C) (= (relative-pitch n1) 5) (duration>= (duration n2) 2) (not (rest? n2)) (= (note-category n2) C) (= (relative-pitch n2) 3) (pitch>= n1 n2))	(multiply-duration 0.25 (transpose-diatonic 1 n1))	(multiply-duration 0.25 (transpose-diatonic b2 n1))	(multiply-duration 0.25 (transpose-diatonic 2 n1))	(multiply-duration 0.25 (transpose-diatonic 1 n1))	(multiply-duration 0.25 (transpose-diatonic 2 n2))	(multiply-duration 0.25 (transpose-diatonic #1 n2))	(multiply-duration 0.25 (transpose-diatonic 1 n2))	(multiply-duration 0.25 (transpose-diatonic 3 n2))
TR	rel-pitch-5-to-3	1	true	n1 n2	(and (duration>= (duration n1) 2) (not (rest? n1)) (= (note-category n1) C) (= (relative-pitch n1) 5) (duration>= (duration n2) 2) (not (rest? n2)) (= (note-category n2) C) (= (relative-pitch n2) 3) (pitch< n1 n2))	(multiply-duration 0.25 (transpose-diatonic -2 n1))	(multiply-duration 0.25 (transpose-diatonic 1 n1))	(multiply-duration 0.25 (transpose-diatonic 3 n1))	(multiply-duration 0.25 (transpose-diatonic 5 n1))	(multiply-duration 0.25 (transpose-diatonic 2 n2))	(multiply-duration 0.25 (transpose-diatonic -1 n2))	(multiply-duration 0.5 (transpose-diatonic 1 n2))
TR	rel-pitch-5-to-3	1	true	n1 n2	(and (duration>= (duration n1) 2) (not (rest? n1)) (= (note-category n1) C) (= (relative-pitch n1) 5) (duration>= (duration n2) 2) (not (rest? n2)) (= (note-category n2) C) (= (relative-pitch n2) 3) (pitch>= n1 n2))	(multiply-duration 0.25 (transpose-diatonic -1 n1))	(multiply-duration 0.25 (transpose-diatonic 1 n1))	(multiply-duration 0.25 (make-rest n1))	(multiply-duration 0.25 (transpose-diatonic -1 n1))	(multiply-duration 0.25 (make-rest n2))	(multiply-duration 0.25 (transpose-diatonic 1 n2))	(multiply-duration 0.5 (transpose-diatonic -1 n2))
TR	rel-pitch-5-to-3	1	true	n1 n2	(and (duration>= (duration n1) 2) (not (rest? n1)) (= (note-category n1) C) (= (relative-pitch n1) 5) (duration>= (duration n2) 2) (not (rest? n2)) (= (note-category n2) C) (= (relative-pitch n2) 3) (pitch>= n1 n2))	(multiply-duration 0.25 (transpose-diatonic -1 n1))	(multiply-duration 0.25 (transpose-diatonic #1 n1))	(multiply-duration 0.25 (transpose-diatonic -1 n1))	(multiply-duration 0.25 (transpose-diatonic #-1 n1))	(multiply-duration 0.25 (transpose-diatonic 3 n2))	(multiply-duration 0.25 (transpose-diatonic 1 n2))	(multiply-duration 0.25 (transpose-diatonic -2 n2))	(multiply-duration 0.25 (transpose-diatonic -4 n2))
TR	rel-pitch-5-to-rest	1	true	n1 n2	(and (duration>= (duration n1) 2) (not (rest? n1)) (= (note-category n1) C) (= (relative-pitch n1) 5) (duration>= (duration n2) 2) (rest? n2))	(multiply-duration 0.25 (transpose-diatonic -1 n1))	(multiply-duration 0.25 (transpose-diatonic 2 n1))	(multiply-duration 0.25 (transpose-diatonic 1 n1))	(multiply-duration 0.25 (transpose-diatonic -2 n1))	n2
TR	rel-pitch-5-to-1	1	true	n1 n2	(and (duration>= (duration n1) 2) (not (rest? n1)) (= (note-category n1) C) (= (relative-pitch n1) 5) (duration>= (duration n2) 2) (not (rest? n2)) (= (note-category n2) C) (= (relative-pitch n2) 1) (pitch>= n1 n2))	(multiply-duration 0.25 (transpose-diatonic 2 n1))	(multiply-duration 0.25 (transpose-diatonic -1 n1))	(multiply-duration 0.125 (transpose-diatonic 1 n1))	(multiply-duration 0.125 (transpose-diatonic 2 n1))	(multiply-duration 0.125 (transpose-diatonic 1 n1))	(multiply-duration 0.125 (transpose-diatonic -2 n1))	(multiply-duration 0.25 (transpose-diatonic 4 n2))	(multiply-duration 0.25 (transpose-diatonic 2 n2))	(multiply-duration 0.25 (transpose-diatonic b-1 n2))	(multiply-duration 0.25 (transpose-diatonic -3 n2))
TR	rel-pitch-5-to-#4	1	true	n1 n2	(and (duration>= (duration n1) 2) (not (rest? n1)) (= (note-category n1) C) (= (relative-pitch n1) 5) (duration>= (duration n2) 2) (not (rest? n2)) (= (note-category n2) C) (= (relative-pitch n2) #4) (pitch>= n1 n2))	(multiply-duration 0.25 (transpose-diatonic 4 n1))	(multiply-duration 0.25 (transpose-diatonic 2 n1))	(multiply-duration 0.25 (transpose-diatonic -1 n1))	(multiply-duration 0.25 (transpose-diatonic -3 n1))	(multiply-duration 0.25 (transpose-diatonic b2 n2))	(multiply-duration 0.25 (transpose-diatonic 1 n2))	(multiply-duration 0.25 (transpose-diatonic b-1 n2))	(multiply-duration 0.25 (transpose-diatonic bb-1 n2))
TR	rel-pitch-5-to-3	1	true	n1 n2	(and (duration>= (duration n1) 2) (not (rest? n1)) (= (note-category n1) C) (= (relative-pitch n1) 5) (duration>= (duration n2) 2) (not (rest? n2)) (= (note-category n2) C) (= (relative-pitch n2) 3) (pitch< n1 n2))	(multiply-duration 0.25 (transpose-diatonic -2 n1))	(multiply-duration 0.25 (transpose-diatonic -1 n1))	(multiply-duration 0.25 (transpose-diatonic 1 n1))	(multiply-duration 0.25 (transpose-diatonic b3 n1))	(multiply-duration 0.5 (transpose-diatonic 1 n2))	(multiply-duration 0.5 (make-rest n2))
TR	rel-pitch-5-to-1	1	true	n1 n2	(and (duration>= (duration n1) 2) (not (rest? n1)) (= (note-category n1) C) (= (relative-pitch n1) 5) (duration>= (duration n2) 2) (not (rest? n2)) (= (note-category n2) C) (= (relative-pitch n2) 1) (pitch< n1 n2))	(multiply-duration 0.25 (transpose-diatonic 2 n1))	(multiply-duration 0.25 (transpose-diatonic b1 n1))	(multiply-duration 0.25 (transpose-diatonic 1 n1))	(multiply-duration 0.25 (transpose-diatonic 2 n1))	(multiply-duration 0.25 (transpose-diatonic b-1 n2))	(multiply-duration 0.25 (transpose-diatonic 1 n2))	(multiply-duration 0.25 (transpose-diatonic 2 n2))	(multiply-duration 0.25 (transpose-diatonic 4 n2))
TR	rel-pitch-5-to-7	1	true	n1 n2	(and (duration>= (duration n1) 2) (not (rest? n1)) (= (note-category n1) C) (= (relative-pitch n1) 5) (duration>= (duration n2) 2) (not (rest? n2)) (= (note-category n2) C) (= (relative-pitch n2) 7) (pitch< n1 n2))	(multiply-duration 0.25 (transpose-diatonic 1 n1))	(multiply-duration 0.25 (transpose-diatonic -2 n1))	(multiply-duration 0.25 (transpose-diatonic #1 n1))	(multiply-duration 0.25 (transpose-diatonic #-1 n1))	(multiply-duration 0.25 (transpose-diatonic -2 n2))	(multiply-duration 0.25 (transpose-diatonic 2 n2))	(multiply-duration 0.5 (make-rest n2))
TR	rel-pitch-5-to-3	1	true	n1 n2	(and (duration>= (duration n1) 2) (not (rest? n1)) (= (note-category n1) C) (= (relative-pitch n1) 5) (duration>= (duration n2) 2) (not (rest? n2)) (= (note-category n2) C) (= (relative-pitch n2) 3) (pitch>= n1 n2))	(multiply-duration 0.25 (transpose-diatonic -3 n1))	(multiply-duration 0.25 (transpose-diatonic -1 n1))	(multiply-duration 0.25 (transpose-diatonic -2 n1))	(multiply-duration 0.25 (transpose-diatonic b3 n1))	(multiply-duration 0.25 (transpose-diatonic 5 n2))	(multiply-duration 0.25 (transpose-diatonic -1 n2))	(multiply-duration 0.25 (transpose-diatonic -2 n2))	(multiply-duration 0.25 (transpose-diatonic -1 n2))
TR	rel-pitch-5-to-3	1	true	n1 n2	(and (duration>= (duration n1) 2) (not (rest? n1)) (= (note-category n1) C) (= (relative-pitch n1) 5) (duration>= (duration n2) 2) (not (rest? n2)) (= (note-category n2) C) (= (relative-pitch n2) 3) (pitch>= n1 n2))	(multiply-duration 0.25 (transpose-diatonic b3 n1))	(multiply-duration 0.25 (transpose-diatonic b2 n1))	(multiply-duration 0.25 (transpose-diatonic 1 n1))	(multiply-duration 0.25 (transpose-diatonic b1 n1))	(multiply-duration 0.25 (transpose-diatonic 2 n2))	(multiply-duration 0.25 (transpose-diatonic #1 n2))	(multiply-duration 0.25 (transpose-diatonic 1 n2))	(multiply-duration 0.25 (transpose-diatonic 3 n2))
TR	rel-pitch-5-to-3	1	true	n1 n2	(and (duration>= (duration n1) 2) (not (rest? n1)) (= (note-category n1) C) (= (relative-pitch n1) 5) (duration>= (duration n2) 2) (not (rest? n2)) (= (note-category n2) C) (= (relative-pitch n2) 3) (pitch< n1 n2))	(multiply-duration 0.25 (transpose-diatonic -2 n1))	(multiply-duration 0.25 (transpose-diatonic 1 n1))	(multiply-duration 0.25 (transpose-diatonic 3 n1))	(multiply-duration 0.25 (transpose-diatonic 4 n1))	(multiply-duration 0.25 (transpose-diatonic b-1 n2))	(multiply-duration 0.25 (transpose-diatonic b1 n2))	(multiply-duration 0.25 (transpose-diatonic 1 n2))	(multiply-duration 0.25 (transpose-diatonic #2 n2))
TR	rel-pitch-5-to-1	1	true	n1 n2	(and (duration>= (duration n1) 2) (not (rest? n1)) (= (note-category n1) C) (= (relative-pitch n1) 5) (duration>= (duration n2) 2) (not (rest? n2)) (= (note-category n2) C) (= (relative-pitch n2) 1) (pitch< n1 n2))	(multiply-duration 0.25 (transpose-diatonic b2 n1))	(multiply-duration 0.25 (transpose-diatonic -1 n1))	(multiply-duration 0.25 (transpose-diatonic b1 n1))	(multiply-duration 0.25 (transpose-diatonic b2 n1))	(multiply-duration 0.25 (transpose-diatonic -2 n2))	(multiply-duration 0.25 (transpose-diatonic #-1 n2))	(multiply-duration 0.25 (transpose-diatonic b2 n2))	(multiply-duration 0.25 (transpose-diatonic 3 n2))
TR	rel-pitch-5-to-7	1	true	n1 n2	(and (duration>= (duration n1) 2) (not (rest? n1)) (= (note-category n1) C) (= (relative-pitch n1) 5) (duration>= (duration n2) 2) (not (rest? n2)) (= (note-category n2) C) (= (relative-pitch n2) 7) (pitch< n1 n2))	(multiply-duration 0.25 (transpose-diatonic 2 n1))	(multiply-duration 0.25 (transpose-diatonic #-2 n1))	(multiply-duration 0.25 (transpose-diatonic 2 n1))	(multiply-duration 0.25 (transpose-diatonic #3 n1))	(multiply-duration 0.25 (transpose-diatonic #-1 n2))	(multiply-duration 0.25 (transpose-diatonic -3 n2))	(multiply-duration 0.25 (transpose-diatonic #-1 n2))	(multiply-duration 0.25 (transpose-diatonic 2 n2))
TR	rel-pitch-5-to-5	1	true	n1 n2	(and (duration>= (duration n1) 2) (not (rest? n1)) (= (note-category n1) C) (= (relative-pitch n1) 5) (duration>= (duration n2) 2) (not (rest? n2)) (= (note-category n2) C) (= (relative-pitch n2) 5) (pitch>= n1 n2))	(multiply-duration 1.0 (transpose-diatonic 1 n1))	(multiply-duration 0.5 (transpose-diatonic 1 n2))	(multiply-duration 0.25 (transpose-diatonic -1 n2))	(multiply-duration 0.25 (transpose-diatonic -2 n2))
TR	rel-pitch-5-to-1	1	true	n1 n2	(and (duration>= (duration n1) 2) (not (rest? n1)) (= (note-category n1) C) (= (relative-pitch n1) 5) (duration>= (duration n2) 2) (not (rest? n2)) (= (note-category n2) C) (= (relative-pitch n2) 1) (pitch< n1 n2))	(multiply-duration 0.25 (transpose-diatonic b5 n1))	(multiply-duration 0.25 (transpose-diatonic #1 n1))	(multiply-duration 0.5 (transpose-diatonic -2 n1))	(multiply-duration 0.16666666666666666 (transpose-diatonic b3 n2))	(multiply-duration 0.16666666666666666 (transpose-diatonic 4 n2))	(multiply-duration 0.16666666666666666 (transpose-diatonic b3 n2))	(multiply-duration 0.25 (transpose-diatonic b2 n2))	(multiply-duration 0.25 (transpose-diatonic #-3 n2))
TR	rel-pitch-5-to-b2	1	true	n1 n2	(and (duration>= (duration n1) 2) (not (rest? n1)) (= (note-category n1) C) (= (relative-pitch n1) 5) (duration>= (duration n2) 2) (not (rest? n2)) (= (note-category n2) C) (= (relative-pitch n2) b2) (pitch>= n1 n2))	(multiply-duration 0.5 (transpose-diatonic -2 n1))	(multiply-duration 0.25 (transpose-diatonic 3 n1))	(multiply-duration 0.25 (transpose-diatonic 1 n1))	(multiply-duration 0.75 (make-rest n2))	(multiply-duration 0.25 (transpose-diatonic #1 n2))
TR	rel-pitch-5-to-#4	1	true	n1 n2	(and (duration>= (duration n1) 2) (not (rest? n1)) (= (note-category n1) C) (= (relative-pitch n1) 5) (duration>= (duration n2) 2) (not (rest? n2)) (= (note-category n2) C) (= (relative-pitch n2) #4) (pitch>= n1 n2))	(multiply-duration 0.5 (transpose-diatonic -3 n1))	(multiply-duration 0.25 (transpose-diatonic 4 n1))	(multiply-duration 0.25 (transpose-diatonic 2 n1))	(multiply-duration 0.75 (make-rest n2))	(multiply-duration 0.25 (transpose-diatonic b1 n2))
TR	rel-pitch-5-to-3	1	true	n1 n2	(and (duration>= (duration n1) 2) (not (rest? n1)) (= (note-category n1) C) (= (relative-pitch n1) 5) (duration>= (duration n2) 2) (not (rest? n2)) (= (note-category n2) C) (= (relative-pitch n2) 3) (pitch>= n1 n2))	(multiply-duration 0.25 (transpose-diatonic 4 n1))	(multiply-duration 0.25 (transpose-diatonic 1 n1))	(multiply-duration 0.25 (transpose-diatonic -2 n1))	(multiply-duration 0.25 (transpose-diatonic -4 n1))	(multiply-duration 0.16666666666666666 (transpose-diatonic 1 n2))	(multiply-duration 0.16666666666666666 (transpose-diatonic -2 n2))	(multiply-duration 0.16666666666666666 (transpose-diatonic 1 n2))	(multiply-duration 0.16666666666666666 (transpose-diatonic 3 n2))	(multiply-duration 0.16666666666666666 (transpose-diatonic 1 n2))	(multiply-duration 0.16666666666666666 (transpose-diatonic 3 n2))
TR	rel-pitch-5-to-3	1	true	n1 n2	(and (duration>= (duration n1) 2) (not (rest? n1)) (= (note-category n1) C) (= (relative-pitch n1) 5) (duration>= (duration n2) 2) (not (rest? n2)) (= (note-category n2) C) (= (relative-pitch n2) 3) (pitch< n1 n2))	(multiply-duration 0.25 (transpose-diatonic -4 n1))	(multiply-duration 0.25 (transpose-diatonic 1 n1))	(multiply-duration 0.25 (transpose-diatonic 5 n1))	(multiply-duration 0.25 (transpose-diatonic 3 n1))	(multiply-duration 0.25 (transpose-diatonic -2 n2))	(multiply-duration 0.25 (transpose-diatonic -1 n2))	(multiply-duration 0.25 (transpose-diatonic 1 n2))	(multiply-duration 0.25 (transpose-diatonic 3 n2))
TR	rel-pitch-5-to-3	1	true	n1 n2	(and (duration>= (duration n1) 2) (not (rest? n1)) (= (note-category n1) C) (= (relative-pitch n1) 5) (duration>= (duration n2) 2) (not (rest? n2)) (= (note-category n2) C) (= (relative-pitch n2) 3) (pitch< n1 n2))	(multiply-duration 0.25 (transpose-diatonic -2 n1))	(multiply-duration 0.25 (transpose-diatonic -1 n1))	(multiply-duration 0.25 (transpose-diatonic 1 n1))	(multiply-duration 0.25 (transpose-diatonic b3 n1))	(multiply-duration 0.16666666666666666 (transpose-diatonic -1 n2))	(multiply-duration 0.16666666666666666 (transpose-diatonic 1 n2))	(multiply-duration 0.16666666666666666 (transpose-diatonic #1 n2))	(multiply-duration 0.16666666666666666 (transpose-diatonic 2 n2))	(multiply-duration 0.16666666666666666 (transpose-diatonic #1 n2))	(multiply-duration 0.16666666666666666 (transpose-diatonic 1 n2))
TR	rel-pitch-5-to-5	1	true	n1 n2	(and (duration>= (duration n1) 2) (not (rest? n1)) (= (note-category n1) C) (= (relative-pitch n1) 5) (duration>= (duration n2) 2) (not (rest? n2)) (= (note-category n2) C) (= (relative-pitch n2) 5) (pitch>= n1 n2))	(multiply-duration 0.5 (transpose-diatonic 1 n1))	(multiply-duration 0.5 (make-rest n1))	(multiply-duration 0.25 (transpose-diatonic 1 n2))	(multiply-duration 0.25 (transpose-diatonic b1 n2))	(multiply-duration 0.25 (transpose-diatonic -1 n2))	(multiply-duration 0.25 (transpose-diatonic #-2 n2))
TR	rel-pitch-5-to-7	1	true	n1 n2	(and (duration>= (duration n1) 2) (not (rest? n1)) (= (note-category n1) C) (= (relative-pitch n1) 5) (duration>= (duration n2) 2) (not (rest? n2)) (= (note-category n2) C) (= (relative-pitch n2) 7) (pitch>= n1 n2))	(multiply-duration 0.25 (transpose-diatonic #-1 n1))	(multiply-duration 0.25 (transpose-diatonic 3 n1))	(multiply-duration 0.25 (transpose-diatonic #1 n1))	(multiply-duration 0.25 (transpose-diatonic -2 n1))	(multiply-duration 0.25 (transpose-diatonic 2 n2))	(multiply-duration 0.25 (transpose-diatonic #-2 n2))	(multiply-duration 0.25 (transpose-diatonic 3 n2))	(multiply-duration 0.25 (transpose-diatonic #-2 n2))
TR	rel-pitch-5-to-7	1	true	n1 n2	(and (duration>= (duration n1) 2) (not (rest? n1)) (= (note-category n1) C) (= (relative-pitch n1) 5) (duration>= (duration n2) 2) (not (rest? n2)) (= (note-category n2) C) (= (relative-pitch n2) 7) (pitch>= n1 n2))	(multiply-duration 0.25 (transpose-diatonic #2 n1))	(multiply-duration 0.25 (transpose-diatonic -1 n1))	(multiply-duration 0.25 (transpose-diatonic -3 n1))	(multiply-duration 0.25 (transpose-diatonic -1 n1))	(multiply-duration 0.25 (transpose-diatonic 4 n2))	(multiply-duration 0.25 (transpose-diatonic #1 n2))	(multiply-duration 0.25 (transpose-diatonic -1 n2))	(multiply-duration 0.25 (transpose-diatonic -3 n2))
TR	rel-pitch-5-to-7	1	true	n1 n2	(and (duration>= (duration n1) 2) (not (rest? n1)) (= (note-category n1) C) (= (relative-pitch n1) 5) (duration>= (duration n2) 2) (not (rest? n2)) (= (note-category n2) C) (= (relative-pitch n2) 7) (pitch< n1 n2))	(multiply-duration 0.5 (make-rest n1))	(multiply-duration 0.25 (transpose-diatonic 1 n1))	(multiply-duration 0.25 (transpose-diatonic 2 n1))	(multiply-duration 0.25 (transpose-diatonic 1 n2))	(multiply-duration 0.25 (transpose-diatonic -2 n2))	(multiply-duration 0.5 (make-rest n2))
TR	rel-pitch-5-to-7	1	true	n1 n2	(and (duration>= (duration n1) 2) (not (rest? n1)) (= (note-category n1) C) (= (relative-pitch n1) 5) (duration>= (duration n2) 2) (not (rest? n2)) (= (note-category n2) C) (= (relative-pitch n2) 7) (pitch< n1 n2))	(multiply-duration 0.25 (transpose-diatonic -2 n1))	(multiply-duration 0.25 (transpose-diatonic -1 n1))	(multiply-duration 0.25 (transpose-diatonic 1 n1))	(multiply-duration 0.25 (transpose-diatonic 2 n1))	(multiply-duration 0.25 (transpose-diatonic 1 n2))	(multiply-duration 0.25 (transpose-diatonic -2 n2))	(multiply-duration 0.5 (make-rest n2))
TR	rel-pitch-5-to-7	1	true	n1 n2	(and (duration>= (duration n1) 2) (not (rest? n1)) (= (note-category n1) C) (= (relative-pitch n1) 5) (duration>= (duration n2) 2) (not (rest? n2)) (= (note-category n2) C) (= (relative-pitch n2) 7) (pitch< n1 n2))	(multiply-duration 0.25 (transpose-diatonic 3 n1))	(multiply-duration 0.25 (transpose-diatonic 2 n1))	(multiply-duration 0.25 (transpose-diatonic #1 n1))	(multiply-duration 0.25 (transpose-diatonic #-1 n1))	(multiply-duration 0.25 (transpose-diatonic -2 n2))	(multiply-duration 0.25 (transpose-diatonic -1 n2))	(multiply-duration 0.25 (transpose-diatonic 1 n2))	(multiply-duration 0.25 (transpose-diatonic 2 n2))
TR	rel-pitch-5-to-5	1	true	n1 n2	(and (duration>= (duration n1) 2) (not (rest? n1)) (= (note-category n1) C) (= (relative-pitch n1) 5) (duration>= (duration n2) 2) (not (rest? n2)) (= (note-category n2) C) (= (relative-pitch n2) 5) (pitch>= n1 n2))	(multiply-duration 0.25 (transpose-diatonic -2 n1))	(multiply-duration 0.25 (transpose-diatonic -1 n1))	(multiply-duration 0.25 (transpose-diatonic 1 n1))	(multiply-duration 0.25 (transpose-diatonic b3 n1))	(multiply-duration 0.25 (transpose-diatonic 3 n2))	(multiply-duration 0.25 (transpose-diatonic 1 n2))	(multiply-duration 0.25 (transpose-diatonic b3 n2))	(multiply-duration 0.25 (transpose-diatonic 1 n2))
TR	rel-pitch-5-to-1	1	true	n1 n2	(and (duration>= (duration n1) 2) (not (rest? n1)) (= (note-category n1) C) (= (relative-pitch n1) 5) (duration>= (duration n2) 2) (not (rest? n2)) (= (note-category n2) C) (= (relative-pitch n2) 1) (pitch>= n1 n2))	(multiply-duration 0.25 (transpose-diatonic 3 n1))	(multiply-duration 0.25 (transpose-diatonic #1 n1))	(multiply-duration 0.25 (transpose-diatonic 1 n1))	(multiply-duration 0.25 (transpose-diatonic -1 n1))	(multiply-duration 0.25 (transpose-diatonic 3 n2))	(multiply-duration 0.25 (transpose-diatonic b2 n2))	(multiply-duration 0.25 (transpose-diatonic 1 n2))	(multiply-duration 0.25 (transpose-diatonic -1 n2))
TR	rel-pitch-5-to-1	1	true	n1 n2	(and (duration>= (duration n1) 2) (not (rest? n1)) (= (note-category n1) C) (= (relative-pitch n1) 5) (duration>= (duration n2) 2) (not (rest? n2)) (= (note-category n2) C) (= (relative-pitch n2) 1) (pitch>= n1 n2))	(multiply-duration 0.25 (transpose-diatonic #1 n1))	(multiply-duration 0.25 (transpose-diatonic #3 n1))	(multiply-duration 0.25 (transpose-diatonic #1 n1))	(multiply-duration 0.25 (transpose-diatonic -2 n1))	(multiply-duration 0.5 (transpose-diatonic b2 n2))	(multiply-duration 0.5 (make-rest n2))
TR	rel-pitch-5-to-5	1	true	n1 n2	(and (duration>= (duration n1) 2) (not (rest? n1)) (= (note-category n1) C) (= (relative-pitch n1) 5) (duration>= (duration n2) 2) (not (rest? n2)) (= (note-category n2) C) (= (relative-pitch n2) 5) (pitch>= n1 n2))	(multiply-duration 0.25 (transpose-diatonic -4 n1))	(multiply-duration 0.25 (transpose-diatonic -1 n1))	(multiply-duration 0.25 (transpose-diatonic #2 n1))	(multiply-duration 0.25 (transpose-diatonic 3 n1))	(multiply-duration 0.25 (transpose-diatonic #2 n2))	(multiply-duration 0.25 (transpose-diatonic 2 n2))	(multiply-duration 0.25 (transpose-diatonic #1 n2))	(multiply-duration 0.25 (transpose-diatonic 1 n2))
TR	rel-pitch-5-to-3	1	true	n1 n2	(and (duration>= (duration n1) 2) (not (rest? n1)) (= (note-category n1) C) (= (relative-pitch n1) 5) (duration>= (duration n2) 2) (not (rest? n2)) (= (note-category n2) C) (= (relative-pitch n2) 3) (pitch< n1 n2))	(multiply-duration 0.25 (transpose-diatonic -2 n1))	(multiply-duration 0.25 (transpose-diatonic 1 n1))	(multiply-duration 0.25 (transpose-diatonic 2 n1))	(multiply-duration 0.25 (transpose-diatonic 1 n1))	(multiply-duration 0.5 (transpose-diatonic -2 n2))	(multiply-duration 0.25 (transpose-diatonic 1 n2))	(multiply-duration 0.25 (transpose-diatonic 2 n2))
TR	rel-pitch-5-to-rest	1	true	n1 n2	(and (duration>= (duration n1) 2) (not (rest? n1)) (= (note-category n1) C) (= (relative-pitch n1) 5) (duration>= (duration n2) 2) (rest? n2))	(multiply-duration 0.5 (transpose-diatonic -1 n1))	(multiply-duration 0.5 (make-rest n1))	n2
TR	rel-pitch-5-to-5	1	true	n1 n2	(and (duration>= (duration n1) 2) (not (rest? n1)) (= (note-category n1) C) (= (relative-pitch n1) 5) (duration>= (duration n2) 2) (not (rest? n2)) (= (note-category n2) C) (= (relative-pitch n2) 5) (pitch>= n1 n2))	(multiply-duration 0.25 (transpose-diatonic -1 n1))	(multiply-duration 0.25 (transpose-diatonic #-1 n1))	(multiply-duration 0.25 (transpose-diatonic #1 n1))	(multiply-duration 0.25 (transpose-diatonic 2 n1))	(multiply-duration 0.25 (transpose-diatonic #3 n2))	(multiply-duration 0.25 (transpose-diatonic #1 n2))	(multiply-duration 0.25 (transpose-diatonic #-1 n2))	(multiply-duration 0.25 (transpose-diatonic #-1 n2))
TR	rel-pitch-5-to-5	1	true	n1 n2	(and (duration>= (duration n1) 2) (not (rest? n1)) (= (note-category n1) C) (= (relative-pitch n1) 5) (duration>= (duration n2) 2) (not (rest? n2)) (= (note-category n2) C) (= (relative-pitch n2) 5) (pitch>= n1 n2))	(multiply-duration 0.25 (transpose-diatonic 3 n1))	(multiply-duration 0.25 (transpose-diatonic 1 n1))	(multiply-duration 0.25 (transpose-diatonic -2 n1))	(multiply-duration 0.25 (transpose-diatonic -4 n1))	(multiply-duration 0.25 (transpose-diatonic 3 n2))	(multiply-duration 0.25 (transpose-diatonic 1 n2))	(multiply-duration 0.25 (transpose-diatonic -2 n2))	(multiply-duration 0.25 (transpose-diatonic -4 n2))
TR	rel-pitch-5-to-7	1	true	n1 n2	(and (duration>= (duration n1) 2) (not (rest? n1)) (= (note-category n1) C) (= (relative-pitch n1) 5) (duration>= (duration n2) 2) (not (rest? n2)) (= (note-category n2) C) (= (relative-pitch n2) 7) (pitch< n1 n2))	(multiply-duration 0.25 (transpose-diatonic -2 n1))	(multiply-duration 0.25 (transpose-diatonic 1 n1))	(multiply-duration 0.25 (transpose-diatonic b3 n1))	(multiply-duration 0.25 (transpose-diatonic 5 n1))	(multiply-duration 0.25 (transpose-diatonic #-2 n2))	(multiply-duration 0.25 (transpose-diatonic -1 n2))	(multiply-duration 0.25 (transpose-diatonic 2 n2))	(multiply-duration 0.25 (transpose-diatonic -1 n2))
TR	rel-pitch-5-to-1	1	true	n1 n2	(and (duration>= (duration n1) 2) (not (rest? n1)) (= (note-category n1) C) (= (relative-pitch n1) 5) (duration>= (duration n2) 2) (not (rest? n2)) (= (note-category n2) C) (= (relative-pitch n2) 1) (pitch< n1 n2))	(multiply-duration 0.25 (transpose-diatonic -2 n1))	(multiply-duration 0.25 (transpose-diatonic #-1 n1))	(multiply-duration 0.25 (transpose-diatonic #1 n1))	(multiply-duration 0.25 (transpose-diatonic #3 n1))	(multiply-duration 0.25 (transpose-diatonic b2 n2))	(multiply-duration 0.25 (transpose-diatonic #-1 n2))	(multiply-duration 0.25 (transpose-diatonic 1 n2))	(multiply-duration 0.25 (transpose-diatonic -1 n2))
TR	rel-pitch-5-to-5	1	true	n1 n2	(and (duration>= (duration n1) 2) (not (rest? n1)) (= (note-category n1) C) (= (relative-pitch n1) 5) (duration>= (duration n2) 2) (not (rest? n2)) (= (note-category n2) C) (= (relative-pitch n2) 5) (pitch>= n1 n2))	(multiply-duration 0.25 (transpose-diatonic -2 n1))	(multiply-duration 0.25 (transpose-diatonic -1 n1))	(multiply-duration 0.25 (transpose-diatonic 1 n1))	(multiply-duration 0.25 (transpose-diatonic 2 n1))	(multiply-duration 0.25 (transpose-diatonic #2 n2))	(multiply-duration 0.25 (transpose-diatonic -3 n2))	(multiply-duration 0.5 (make-rest n2))
TR	rel-pitch-5-to-5	1	true	n1 n2	(and (duration>= (duration n1) 2) (not (rest? n1)) (= (note-category n1) C) (= (relative-pitch n1) 5) (duration>= (duration n2) 2) (not (rest? n2)) (= (note-category n2) C) (= (relative-pitch n2) 5) (pitch>= n1 n2))	(multiply-duration 0.25 (transpose-diatonic -2 n1))	(multiply-duration 0.25 (transpose-diatonic -1 n1))	(multiply-duration 0.25 (transpose-diatonic 1 n1))	(multiply-duration 0.25 (transpose-diatonic b3 n1))	(multiply-duration 0.25 (transpose-diatonic 3 n2))	(multiply-duration 0.25 (transpose-diatonic 1 n2))	(multiply-duration 0.25 (transpose-diatonic 2 n2))	(multiply-duration 0.25 (transpose-diatonic -1 n2))
TR	rel-pitch-5-to-5	1	true	n1 n2	(and (duration>= (duration n1) 2) (not (rest? n1)) (= (note-category n1) C) (= (relative-pitch n1) 5) (duration>= (duration n2) 2) (not (rest? n2)) (= (note-category n2) C) (= (relative-pitch n2) 5) (pitch>= n1 n2))	(multiply-duration 0.25 (transpose-diatonic 3 n1))	(multiply-duration 0.25 (transpose-diatonic #1 n1))	(multiply-duration 0.25 (transpose-diatonic -1 n1))	(multiply-duration 0.25 (transpose-diatonic b-2 n1))	(multiply-duration 0.25 (transpose-diatonic b5 n2))	(multiply-duration 0.25 (make-rest n2))	(multiply-duration 0.25 (transpose-diatonic #1 n2))	(multiply-duration 0.25 (transpose-diatonic -2 n2))
TR	rel-pitch-5-to-3	1	true	n1 n2	(and (duration>= (duration n1) 2) (not (rest? n1)) (= (note-category n1) C) (= (relative-pitch n1) 5) (duration>= (duration n2) 2) (not (rest? n2)) (= (note-category n2) C) (= (relative-pitch n2) 3) (pitch>= n1 n2))	(multiply-duration 1.0 (transpose-diatonic 1 n1))	(multiply-duration 0.25 (transpose-diatonic 2 n2))	(multiply-duration 0.25 (transpose-diatonic 1 n2))	(multiply-duration 0.5 (transpose-diatonic -2 n2))
TR	rel-pitch-5-to-5	1	true	n1 n2	(and (duration>= (duration n1) 2) (not (rest? n1)) (= (note-category n1) C) (= (relative-pitch n1) 5) (duration>= (duration n2) 2) (not (rest? n2)) (= (note-category n2) C) (= (relative-pitch n2) 5) (pitch>= n1 n2))	(multiply-duration 0.25 (transpose-diatonic #1 n1))	(multiply-duration 0.25 (transpose-diatonic 3 n1))	(multiply-duration 0.25 (transpose-diatonic #2 n1))	(multiply-duration 0.25 (transpose-diatonic -1 n1))	(multiply-duration 0.75 (transpose-diatonic #1 n2))	(multiply-duration 0.25 (make-rest n2))
TR	rel-pitch-5-to-7	1	true	n1 n2	(and (duration>= (duration n1) 2) (not (rest? n1)) (= (note-category n1) C) (= (relative-pitch n1) 5) (duration>= (duration n2) 2) (not (rest? n2)) (= (note-category n2) C) (= (relative-pitch n2) 7) (pitch< n1 n2))	(multiply-duration 0.25 (transpose-diatonic -2 n1))	(multiply-duration 0.25 (transpose-diatonic 1 n1))	(multiply-duration 0.25 (transpose-diatonic 2 n1))	(multiply-duration 0.25 (transpose-diatonic 1 n1))	(multiply-duration 0.75 (transpose-diatonic 2 n2))	(multiply-duration 0.25 (transpose-diatonic -1 n2))
TR	rel-pitch-5-to-1	1	true	n1 n2	(and (duration>= (duration n1) 2) (not (rest? n1)) (= (note-category n1) C) (= (relative-pitch n1) 5) (duration>= (duration n2) 2) (not (rest? n2)) (= (note-category n2) C) (= (relative-pitch n2) 1) (pitch>= n1 n2))	(multiply-duration 0.16666666666666666 (transpose-diatonic 2 n1))	(multiply-duration 0.16666666666666666 (transpose-diatonic 3 n1))	(multiply-duration 0.16666666666666666 (transpose-diatonic 2 n1))	(multiply-duration 0.25 (transpose-diatonic 1 n1))	(multiply-duration 0.25 (transpose-diatonic -1 n1))	(multiply-duration 0.25 (transpose-diatonic 3 n2))	(multiply-duration 0.25 (transpose-diatonic 2 n2))	(multiply-duration 0.25 (transpose-diatonic -1 n2))	(multiply-duration 0.25 (transpose-diatonic #-1 n2))
TR	rel-pitch-5-to-3	1	true	n1 n2	(and (duration>= (duration n1) 2) (not (rest? n1)) (= (note-category n1) C) (= (relative-pitch n1) 5) (duration>= (duration n2) 2) (not (rest? n2)) (= (note-category n2) C) (= (relative-pitch n2) 3) (pitch>= n1 n2))	(multiply-duration 0.25 (transpose-diatonic b3 n1))	(multiply-duration 0.25 (transpose-diatonic #1 n1))	(multiply-duration 0.25 (transpose-diatonic 1 n1))	(multiply-duration 0.25 (transpose-diatonic -1 n1))	(multiply-duration 0.25 (transpose-diatonic 1 n2))	(multiply-duration 0.25 (transpose-diatonic 3 n2))	(multiply-duration 0.25 (transpose-diatonic 1 n2))	(multiply-duration 0.25 (transpose-diatonic -1 n2))
TR	rel-pitch-5-to-3	1	true	n1 n2	(and (duration>= (duration n1) 2) (not (rest? n1)) (= (note-category n1) C) (= (relative-pitch n1) 5) (duration>= (duration n2) 2) (not (rest? n2)) (= (note-category n2) C) (= (relative-pitch n2) 3) (pitch< n1 n2))	(multiply-duration 0.25 (transpose-diatonic -2 n1))	(multiply-duration 0.25 (transpose-diatonic -1 n1))	(multiply-duration 0.25 (transpose-diatonic 1 n1))	(multiply-duration 0.25 (transpose-diatonic b3 n1))	(multiply-duration 0.25 (transpose-diatonic 2 n2))	(multiply-duration 0.25 (transpose-diatonic -1 n2))	(multiply-duration 0.5 (make-rest n2))
TR	rel-pitch-5-to-1	1	true	n1 n2	(and (duration>= (duration n1) 2) (not (rest? n1)) (= (note-category n1) C) (= (relative-pitch n1) 5) (duration>= (duration n2) 2) (not (rest? n2)) (= (note-category n2) C) (= (relative-pitch n2) 1) (pitch>= n1 n2))	(multiply-duration 0.25 (transpose-diatonic 3 n1))	(multiply-duration 0.25 (transpose-diatonic 2 n1))	(multiply-duration 0.25 (transpose-diatonic #1 n1))	(multiply-duration 0.25 (transpose-diatonic -2 n1))	(multiply-duration 0.25 (transpose-diatonic b3 n2))	(multiply-duration 0.25 (transpose-diatonic b2 n2))	(multiply-duration 0.25 (transpose-diatonic 1 n2))	(multiply-duration 0.25 (transpose-diatonic -1 n2))
TR	rel-pitch-5-to-5	1	true	n1 n2	(and (duration>= (duration n1) 2) (not (rest? n1)) (= (note-category n1) C) (= (relative-pitch n1) 5) (duration>= (duration n2) 2) (not (rest? n2)) (= (note-category n2) C) (= (relative-pitch n2) 5) (pitch>= n1 n2))	(multiply-duration 0.25 (transpose-diatonic -4 n1))	(multiply-duration 0.25 (transpose-diatonic -2 n1))	(multiply-duration 0.25 (transpose-diatonic #1 n1))	(multiply-duration 0.25 (transpose-diatonic 3 n1))	(multiply-duration 0.25 (transpose-diatonic #2 n2))	(multiply-duration 0.25 (transpose-diatonic #1 n2))	(multiply-duration 0.25 (transpose-diatonic -1 n2))	(multiply-duration 0.25 (transpose-diatonic #-2 n2))
TR	rel-pitch-5-to-1	1	true	n1 n2	(and (duration>= (duration n1) 2) (not (rest? n1)) (= (note-category n1) C) (= (relative-pitch n1) 5) (duration>= (duration n2) 2) (not (rest? n2)) (= (note-category n2) C) (= (relative-pitch n2) 1) (pitch>= n1 n2))	(multiply-duration 0.25 (transpose-diatonic 2 n1))	(multiply-duration 0.25 (transpose-diatonic 1 n1))	(multiply-duration 0.25 (transpose-diatonic 2 n1))	(multiply-duration 0.25 (transpose-diatonic 1 n1))	(multiply-duration 0.25 (make-rest n2))	(multiply-duration 0.25 (transpose-diatonic 2 n2))	(multiply-duration 0.16666666666666666 (transpose-diatonic -1 n2))	(multiply-duration 0.16666666666666666 (transpose-diatonic 2 n2))	(multiply-duration 0.16666666666666666 (transpose-diatonic 4 n2))
TR	rel-pitch-5-to-1	1	true	n1 n2	(and (duration>= (duration n1) 2) (not (rest? n1)) (= (note-category n1) C) (= (relative-pitch n1) 5) (duration>= (duration n2) 2) (not (rest? n2)) (= (note-category n2) C) (= (relative-pitch n2) 1) (pitch< n1 n2))	(multiply-duration 0.25 (transpose-diatonic 2 n1))	(multiply-duration 0.25 (transpose-diatonic b1 n1))	(multiply-duration 0.25 (transpose-diatonic 1 n1))	(multiply-duration 0.25 (transpose-diatonic 2 n1))	(multiply-duration 0.25 (transpose-diatonic b-1 n2))	(multiply-duration 0.25 (transpose-diatonic 1 n2))	(multiply-duration 0.25 (transpose-diatonic 2 n2))	(multiply-duration 0.25 (transpose-diatonic #3 n2))
TR	rel-pitch-5-to-7	1	true	n1 n2	(and (duration>= (duration n1) 2) (not (rest? n1)) (= (note-category n1) C) (= (relative-pitch n1) 5) (duration>= (duration n2) 2) (not (rest? n2)) (= (note-category n2) C) (= (relative-pitch n2) 7) (pitch< n1 n2))	(multiply-duration 0.25 (transpose-diatonic -1 n1))	(multiply-duration 0.25 (transpose-diatonic 1 n1))	(multiply-duration 0.25 (transpose-diatonic 2 n1))	(multiply-duration 0.25 (transpose-diatonic 3 n1))	(multiply-duration 0.25 (transpose-diatonic 2 n2))	(multiply-duration 0.25 (transpose-diatonic -1 n2))	(multiply-duration 0.25 (transpose-diatonic b3 n2))	(multiply-duration 0.25 (transpose-diatonic -1 n2))
TR	rel-pitch-5-to-5	1	true	n1 n2	(and (duration>= (duration n1) 2) (not (rest? n1)) (= (note-category n1) C) (= (relative-pitch n1) 5) (duration>= (duration n2) 2) (not (rest? n2)) (= (note-category n2) C) (= (relative-pitch n2) 5) (pitch>= n1 n2))	(multiply-duration 0.25 (transpose-diatonic 3 n1))	(multiply-duration 0.25 (transpose-diatonic 1 n1))	(multiply-duration 0.25 (transpose-diatonic b3 n1))	(multiply-duration 0.25 (transpose-diatonic 1 n1))	(multiply-duration 0.25 (transpose-diatonic 2 n2))	(multiply-duration 0.25 (transpose-diatonic 1 n2))	(multiply-duration 0.25 (transpose-diatonic -1 n2))	(multiply-duration 0.25 (transpose-diatonic #-2 n2))
TR	rel-pitch-5-to-5	1	true	n1 n2	(and (duration>= (duration n1) 2) (not (rest? n1)) (= (note-category n1) C) (= (relative-pitch n1) 5) (duration>= (duration n2) 2) (not (rest? n2)) (= (note-category n2) C) (= (relative-pitch n2) 5) (pitch>= n1 n2))	(multiply-duration 0.25 (transpose-diatonic b2 n1))	(multiply-duration 0.25 (transpose-diatonic b1 n1))	(multiply-duration 0.25 (transpose-diatonic 1 n1))	(multiply-duration 0.25 (transpose-diatonic b1 n1))	(multiply-duration 0.25 (transpose-diatonic -1 n2))	(multiply-duration 0.25 (transpose-diatonic #-2 n2))	(multiply-duration 0.16666666666666666 (transpose-diatonic -2 n2))	(multiply-duration 0.16666666666666666 (transpose-diatonic 1 n2))	(multiply-duration 0.16666666666666666 (transpose-diatonic b3 n2))
TR	rel-pitch-5-to-7	1	true	n1 n2	(and (duration>= (duration n1) 2) (not (rest? n1)) (= (note-category n1) C) (= (relative-pitch n1) 5) (duration>= (duration n2) 2) (not (rest? n2)) (= (note-category n2) C) (= (relative-pitch n2) 7) (pitch< n1 n2))	(multiply-duration 0.25 (transpose-diatonic -2 n1))	(multiply-duration 0.25 (transpose-diatonic -1 n1))	(multiply-duration 0.25 (transpose-diatonic 1 n1))	(multiply-duration 0.25 (transpose-diatonic b3 n1))	(multiply-duration 0.25 (transpose-diatonic 1 n2))	(multiply-duration 0.25 (transpose-diatonic 3 n2))	(multiply-duration 0.25 (transpose-diatonic 2 n2))	(multiply-duration 0.25 (transpose-diatonic -2 n2))
TR	rel-pitch-5	1	true	n1	(and (duration>= (duration n1) 2) (not (rest? n1)) (= (note-category n1) C) (= (relative-pitch n1) 5))	(multiply-duration 0.25 (transpose-diatonic #1 n1))	(multiply-duration 0.25 (transpose-diatonic #-1 n1))	(multiply-duration 0.5 (transpose-diatonic -1 n1))
TR	rel-pitch-5	6	true	n1	(and (duration>= (duration n1) 2) (not (rest? n1)) (= (note-category n1) C) (= (relative-pitch n1) 5))	(multiply-duration 0.25 (transpose-diatonic 4 n1))	(multiply-duration 0.25 (transpose-diatonic 1 n1))	(multiply-duration 0.25 (transpose-diatonic -2 n1))	(multiply-duration 0.25 (transpose-diatonic -4 n1))
TR	rel-pitch-5	1	true	n1	(and (duration>= (duration n1) 2) (not (rest? n1)) (= (note-category n1) C) (= (relative-pitch n1) 5))	(multiply-duration 1.0 (transpose-diatonic -1 n1))
TR	rel-pitch-5	1	true	n1	(and (duration>= (duration n1) 2) (not (rest? n1)) (= (note-category n1) C) (= (relative-pitch n1) 5))	(multiply-duration 0.25 (make-rest n1))	(multiply-duration 0.75 (transpose-diatonic -1 n1))
TR	rel-pitch-5	1	true	n1	(and (duration>= (duration n1) 2) (not (rest? n1)) (= (note-category n1) C) (= (relative-pitch n1) 5))	(multiply-duration 0.75 (transpose-diatonic -1 n1))	(multiply-duration 0.25 (make-rest n1))
TR	rel-pitch-5	1	true	n1	(and (duration>= (duration n1) 2) (not (rest? n1)) (= (note-category n1) C) (= (relative-pitch n1) 5))	(multiply-duration 0.25 (transpose-diatonic 1 n1))	(multiply-duration 0.25 (transpose-diatonic 3 n1))	(multiply-duration 0.25 (transpose-diatonic 2 n1))	(multiply-duration 0.25 (transpose-diatonic -1 n1))
TR	rel-pitch-5	1	true	n1	(and (duration>= (duration n1) 2) (not (rest? n1)) (= (note-category n1) C) (= (relative-pitch n1) 5))	(multiply-duration 0.25 (transpose-diatonic -1 n1))	(multiply-duration 0.25 (transpose-diatonic 1 n1))	(multiply-duration 0.25 (transpose-diatonic b2 n1))	(multiply-duration 0.25 (transpose-diatonic 2 n1))
TR	rel-pitch-5	1	true	n1	(and (duration>= (duration n1) 2) (not (rest? n1)) (= (note-category n1) C) (= (relative-pitch n1) 5))	(multiply-duration 0.25 (transpose-diatonic #-2 n1))	(multiply-duration 0.25 (transpose-diatonic -1 n1))	(multiply-duration 0.25 (transpose-diatonic 2 n1))	(multiply-duration 0.25 (transpose-diatonic #1 n1))
TR	rel-pitch-5	1	true	n1	(and (duration>= (duration n1) 2) (not (rest? n1)) (= (note-category n1) C) (= (relative-pitch n1) 5))	(multiply-duration 0.25 (transpose-diatonic 1 n1))	(multiply-duration 0.25 (transpose-diatonic b2 n1))	(multiply-duration 0.25 (transpose-diatonic 2 n1))	(multiply-duration 0.25 (transpose-diatonic 1 n1))
TR	rel-pitch-5	2	true	n1	(and (duration>= (duration n1) 2) (not (rest? n1)) (= (note-category n1) C) (= (relative-pitch n1) 5))	(multiply-duration 0.25 (transpose-diatonic -4 n1))	(multiply-duration 0.25 (transpose-diatonic -2 n1))	(multiply-duration 0.25 (transpose-diatonic 1 n1))	(multiply-duration 0.25 (transpose-diatonic b3 n1))
TR	rel-pitch-5	1	true	n1	(and (duration>= (duration n1) 2) (not (rest? n1)) (= (note-category n1) C) (= (relative-pitch n1) 5))	(multiply-duration 0.25 (transpose-diatonic -2 n1))	(multiply-duration 0.25 (transpose-diatonic 1 n1))	(multiply-duration 0.25 (transpose-diatonic 3 n1))	(multiply-duration 0.25 (transpose-diatonic 5 n1))
TR	rel-pitch-5	1	true	n1	(and (duration>= (duration n1) 2) (not (rest? n1)) (= (note-category n1) C) (= (relative-pitch n1) 5))	(multiply-duration 0.25 (transpose-diatonic #2 n1))	(multiply-duration 0.25 (transpose-diatonic #1 n1))	(multiply-duration 0.25 (transpose-diatonic -1 n1))	(multiply-duration 0.25 (transpose-diatonic #1 n1))
TR	rel-pitch-5	1	true	n1	(and (duration>= (duration n1) 2) (not (rest? n1)) (= (note-category n1) C) (= (relative-pitch n1) 5))	(multiply-duration 0.25 (make-rest n1))	(multiply-duration 0.25 (transpose-diatonic b3 n1))	(multiply-duration 0.5 (transpose-diatonic 1 n1))
TR	rel-pitch-5	1	true	n1	(and (duration>= (duration n1) 2) (not (rest? n1)) (= (note-category n1) C) (= (relative-pitch n1) 5))	(multiply-duration 0.25 (make-rest n1))	(multiply-duration 0.25 (transpose-diatonic 3 n1))	(multiply-duration 0.25 (transpose-diatonic 1 n1))	(multiply-duration 0.25 (transpose-diatonic -2 n1))
TR	rel-pitch-5	1	true	n1	(and (duration>= (duration n1) 2) (not (rest? n1)) (= (note-category n1) C) (= (relative-pitch n1) 5))	(multiply-duration 0.25 (transpose-diatonic -1 n1))	(multiply-duration 0.25 (transpose-diatonic 1 n1))	(multiply-duration 0.25 (make-rest n1))	(multiply-duration 0.25 (transpose-diatonic -1 n1))
TR	rel-pitch-5	1	true	n1	(and (duration>= (duration n1) 2) (not (rest? n1)) (= (note-category n1) C) (= (relative-pitch n1) 5))	(multiply-duration 0.25 (make-rest n1))	(multiply-duration 0.75 (transpose-diatonic 1 n1))
TR	rel-pitch-5	1	true	n1	(and (duration>= (duration n1) 2) (not (rest? n1)) (= (note-category n1) C) (= (relative-pitch n1) 5))	(multiply-duration 0.25 (transpose-diatonic -1 n1))	(multiply-duration 0.25 (transpose-diatonic #1 n1))	(multiply-duration 0.25 (transpose-diatonic -1 n1))	(multiply-duration 0.25 (transpose-diatonic #-1 n1))
TR	rel-pitch-5	1	true	n1	(and (duration>= (duration n1) 2) (not (rest? n1)) (= (note-category n1) C) (= (relative-pitch n1) 5))	(multiply-duration 0.25 (transpose-diatonic -1 n1))	(multiply-duration 0.25 (transpose-diatonic 2 n1))	(multiply-duration 0.25 (transpose-diatonic 1 n1))	(multiply-duration 0.25 (transpose-diatonic -2 n1))
TR	rel-pitch-5	1	true	n1	(and (duration>= (duration n1) 2) (not (rest? n1)) (= (note-category n1) C) (= (relative-pitch n1) 5))	(multiply-duration 0.25 (transpose-diatonic 2 n1))	(multiply-duration 0.25 (transpose-diatonic -1 n1))	(multiply-duration 0.125 (transpose-diatonic 1 n1))	(multiply-duration 0.125 (transpose-diatonic 2 n1))	(multiply-duration 0.125 (transpose-diatonic 1 n1))	(multiply-duration 0.125 (transpose-diatonic -2 n1))
TR	rel-pitch-5	1	true	n1	(and (duration>= (duration n1) 2) (not (rest? n1)) (= (note-category n1) C) (= (relative-pitch n1) 5))	(multiply-duration 0.25 (transpose-diatonic 1 n1))	(multiply-duration 0.25 (transpose-diatonic b3 n1))	(multiply-duration 0.25 (transpose-diatonic 1 n1))	(multiply-duration 0.25 (transpose-diatonic b2 n1))
TR	rel-pitch-5	1	true	n1	(and (duration>= (duration n1) 2) (not (rest? n1)) (= (note-category n1) C) (= (relative-pitch n1) 5))	(multiply-duration 0.25 (transpose-diatonic -2 n1))	(multiply-duration 0.25 (transpose-diatonic -1 n1))	(multiply-duration 0.25 (transpose-diatonic 1 n1))	(multiply-duration 0.25 (transpose-diatonic #2 n1))
TR	rel-pitch-5	1	true	n1	(and (duration>= (duration n1) 2) (not (rest? n1)) (= (note-category n1) C) (= (relative-pitch n1) 5))	(multiply-duration 0.25 (transpose-diatonic 4 n1))	(multiply-duration 0.25 (transpose-diatonic 2 n1))	(multiply-duration 0.25 (transpose-diatonic -1 n1))	(multiply-duration 0.25 (transpose-diatonic -3 n1))
TR	rel-pitch-5	1	true	n1	(and (duration>= (duration n1) 2) (not (rest? n1)) (= (note-category n1) C) (= (relative-pitch n1) 5))	(multiply-duration 0.25 (transpose-diatonic #-1 n1))	(multiply-duration 0.25 (transpose-diatonic b-2 n1))	(multiply-duration 0.25 (transpose-diatonic #3 n1))	(multiply-duration 0.25 (transpose-diatonic 2 n1))
TR	rel-pitch-5	1	true	n1	(and (duration>= (duration n1) 2) (not (rest? n1)) (= (note-category n1) C) (= (relative-pitch n1) 5))	(multiply-duration 0.25 (transpose-diatonic 4 n1))	(multiply-duration 0.25 (transpose-diatonic 1 n1))	(multiply-duration 0.5 (transpose-diatonic -2 n1))
TR	rel-pitch-5	6	true	n1	(and (duration>= (duration n1) 2) (not (rest? n1)) (= (note-category n1) C) (= (relative-pitch n1) 5))	(multiply-duration 0.25 (transpose-diatonic -2 n1))	(multiply-duration 0.25 (transpose-diatonic -1 n1))	(multiply-duration 0.25 (transpose-diatonic 1 n1))	(multiply-duration 0.25 (transpose-diatonic b3 n1))
TR	rel-pitch-5	2	true	n1	(and (duration>= (duration n1) 2) (not (rest? n1)) (= (note-category n1) C) (= (relative-pitch n1) 5))	(multiply-duration 0.25 (transpose-diatonic 2 n1))	(multiply-duration 0.25 (transpose-diatonic b1 n1))	(multiply-duration 0.25 (transpose-diatonic 1 n1))	(multiply-duration 0.25 (transpose-diatonic 2 n1))
TR	rel-pitch-5	1	true	n1	(and (duration>= (duration n1) 2) (not (rest? n1)) (= (note-category n1) C) (= (relative-pitch n1) 5))	(multiply-duration 0.25 (make-rest n1))	(multiply-duration 0.25 (transpose-diatonic 1 n1))	(multiply-duration 0.25 (transpose-diatonic #1 n1))	(multiply-duration 0.25 (transpose-diatonic #-1 n1))
TR	rel-pitch-5	1	true	n1	(and (duration>= (duration n1) 2) (not (rest? n1)) (= (note-category n1) C) (= (relative-pitch n1) 5))	(multiply-duration 0.25 (transpose-diatonic 1 n1))	(multiply-duration 0.25 (transpose-diatonic -2 n1))	(multiply-duration 0.25 (transpose-diatonic #1 n1))	(multiply-duration 0.25 (transpose-diatonic #-1 n1))
TR	rel-pitch-5	1	true	n1	(and (duration>= (duration n1) 2) (not (rest? n1)) (= (note-category n1) C) (= (relative-pitch n1) 5))	(multiply-duration 0.25 (transpose-diatonic -3 n1))	(multiply-duration 0.25 (transpose-diatonic -1 n1))	(multiply-duration 0.25 (transpose-diatonic -2 n1))	(multiply-duration 0.25 (transpose-diatonic b3 n1))
TR	rel-pitch-5	1	true	n1	(and (duration>= (duration n1) 2) (not (rest? n1)) (= (note-category n1) C) (= (relative-pitch n1) 5))	(multiply-duration 0.25 (transpose-diatonic b3 n1))	(multiply-duration 0.25 (transpose-diatonic b2 n1))	(multiply-duration 0.25 (transpose-diatonic 1 n1))	(multiply-duration 0.25 (transpose-diatonic b1 n1))
TR	rel-pitch-5	1	true	n1	(and (duration>= (duration n1) 2) (not (rest? n1)) (= (note-category n1) C) (= (relative-pitch n1) 5))	(multiply-duration 0.25 (transpose-diatonic -2 n1))	(multiply-duration 0.25 (transpose-diatonic 1 n1))	(multiply-duration 0.25 (transpose-diatonic 3 n1))	(multiply-duration 0.25 (transpose-diatonic 4 n1))
TR	rel-pitch-5	1	true	n1	(and (duration>= (duration n1) 2) (not (rest? n1)) (= (note-category n1) C) (= (relative-pitch n1) 5))	(multiply-duration 0.25 (transpose-diatonic -2 n1))	(multiply-duration 0.5 (transpose-diatonic 1 n1))	(multiply-duration 0.25 (transpose-diatonic #2 n1))
TR	rel-pitch-5	1	true	n1	(and (duration>= (duration n1) 2) (not (rest? n1)) (= (note-category n1) C) (= (relative-pitch n1) 5))	(multiply-duration 0.25 (transpose-diatonic b2 n1))	(multiply-duration 0.25 (transpose-diatonic -1 n1))	(multiply-duration 0.25 (transpose-diatonic b1 n1))	(multiply-duration 0.25 (transpose-diatonic b2 n1))
TR	rel-pitch-5	2	true	n1	(and (duration>= (duration n1) 2) (not (rest? n1)) (= (note-category n1) C) (= (relative-pitch n1) 5))	(multiply-duration 0.5 (transpose-diatonic 1 n1))	(multiply-duration 0.5 (make-rest n1))
TR	rel-pitch-5	1	true	n1	(and (duration>= (duration n1) 2) (not (rest? n1)) (= (note-category n1) C) (= (relative-pitch n1) 5))	(multiply-duration 0.25 (transpose-diatonic 3 n1))	(multiply-duration 0.25 (transpose-diatonic #1 n1))	(multiply-duration 0.25 (transpose-diatonic -2 n1))	(multiply-duration 0.25 (transpose-diatonic -4 n1))
TR	rel-pitch-5	1	true	n1	(and (duration>= (duration n1) 2) (not (rest? n1)) (= (note-category n1) C) (= (relative-pitch n1) 5))	(multiply-duration 0.25 (transpose-diatonic 4 n1))	(multiply-duration 0.25 (transpose-diatonic b3 n1))	(multiply-duration 0.25 (transpose-diatonic -1 n1))	(multiply-duration 0.25 (transpose-diatonic -3 n1))
TR	rel-pitch-5	1	true	n1	(and (duration>= (duration n1) 2) (not (rest? n1)) (= (note-category n1) C) (= (relative-pitch n1) 5))	(multiply-duration 0.25 (transpose-diatonic #1 n1))	(multiply-duration 0.25 (transpose-diatonic 1 n1))	(multiply-duration 0.25 (transpose-diatonic 2 n1))	(multiply-duration 0.25 (transpose-diatonic #-1 n1))
TR	rel-pitch-5	1	true	n1	(and (duration>= (duration n1) 2) (not (rest? n1)) (= (note-category n1) C) (= (relative-pitch n1) 5))	(multiply-duration 0.25 (transpose-diatonic 2 n1))	(multiply-duration 0.25 (transpose-diatonic #-2 n1))	(multiply-duration 0.25 (transpose-diatonic 2 n1))	(multiply-duration 0.25 (transpose-diatonic #3 n1))
TR	rel-pitch-5	1	true	n1	(and (duration>= (duration n1) 2) (not (rest? n1)) (= (note-category n1) C) (= (relative-pitch n1) 5))	(multiply-duration 0.5 (transpose-diatonic 1 n1))	(multiply-duration 0.25 (transpose-diatonic -1 n1))	(multiply-duration 0.25 (transpose-diatonic -2 n1))
TR	rel-pitch-5	2	true	n1	(and (duration>= (duration n1) 2) (not (rest? n1)) (= (note-category n1) C) (= (relative-pitch n1) 5))	(multiply-duration 1.0 (transpose-diatonic 1 n1))
TR	rel-pitch-5	1	true	n1	(and (duration>= (duration n1) 2) (not (rest? n1)) (= (note-category n1) C) (= (relative-pitch n1) 5))	(multiply-duration 0.25 (transpose-diatonic b5 n1))	(multiply-duration 0.25 (transpose-diatonic #1 n1))	(multiply-duration 0.5 (transpose-diatonic -2 n1))
TR	rel-pitch-5	1	true	n1	(and (duration>= (duration n1) 2) (not (rest? n1)) (= (note-category n1) C) (= (relative-pitch n1) 5))	(multiply-duration 0.25 (transpose-diatonic 3 n1))	(multiply-duration 0.25 (transpose-diatonic 1 n1))	(multiply-duration 0.5 (make-rest n1))
TR	rel-pitch-5	1	true	n1	(and (duration>= (duration n1) 2) (not (rest? n1)) (= (note-category n1) C) (= (relative-pitch n1) 5))	(multiply-duration 0.5 (transpose-diatonic -2 n1))	(multiply-duration 0.25 (transpose-diatonic 3 n1))	(multiply-duration 0.25 (transpose-diatonic 1 n1))
TR	rel-pitch-5	1	true	n1	(and (duration>= (duration n1) 2) (not (rest? n1)) (= (note-category n1) C) (= (relative-pitch n1) 5))	(multiply-duration 0.5 (transpose-diatonic -3 n1))	(multiply-duration 0.25 (transpose-diatonic 4 n1))	(multiply-duration 0.25 (transpose-diatonic 2 n1))
TR	rel-pitch-5	1	true	n1	(and (duration>= (duration n1) 2) (not (rest? n1)) (= (note-category n1) C) (= (relative-pitch n1) 5))	(multiply-duration 0.25 (transpose-diatonic -4 n1))	(multiply-duration 0.25 (transpose-diatonic 1 n1))	(multiply-duration 0.25 (transpose-diatonic 5 n1))	(multiply-duration 0.25 (transpose-diatonic 3 n1))
TR	rel-pitch-5	1	true	n1	(and (duration>= (duration n1) 2) (not (rest? n1)) (= (note-category n1) C) (= (relative-pitch n1) 5))	(multiply-duration 0.25 (transpose-diatonic 1 n1))	(multiply-duration 0.25 (transpose-diatonic b1 n1))	(multiply-duration 0.25 (transpose-diatonic -1 n1))	(multiply-duration 0.25 (transpose-diatonic #-2 n1))
TR	rel-pitch-5	1	true	n1	(and (duration>= (duration n1) 2) (not (rest? n1)) (= (note-category n1) C) (= (relative-pitch n1) 5))	(multiply-duration 0.25 (transpose-diatonic #-1 n1))	(multiply-duration 0.25 (transpose-diatonic 3 n1))	(multiply-duration 0.25 (transpose-diatonic #1 n1))	(multiply-duration 0.25 (transpose-diatonic -2 n1))
TR	rel-pitch-5	1	true	n1	(and (duration>= (duration n1) 2) (not (rest? n1)) (= (note-category n1) C) (= (relative-pitch n1) 5))	(multiply-duration 0.25 (transpose-diatonic #2 n1))	(multiply-duration 0.25 (transpose-diatonic -1 n1))	(multiply-duration 0.25 (transpose-diatonic -3 n1))	(multiply-duration 0.25 (transpose-diatonic -1 n1))
TR	rel-pitch-5	1	true	n1	(and (duration>= (duration n1) 2) (not (rest? n1)) (= (note-category n1) C) (= (relative-pitch n1) 5))	(multiply-duration 0.5 (make-rest n1))	(multiply-duration 0.25 (transpose-diatonic 1 n1))	(multiply-duration 0.25 (transpose-diatonic 2 n1))
TR	rel-pitch-5	2	true	n1	(and (duration>= (duration n1) 2) (not (rest? n1)) (= (note-category n1) C) (= (relative-pitch n1) 5))	(multiply-duration 0.25 (transpose-diatonic -2 n1))	(multiply-duration 0.25 (transpose-diatonic -1 n1))	(multiply-duration 0.25 (transpose-diatonic 1 n1))	(multiply-duration 0.25 (transpose-diatonic 2 n1))
TR	rel-pitch-5	1	true	n1	(and (duration>= (duration n1) 2) (not (rest? n1)) (= (note-category n1) C) (= (relative-pitch n1) 5))	(multiply-duration 0.25 (transpose-diatonic b3 n1))	(multiply-duration 0.25 (transpose-diatonic b2 n1))	(multiply-duration 0.25 (transpose-diatonic 1 n1))	(multiply-duration 0.25 (transpose-diatonic -1 n1))
TR	rel-pitch-5	1	true	n1	(and (duration>= (duration n1) 2) (not (rest? n1)) (= (note-category n1) C) (= (relative-pitch n1) 5))	(multiply-duration 0.25 (transpose-diatonic 3 n1))	(multiply-duration 0.25 (transpose-diatonic 2 n1))	(multiply-duration 0.25 (transpose-diatonic #1 n1))	(multiply-duration 0.25 (transpose-diatonic #-1 n1))
TR	rel-pitch-5	2	true	n1	(and (duration>= (duration n1) 2) (not (rest? n1)) (= (note-category n1) C) (= (relative-pitch n1) 5))	(multiply-duration 0.25 (transpose-diatonic #2 n1))	(multiply-duration 0.25 (transpose-diatonic #1 n1))	(multiply-duration 0.25 (transpose-diatonic -1 n1))	(multiply-duration 0.25 (transpose-diatonic #-2 n1))
TR	rel-pitch-5	1	true	n1	(and (duration>= (duration n1) 2) (not (rest? n1)) (= (note-category n1) C) (= (relative-pitch n1) 5))	(multiply-duration 0.75 (make-rest n1))	(multiply-duration 0.25 (transpose-diatonic #1 n1))
TR	rel-pitch-5	2	true	n1	(and (duration>= (duration n1) 2) (not (rest? n1)) (= (note-category n1) C) (= (relative-pitch n1) 5))	(multiply-duration 0.25 (transpose-diatonic 3 n1))	(multiply-duration 0.25 (transpose-diatonic 1 n1))	(multiply-duration 0.25 (transpose-diatonic b3 n1))	(multiply-duration 0.25 (transpose-diatonic 1 n1))
TR	rel-pitch-5	1	true	n1	(and (duration>= (duration n1) 2) (not (rest? n1)) (= (note-category n1) C) (= (relative-pitch n1) 5))	(multiply-duration 0.25 (transpose-diatonic 3 n1))	(multiply-duration 0.25 (transpose-diatonic #1 n1))	(multiply-duration 0.25 (transpose-diatonic 1 n1))	(multiply-duration 0.25 (transpose-diatonic -1 n1))
TR	rel-pitch-5	1	true	n1	(and (duration>= (duration n1) 2) (not (rest? n1)) (= (note-category n1) C) (= (relative-pitch n1) 5))	(multiply-duration 0.16666666666666666 (transpose-diatonic 1 n1))	(multiply-duration 0.16666666666666666 (transpose-diatonic #1 n1))	(multiply-duration 0.16666666666666666 (transpose-diatonic 1 n1))	(multiply-duration 0.25 (transpose-diatonic -1 n1))	(multiply-duration 0.25 (transpose-diatonic #-2 n1))
TR	rel-pitch-5	1	true	n1	(and (duration>= (duration n1) 2) (not (rest? n1)) (= (note-category n1) C) (= (relative-pitch n1) 5))	(multiply-duration 0.25 (transpose-diatonic #1 n1))	(multiply-duration 0.25 (transpose-diatonic 4 n1))	(multiply-duration 0.25 (transpose-diatonic -2 n1))	(multiply-duration 0.25 (transpose-diatonic #2 n1))
TR	rel-pitch-5	1	true	n1	(and (duration>= (duration n1) 2) (not (rest? n1)) (= (note-category n1) C) (= (relative-pitch n1) 5))	(multiply-duration 0.25 (transpose-diatonic 1 n1))	(multiply-duration 0.25 (transpose-diatonic -2 n1))	(multiply-duration 0.25 (transpose-diatonic 2 n1))	(multiply-duration 0.25 (transpose-diatonic #-1 n1))
TR	rel-pitch-5	1	true	n1	(and (duration>= (duration n1) 2) (not (rest? n1)) (= (note-category n1) C) (= (relative-pitch n1) 5))	(multiply-duration 0.25 (transpose-diatonic #1 n1))	(multiply-duration 0.25 (transpose-diatonic #3 n1))	(multiply-duration 0.25 (transpose-diatonic #1 n1))	(multiply-duration 0.25 (transpose-diatonic -2 n1))
TR	rel-pitch-5	1	true	n1	(and (duration>= (duration n1) 2) (not (rest? n1)) (= (note-category n1) C) (= (relative-pitch n1) 5))	(multiply-duration 0.25 (transpose-diatonic #2 n1))	(multiply-duration 0.25 (transpose-diatonic 2 n1))	(multiply-duration 0.25 (transpose-diatonic #1 n1))	(multiply-duration 0.25 (transpose-diatonic 1 n1))
TR	rel-pitch-5	1	true	n1	(and (duration>= (duration n1) 2) (not (rest? n1)) (= (note-category n1) C) (= (relative-pitch n1) 5))	(multiply-duration 0.25 (transpose-diatonic -4 n1))	(multiply-duration 0.25 (transpose-diatonic -1 n1))	(multiply-duration 0.25 (transpose-diatonic #2 n1))	(multiply-duration 0.25 (transpose-diatonic 3 n1))
TR	rel-pitch-5	1	true	n1	(and (duration>= (duration n1) 2) (not (rest? n1)) (= (note-category n1) C) (= (relative-pitch n1) 5))	(multiply-duration 0.5 (transpose-diatonic -1 n1))	(multiply-duration 0.5 (make-rest n1))
TR	rel-pitch-5	1	true	n1	(and (duration>= (duration n1) 2) (not (rest? n1)) (= (note-category n1) C) (= (relative-pitch n1) 5))	(multiply-duration 0.25 (transpose-diatonic #3 n1))	(multiply-duration 0.25 (transpose-diatonic #1 n1))	(multiply-duration 0.25 (transpose-diatonic #-1 n1))	(multiply-duration 0.25 (transpose-diatonic #-1 n1))
TR	rel-pitch-5	1	true	n1	(and (duration>= (duration n1) 2) (not (rest? n1)) (= (note-category n1) C) (= (relative-pitch n1) 5))	(multiply-duration 0.25 (transpose-diatonic -1 n1))	(multiply-duration 0.25 (transpose-diatonic #-1 n1))	(multiply-duration 0.25 (transpose-diatonic #1 n1))	(multiply-duration 0.25 (transpose-diatonic 2 n1))
TR	rel-pitch-5	2	true	n1	(and (duration>= (duration n1) 2) (not (rest? n1)) (= (note-category n1) C) (= (relative-pitch n1) 5))	(multiply-duration 0.25 (transpose-diatonic 3 n1))	(multiply-duration 0.25 (transpose-diatonic 1 n1))	(multiply-duration 0.25 (transpose-diatonic -2 n1))	(multiply-duration 0.25 (transpose-diatonic -4 n1))
TR	rel-pitch-5	1	true	n1	(and (duration>= (duration n1) 2) (not (rest? n1)) (= (note-category n1) C) (= (relative-pitch n1) 5))	(multiply-duration 0.25 (transpose-diatonic -2 n1))	(multiply-duration 0.25 (transpose-diatonic 1 n1))	(multiply-duration 0.25 (transpose-diatonic b3 n1))	(multiply-duration 0.25 (transpose-diatonic 5 n1))
TR	rel-pitch-5	1	true	n1	(and (duration>= (duration n1) 2) (not (rest? n1)) (= (note-category n1) C) (= (relative-pitch n1) 5))	(multiply-duration 0.25 (transpose-diatonic -2 n1))	(multiply-duration 0.25 (transpose-diatonic #-1 n1))	(multiply-duration 0.25 (transpose-diatonic #1 n1))	(multiply-duration 0.25 (transpose-diatonic #3 n1))
TR	rel-pitch-5	2	true	n1	(and (duration>= (duration n1) 2) (not (rest? n1)) (= (note-category n1) C) (= (relative-pitch n1) 5))	(multiply-duration 0.25 (transpose-diatonic 2 n1))	(multiply-duration 0.25 (transpose-diatonic #1 n1))	(multiply-duration 0.25 (transpose-diatonic 1 n1))	(multiply-duration 0.25 (transpose-diatonic 2 n1))
TR	rel-pitch-5	1	true	n1	(and (duration>= (duration n1) 2) (not (rest? n1)) (= (note-category n1) C) (= (relative-pitch n1) 5))	(multiply-duration 0.25 (transpose-diatonic 4 n1))	(multiply-duration 0.25 (transpose-diatonic b3 n1))	(multiply-duration 0.25 (transpose-diatonic b1 n1))	(multiply-duration 0.25 (transpose-diatonic -3 n1))
TR	rel-pitch-5	1	true	n1	(and (duration>= (duration n1) 2) (not (rest? n1)) (= (note-category n1) C) (= (relative-pitch n1) 5))	(multiply-duration 0.25 (transpose-diatonic #2 n1))	(multiply-duration 0.25 (transpose-diatonic -3 n1))	(multiply-duration 0.5 (make-rest n1))
TR	rel-pitch-5	1	true	n1	(and (duration>= (duration n1) 2) (not (rest? n1)) (= (note-category n1) C) (= (relative-pitch n1) 5))	(multiply-duration 0.25 (transpose-diatonic #1 n1))	(multiply-duration 0.25 (transpose-diatonic #-1 n1))	(multiply-duration 0.25 (transpose-diatonic 1 n1))	(multiply-duration 0.25 (transpose-diatonic 2 n1))
TR	rel-pitch-5	1	true	n1	(and (duration>= (duration n1) 2) (not (rest? n1)) (= (note-category n1) C) (= (relative-pitch n1) 5))	(multiply-duration 0.5 (transpose-diatonic -2 n1))	(multiply-duration 0.25 (transpose-diatonic 1 n1))	(multiply-duration 0.25 (transpose-diatonic 5 n1))
TR	rel-pitch-5	1	true	n1	(and (duration>= (duration n1) 2) (not (rest? n1)) (= (note-category n1) C) (= (relative-pitch n1) 5))	(multiply-duration 0.25 (transpose-diatonic -1 n1))	(multiply-duration 0.25 (transpose-diatonic 2 n1))	(multiply-duration 0.25 (transpose-diatonic 1 n1))	(multiply-duration 0.25 (transpose-diatonic -1 n1))
TR	rel-pitch-5	1	true	n1	(and (duration>= (duration n1) 2) (not (rest? n1)) (= (note-category n1) C) (= (relative-pitch n1) 5))	(multiply-duration 0.25 (transpose-diatonic 3 n1))	(multiply-duration 0.25 (transpose-diatonic 1 n1))	(multiply-duration 0.25 (transpose-diatonic 2 n1))	(multiply-duration 0.25 (transpose-diatonic -1 n1))
TR	rel-pitch-5	1	true	n1	(and (duration>= (duration n1) 2) (not (rest? n1)) (= (note-category n1) C) (= (relative-pitch n1) 5))	(multiply-duration 0.25 (transpose-diatonic -2 n1))	(multiply-duration 0.25 (transpose-diatonic 1 n1))	(multiply-duration 0.25 (transpose-diatonic 2 n1))	(multiply-duration 0.25 (transpose-diatonic 3 n1))
TR	rel-pitch-5	1	true	n1	(and (duration>= (duration n1) 2) (not (rest? n1)) (= (note-category n1) C) (= (relative-pitch n1) 5))	(multiply-duration 0.25 (transpose-diatonic b5 n1))	(multiply-duration 0.25 (make-rest n1))	(multiply-duration 0.25 (transpose-diatonic #1 n1))	(multiply-duration 0.25 (transpose-diatonic -2 n1))
TR	rel-pitch-5	1	true	n1	(and (duration>= (duration n1) 2) (not (rest? n1)) (= (note-category n1) C) (= (relative-pitch n1) 5))	(multiply-duration 0.25 (transpose-diatonic 3 n1))	(multiply-duration 0.25 (transpose-diatonic #1 n1))	(multiply-duration 0.25 (transpose-diatonic -1 n1))	(multiply-duration 0.25 (transpose-diatonic b-2 n1))
TR	rel-pitch-5	1	true	n1	(and (duration>= (duration n1) 2) (not (rest? n1)) (= (note-category n1) C) (= (relative-pitch n1) 5))	(multiply-duration 0.75 (transpose-diatonic #1 n1))	(multiply-duration 0.25 (make-rest n1))
TR	rel-pitch-5	1	true	n1	(and (duration>= (duration n1) 2) (not (rest? n1)) (= (note-category n1) C) (= (relative-pitch n1) 5))	(multiply-duration 0.25 (transpose-diatonic #1 n1))	(multiply-duration 0.25 (transpose-diatonic 3 n1))	(multiply-duration 0.25 (transpose-diatonic #2 n1))	(multiply-duration 0.25 (transpose-diatonic -1 n1))
TR	rel-pitch-5	2	true	n1	(and (duration>= (duration n1) 2) (not (rest? n1)) (= (note-category n1) C) (= (relative-pitch n1) 5))	(multiply-duration 0.25 (transpose-diatonic -2 n1))	(multiply-duration 0.25 (transpose-diatonic 1 n1))	(multiply-duration 0.25 (transpose-diatonic 2 n1))	(multiply-duration 0.25 (transpose-diatonic 1 n1))
TR	rel-pitch-5	1	true	n1	(and (duration>= (duration n1) 2) (not (rest? n1)) (= (note-category n1) C) (= (relative-pitch n1) 5))	(multiply-duration 0.16666666666666666 (transpose-diatonic 2 n1))	(multiply-duration 0.16666666666666666 (transpose-diatonic 3 n1))	(multiply-duration 0.16666666666666666 (transpose-diatonic 2 n1))	(multiply-duration 0.25 (transpose-diatonic 1 n1))	(multiply-duration 0.25 (transpose-diatonic -1 n1))
TR	rel-pitch-5	1	true	n1	(and (duration>= (duration n1) 2) (not (rest? n1)) (= (note-category n1) C) (= (relative-pitch n1) 5))	(multiply-duration 0.25 (transpose-diatonic 3 n1))	(multiply-duration 0.25 (transpose-diatonic 1 n1))	(multiply-duration 0.25 (transpose-diatonic 2 n1))	(multiply-duration 0.25 (transpose-diatonic #-1 n1))
TR	rel-pitch-5	1	true	n1	(and (duration>= (duration n1) 2) (not (rest? n1)) (= (note-category n1) C) (= (relative-pitch n1) 5))	(multiply-duration 0.25 (transpose-diatonic b3 n1))	(multiply-duration 0.25 (transpose-diatonic #1 n1))	(multiply-duration 0.25 (transpose-diatonic 1 n1))	(multiply-duration 0.25 (transpose-diatonic -1 n1))
TR	rel-pitch-5	1	true	n1	(and (duration>= (duration n1) 2) (not (rest? n1)) (= (note-category n1) C) (= (relative-pitch n1) 5))	(multiply-duration 0.25 (transpose-diatonic 3 n1))	(multiply-duration 0.25 (transpose-diatonic 2 n1))	(multiply-duration 0.25 (transpose-diatonic #1 n1))	(multiply-duration 0.25 (transpose-diatonic -2 n1))
TR	rel-pitch-5	1	true	n1	(and (duration>= (duration n1) 2) (not (rest? n1)) (= (note-category n1) C) (= (relative-pitch n1) 5))	(multiply-duration 0.25 (transpose-diatonic -4 n1))	(multiply-duration 0.25 (transpose-diatonic -2 n1))	(multiply-duration 0.25 (transpose-diatonic #1 n1))	(multiply-duration 0.25 (transpose-diatonic 3 n1))
TR	rel-pitch-5	1	true	n1	(and (duration>= (duration n1) 2) (not (rest? n1)) (= (note-category n1) C) (= (relative-pitch n1) 5))	(multiply-duration 0.25 (transpose-diatonic 2 n1))	(multiply-duration 0.25 (transpose-diatonic 1 n1))	(multiply-duration 0.25 (transpose-diatonic 2 n1))	(multiply-duration 0.25 (transpose-diatonic 1 n1))
TR	rel-pitch-5	1	true	n1	(and (duration>= (duration n1) 2) (not (rest? n1)) (= (note-category n1) C) (= (relative-pitch n1) 5))	(multiply-duration 0.25 (transpose-diatonic -1 n1))	(multiply-duration 0.25 (transpose-diatonic 1 n1))	(multiply-duration 0.25 (transpose-diatonic 2 n1))	(multiply-duration 0.25 (transpose-diatonic 3 n1))
TR	rel-pitch-5	1	true	n1	(and (duration>= (duration n1) 2) (not (rest? n1)) (= (note-category n1) C) (= (relative-pitch n1) 5))	(multiply-duration 0.25 (transpose-diatonic 6 n1))	(multiply-duration 0.25 (transpose-diatonic -1 n1))	(multiply-duration 0.25 (transpose-diatonic 1 n1))	(multiply-duration 0.25 (transpose-diatonic -1 n1))
TR	rel-pitch-5	1	true	n1	(and (duration>= (duration n1) 2) (not (rest? n1)) (= (note-category n1) C) (= (relative-pitch n1) 5))	(multiply-duration 0.25 (transpose-diatonic 2 n1))	(multiply-duration 0.25 (transpose-diatonic 1 n1))	(multiply-duration 0.25 (transpose-diatonic -1 n1))	(multiply-duration 0.25 (transpose-diatonic #-2 n1))
TR	rel-pitch-5	1	true	n1	(and (duration>= (duration n1) 2) (not (rest? n1)) (= (note-category n1) C) (= (relative-pitch n1) 5))	(multiply-duration 0.25 (transpose-diatonic -1 n1))	(multiply-duration 0.25 (transpose-diatonic #-2 n1))	(multiply-duration 0.16666666666666666 (transpose-diatonic -2 n1))	(multiply-duration 0.16666666666666666 (transpose-diatonic 1 n1))	(multiply-duration 0.16666666666666666 (transpose-diatonic b3 n1))
TR	rel-pitch-5	1	true	n1	(and (duration>= (duration n1) 2) (not (rest? n1)) (= (note-category n1) C) (= (relative-pitch n1) 5))	(multiply-duration 0.25 (transpose-diatonic b2 n1))	(multiply-duration 0.25 (transpose-diatonic b1 n1))	(multiply-duration 0.25 (transpose-diatonic 1 n1))	(multiply-duration 0.25 (transpose-diatonic b1 n1))
SUB	half-first-rel-pitch-rest	motif	1	true
TR	rel-pitch-rest-to-#4	1	true	n1 n2	(and (duration>= (duration n1) 2) (rest? n1) (duration>= (duration n2) 2) (not (rest? n2)) (= (note-category n2) C) (= (relative-pitch n2) #4))	n1	(multiply-duration 0.25 (transpose-diatonic b-3 n2))	(multiply-duration 0.25 (transpose-diatonic b-1 n2))	(multiply-duration 0.25 (transpose-diatonic b2 n2))	(multiply-duration 0.25 (transpose-diatonic b4 n2))
TR	rel-pitch-rest-to-3	1	true	n1 n2	(and (duration>= (duration n1) 2) (rest? n1) (duration>= (duration n2) 2) (not (rest? n2)) (= (note-category n2) C) (= (relative-pitch n2) 3))	n1	(multiply-duration 0.25 (make-rest n2))	(multiply-duration 0.25 (transpose-diatonic b1 n2))	(multiply-duration 0.25 (make-rest n2))	(multiply-duration 0.25 (transpose-diatonic b1 n2))
TR	rel-pitch-rest-to-5	2	true	n1 n2	(and (duration>= (duration n1) 2) (rest? n1) (duration>= (duration n2) 2) (not (rest? n2)) (= (note-category n2) C) (= (relative-pitch n2) 5))	n1	(multiply-duration 0.25 (transpose-diatonic -4 n2))	(multiply-duration 0.25 (transpose-diatonic -2 n2))	(multiply-duration 0.25 (transpose-diatonic 1 n2))	(multiply-duration 0.25 (transpose-diatonic b3 n2))
TR	rel-pitch-rest-to-b2	1	true	n1 n2	(and (duration>= (duration n1) 2) (rest? n1) (duration>= (duration n2) 2) (not (rest? n2)) (= (note-category n2) C) (= (relative-pitch n2) b2))	n1	(multiply-duration 0.25 (transpose-diatonic #1 n2))	(multiply-duration 0.25 (transpose-diatonic ##-2 n2))	(multiply-duration 0.25 (transpose-diatonic #-1 n2))	(multiply-duration 0.25 (transpose-diatonic 2 n2))
TR	rel-pitch-rest-to-3	1	true	n1 n2	(and (duration>= (duration n1) 2) (rest? n1) (duration>= (duration n2) 2) (not (rest? n2)) (= (note-category n2) C) (= (relative-pitch n2) 3))	n1	(multiply-duration 0.25 (make-rest n2))	(multiply-duration 0.25 (transpose-diatonic b1 n2))	(multiply-duration 0.25 (transpose-diatonic 1 n2))	(multiply-duration 0.25 (transpose-diatonic 3 n2))
TR	rel-pitch-rest-to-5	1	true	n1 n2	(and (duration>= (duration n1) 2) (rest? n1) (duration>= (duration n2) 2) (not (rest? n2)) (= (note-category n2) C) (= (relative-pitch n2) 5))	n1	(multiply-duration 0.25 (make-rest n2))	(multiply-duration 0.25 (transpose-diatonic 1 n2))	(multiply-duration 0.25 (transpose-diatonic #1 n2))	(multiply-duration 0.25 (transpose-diatonic #-1 n2))
TR	rel-pitch-rest-to-3	1	true	n1 n2	(and (duration>= (duration n1) 2) (rest? n1) (duration>= (duration n2) 2) (not (rest? n2)) (= (note-category n2) C) (= (relative-pitch n2) 3))	n1	(multiply-duration 0.25 (make-rest n2))	(multiply-duration 0.25 (transpose-diatonic 1 n2))	(multiply-duration 0.25 (transpose-diatonic 3 n2))	(multiply-duration 0.25 (transpose-diatonic #1 n2))
TR	rel-pitch-rest-to-6	1	true	n1 n2	(and (duration>= (duration n1) 2) (rest? n1) (duration>= (duration n2) 2) (not (rest? n2)) (= (note-category n2) C) (= (relative-pitch n2) 6))	n1	(multiply-duration 0.25 (make-rest n2))	(multiply-duration 0.25 (transpose-diatonic -1 n2))	(multiply-duration 0.25 (transpose-diatonic #-1 n2))	(multiply-duration 0.25 (transpose-diatonic 1 n2))
TR	rel-pitch-rest-to-7	1	true	n1 n2	(and (duration>= (duration n1) 2) (rest? n1) (duration>= (duration n2) 2) (not (rest? n2)) (= (note-category n2) C) (= (relative-pitch n2) 7))	n1	(multiply-duration 0.25 (make-rest n2))	(multiply-duration 0.25 (transpose-diatonic b1 n2))	(multiply-duration 0.25 (make-rest n2))	(multiply-duration 0.25 (transpose-diatonic b1 n2))
TR	rel-pitch-rest-to-7	1	true	n1 n2	(and (duration>= (duration n1) 2) (rest? n1) (duration>= (duration n2) 2) (not (rest? n2)) (= (note-category n2) C) (= (relative-pitch n2) 7))	n1	(multiply-duration 0.5 (transpose-diatonic -1 n2))	(multiply-duration 0.25 (transpose-diatonic -1 n2))	(multiply-duration 0.125 (transpose-diatonic 1 n2))	(multiply-duration 0.125 (transpose-diatonic -1 n2))
TR	rel-pitch-rest-to-1	1	true	n1 n2	(and (duration>= (duration n1) 2) (rest? n1) (duration>= (duration n2) 2) (not (rest? n2)) (= (note-category n2) C) (= (relative-pitch n2) 1))	n1	(multiply-duration 0.5 (make-rest n2))	(multiply-duration 0.25 (make-rest n2))	(multiply-duration 0.25 (transpose-diatonic 1 n2))
TR	rel-pitch-rest-to-3	1	true	n1 n2	(and (duration>= (duration n1) 2) (rest? n1) (duration>= (duration n2) 2) (not (rest? n2)) (= (note-category n2) C) (= (relative-pitch n2) 3))	n1	(multiply-duration 0.5 (make-rest n2))	(multiply-duration 0.25 (transpose-diatonic -1 n2))	(multiply-duration 0.25 (transpose-diatonic #2 n2))
TR	rel-pitch-rest-to-7	1	true	n1 n2	(and (duration>= (duration n1) 2) (rest? n1) (duration>= (duration n2) 2) (not (rest? n2)) (= (note-category n2) C) (= (relative-pitch n2) 7))	n1	(multiply-duration 0.25 (transpose-diatonic #-2 n2))	(multiply-duration 0.25 (transpose-diatonic #3 n2))	(multiply-duration 0.25 (transpose-diatonic #1 n2))	(multiply-duration 0.25 (transpose-diatonic #-2 n2))
TR	rel-pitch-rest-to-5	1	true	n1 n2	(and (duration>= (duration n1) 2) (rest? n1) (duration>= (duration n2) 2) (not (rest? n2)) (= (note-category n2) C) (= (relative-pitch n2) 5))	n1	(multiply-duration 0.25 (transpose-diatonic -1 n2))	(multiply-duration 0.25 (transpose-diatonic 2 n2))	(multiply-duration 0.25 (transpose-diatonic 1 n2))	(multiply-duration 0.25 (transpose-diatonic -1 n2))
TR	rel-pitch-rest-to-7	1	true	n1 n2	(and (duration>= (duration n1) 2) (rest? n1) (duration>= (duration n2) 2) (not (rest? n2)) (= (note-category n2) C) (= (relative-pitch n2) 7))	n1	(multiply-duration 0.5 (transpose-diatonic -2 n2))	(multiply-duration 0.25 (transpose-diatonic 1 n2))	(multiply-duration 0.25 (transpose-diatonic 2 n2))
TR	rel-pitch-rest-to-3	1	true	n1 n2	(and (duration>= (duration n1) 2) (rest? n1) (duration>= (duration n2) 2) (not (rest? n2)) (= (note-category n2) C) (= (relative-pitch n2) 3))	n1	(multiply-duration 0.25 (transpose-diatonic 2 n2))	(multiply-duration 0.25 (transpose-diatonic #1 n2))	(multiply-duration 0.25 (transpose-diatonic 1 n2))	(multiply-duration 0.25 (transpose-diatonic 2 n2))
TR	rel-pitch-rest-to-3	1	true	n1 n2	(and (duration>= (duration n1) 2) (rest? n1) (duration>= (duration n2) 2) (not (rest? n2)) (= (note-category n2) C) (= (relative-pitch n2) 3))	n1	(multiply-duration 0.25 (make-rest n2))	(multiply-duration 0.25 (transpose-diatonic -1 n2))	(multiply-duration 0.25 (transpose-diatonic 2 n2))	(multiply-duration 0.25 (transpose-diatonic #1 n2))
TR	rel-pitch-rest	33	true	n1	(and (duration>= (duration n1) 2) (rest? n1))	n1
SUB	half-first-rel-pitch-6	motif	1	true
TR	rel-pitch-6-to-3	1	true	n1 n2	(and (duration>= (duration n1) 2) (not (rest? n1)) (= (note-category n1) C) (= (relative-pitch n1) 6) (duration>= (duration n2) 2) (not (rest? n2)) (= (note-category n2) C) (= (relative-pitch n2) 3) (pitch>= n1 n2))	(multiply-duration 0.25 (make-rest n1))	(multiply-duration 0.25 (transpose-diatonic 3 n1))	(multiply-duration 0.25 (transpose-diatonic 1 n1))	(multiply-duration 0.25 (transpose-diatonic -2 n1))	(multiply-duration 0.5 (transpose-diatonic -1 n2))	(multiply-duration 0.25 (transpose-diatonic b1 n2))	(multiply-duration 0.25 (transpose-diatonic 1 n2))
TR	rel-pitch-6-to-1	1	true	n1 n2	(and (duration>= (duration n1) 2) (not (rest? n1)) (= (note-category n1) C) (= (relative-pitch n1) 6) (duration>= (duration n2) 2) (not (rest? n2)) (= (note-category n2) C) (= (relative-pitch n2) 1) (pitch< n1 n2))	(multiply-duration 0.25 (transpose-diatonic b5 n1))	(multiply-duration 0.25 (transpose-diatonic #2 n1))	(multiply-duration 0.25 (transpose-diatonic #-1 n1))	(multiply-duration 0.25 (transpose-diatonic -2 n1))	(multiply-duration 0.25 (transpose-diatonic b2 n2))	(multiply-duration 0.25 (transpose-diatonic #-1 n2))	(multiply-duration 0.25 (transpose-diatonic 1 n2))	(multiply-duration 0.25 (transpose-diatonic -1 n2))
TR	rel-pitch-6-to-3	1	true	n1 n2	(and (duration>= (duration n1) 2) (not (rest? n1)) (= (note-category n1) C) (= (relative-pitch n1) 6) (duration>= (duration n2) 2) (not (rest? n2)) (= (note-category n2) C) (= (relative-pitch n2) 3) (pitch< n1 n2))	(multiply-duration 0.25 (transpose-diatonic -3 n1))	(multiply-duration 0.25 (transpose-diatonic 3 n1))	(multiply-duration 0.5 (make-rest n1))	(multiply-duration 0.75 (make-rest n2))	(multiply-duration 0.25 (transpose-diatonic b1 n2))
TR	rel-pitch-6-to-b2	1	true	n1 n2	(and (duration>= (duration n1) 2) (not (rest? n1)) (= (note-category n1) C) (= (relative-pitch n1) 6) (duration>= (duration n2) 2) (not (rest? n2)) (= (note-category n2) C) (= (relative-pitch n2) b2) (pitch< n1 n2))	(multiply-duration 0.25 (transpose-diatonic -2 n1))	(multiply-duration 0.25 (transpose-diatonic -1 n1))	(multiply-duration 0.25 (transpose-diatonic 1 n1))	(multiply-duration 0.25 (transpose-diatonic #2 n1))	(multiply-duration 0.25 (transpose-diatonic #-1 n2))	(multiply-duration 0.25 (transpose-diatonic 1 n2))	(multiply-duration 0.25 (transpose-diatonic #1 n2))	(multiply-duration 0.25 (transpose-diatonic 2 n2))
TR	rel-pitch-6-to-3	1	true	n1 n2	(and (duration>= (duration n1) 2) (not (rest? n1)) (= (note-category n1) C) (= (relative-pitch n1) 6) (duration>= (duration n2) 2) (not (rest? n2)) (= (note-category n2) C) (= (relative-pitch n2) 3) (pitch< n1 n2))	(multiply-duration 0.25 (make-rest n1))	(multiply-duration 0.25 (transpose-diatonic -2 n1))	(multiply-duration 0.16666666666666666 (transpose-diatonic -1 n1))	(multiply-duration 0.16666666666666666 (transpose-diatonic 1 n1))	(multiply-duration 0.16666666666666666 (transpose-diatonic 3 n1))	(multiply-duration 0.25 (transpose-diatonic 3 n2))	(multiply-duration 0.25 (transpose-diatonic b-1 n2))	(multiply-duration 0.25 (transpose-diatonic -1 n2))	(multiply-duration 0.25 (transpose-diatonic 1 n2))
TR	rel-pitch-6-to-#4	1	true	n1 n2	(and (duration>= (duration n1) 2) (not (rest? n1)) (= (note-category n1) C) (= (relative-pitch n1) 6) (duration>= (duration n2) 2) (not (rest? n2)) (= (note-category n2) C) (= (relative-pitch n2) #4) (pitch< n1 n2))	(multiply-duration 0.25 (make-rest n1))	(multiply-duration 0.25 (transpose-diatonic -3 n1))	(multiply-duration 0.25 (transpose-diatonic #-1 n1))	(multiply-duration 0.25 (transpose-diatonic 3 n1))	(multiply-duration 0.16666666666666666 (transpose-diatonic b-1 n2))	(multiply-duration 0.16666666666666666 (transpose-diatonic b1 n2))	(multiply-duration 0.16666666666666666 (transpose-diatonic 1 n2))	(multiply-duration 0.16666666666666666 (transpose-diatonic b2 n2))	(multiply-duration 0.16666666666666666 (transpose-diatonic 1 n2))	(multiply-duration 0.16666666666666666 (transpose-diatonic b1 n2))
TR	rel-pitch-6-to-6	1	true	n1 n2	(and (duration>= (duration n1) 2) (not (rest? n1)) (= (note-category n1) C) (= (relative-pitch n1) 6) (duration>= (duration n2) 2) (not (rest? n2)) (= (note-category n2) C) (= (relative-pitch n2) 6) (pitch>= n1 n2))	(multiply-duration 0.25 (transpose-diatonic 4 n1))	(multiply-duration 0.25 (transpose-diatonic #2 n1))	(multiply-duration 0.25 (transpose-diatonic -1 n1))	(multiply-duration 0.25 (transpose-diatonic #-2 n1))	(multiply-duration 0.25 (transpose-diatonic -2 n2))	(multiply-duration 0.25 (transpose-diatonic -1 n2))	(multiply-duration 0.25 (transpose-diatonic 1 n2))	(multiply-duration 0.25 (transpose-diatonic 3 n2))
TR	rel-pitch-6-to-rest	1	true	n1 n2	(and (duration>= (duration n1) 2) (not (rest? n1)) (= (note-category n1) C) (= (relative-pitch n1) 6) (duration>= (duration n2) 2) (rest? n2))	(multiply-duration 0.5 (transpose-diatonic 1 n1))	(multiply-duration 0.25 (transpose-diatonic 3 n1))	(multiply-duration 0.25 (transpose-diatonic #-1 n1))	n2
TR	rel-pitch-6	1	true	n1	(and (duration>= (duration n1) 2) (not (rest? n1)) (= (note-category n1) C) (= (relative-pitch n1) 6))	(multiply-duration 0.25 (transpose-diatonic 4 n1))	(multiply-duration 0.25 (transpose-diatonic #2 n1))	(multiply-duration 0.25 (transpose-diatonic -1 n1))	(multiply-duration 0.25 (transpose-diatonic -3 n1))
TR	rel-pitch-6	1	true	n1	(and (duration>= (duration n1) 2) (not (rest? n1)) (= (note-category n1) C) (= (relative-pitch n1) 6))	(multiply-duration 0.25 (make-rest n1))	(multiply-duration 0.25 (transpose-diatonic -1 n1))	(multiply-duration 0.25 (transpose-diatonic #-1 n1))	(multiply-duration 0.25 (transpose-diatonic 1 n1))
TR	rel-pitch-6	2	true	n1	(and (duration>= (duration n1) 2) (not (rest? n1)) (= (note-category n1) C) (= (relative-pitch n1) 6))	(multiply-duration 0.25 (make-rest n1))	(multiply-duration 0.25 (transpose-diatonic 3 n1))	(multiply-duration 0.25 (transpose-diatonic 1 n1))	(multiply-duration 0.25 (transpose-diatonic -2 n1))
TR	rel-pitch-6	1	true	n1	(and (duration>= (duration n1) 2) (not (rest? n1)) (= (note-category n1) C) (= (relative-pitch n1) 6))	(multiply-duration 0.25 (transpose-diatonic 3 n1))	(multiply-duration 0.25 (transpose-diatonic 2 n1))	(multiply-duration 0.25 (transpose-diatonic 1 n1))	(multiply-duration 0.25 (transpose-diatonic -1 n1))
TR	rel-pitch-6	1	true	n1	(and (duration>= (duration n1) 2) (not (rest? n1)) (= (note-category n1) C) (= (relative-pitch n1) 6))	(multiply-duration 0.25 (transpose-diatonic b5 n1))	(multiply-duration 0.25 (transpose-diatonic #2 n1))	(multiply-duration 0.25 (transpose-diatonic #-1 n1))	(multiply-duration 0.25 (transpose-diatonic -2 n1))
TR	rel-pitch-6	1	true	n1	(and (duration>= (duration n1) 2) (not (rest? n1)) (= (note-category n1) C) (= (relative-pitch n1) 6))	(multiply-duration 0.25 (transpose-diatonic -3 n1))	(multiply-duration 0.25 (transpose-diatonic 3 n1))	(multiply-duration 0.5 (make-rest n1))
TR	rel-pitch-6	1	true	n1	(and (duration>= (duration n1) 2) (not (rest? n1)) (= (note-category n1) C) (= (relative-pitch n1) 6))	(multiply-duration 0.25 (transpose-diatonic -2 n1))	(multiply-duration 0.25 (transpose-diatonic -1 n1))	(multiply-duration 0.25 (transpose-diatonic 1 n1))	(multiply-duration 0.25 (transpose-diatonic #2 n1))
TR	rel-pitch-6	1	true	n1	(and (duration>= (duration n1) 2) (not (rest? n1)) (= (note-category n1) C) (= (relative-pitch n1) 6))	(multiply-duration 0.25 (make-rest n1))	(multiply-duration 0.25 (transpose-diatonic -2 n1))	(multiply-duration 0.16666666666666666 (transpose-diatonic -1 n1))	(multiply-duration 0.16666666666666666 (transpose-diatonic 1 n1))	(multiply-duration 0.16666666666666666 (transpose-diatonic 3 n1))
TR	rel-pitch-6	1	true	n1	(and (duration>= (duration n1) 2) (not (rest? n1)) (= (note-category n1) C) (= (relative-pitch n1) 6))	(multiply-duration 0.25 (make-rest n1))	(multiply-duration 0.25 (transpose-diatonic -3 n1))	(multiply-duration 0.25 (transpose-diatonic #-1 n1))	(multiply-duration 0.25 (transpose-diatonic 3 n1))
TR	rel-pitch-6	1	true	n1	(and (duration>= (duration n1) 2) (not (rest? n1)) (= (note-category n1) C) (= (relative-pitch n1) 6))	(multiply-duration 0.25 (transpose-diatonic #-2 n1))	(multiply-duration 0.25 (transpose-diatonic #-1 n1))	(multiply-duration 0.25 (transpose-diatonic 1 n1))	(multiply-duration 0.25 (transpose-diatonic #2 n1))
TR	rel-pitch-6	1	true	n1	(and (duration>= (duration n1) 2) (not (rest? n1)) (= (note-category n1) C) (= (relative-pitch n1) 6))	(multiply-duration 0.25 (transpose-diatonic -2 n1))	(multiply-duration 0.25 (transpose-diatonic -1 n1))	(multiply-duration 0.25 (transpose-diatonic 1 n1))	(multiply-duration 0.25 (transpose-diatonic 3 n1))
TR	rel-pitch-6	1	true	n1	(and (duration>= (duration n1) 2) (not (rest? n1)) (= (note-category n1) C) (= (relative-pitch n1) 6))	(multiply-duration 0.25 (transpose-diatonic 4 n1))	(multiply-duration 0.25 (transpose-diatonic #2 n1))	(multiply-duration 0.25 (transpose-diatonic -1 n1))	(multiply-duration 0.25 (transpose-diatonic #-2 n1))
TR	rel-pitch-6	1	true	n1	(and (duration>= (duration n1) 2) (not (rest? n1)) (= (note-category n1) C) (= (relative-pitch n1) 6))	(multiply-duration 0.5 (transpose-diatonic 1 n1))	(multiply-duration 0.25 (transpose-diatonic 3 n1))	(multiply-duration 0.25 (transpose-diatonic #-1 n1))
SUB	half-first-rel-pitch-b2	motif	1	true
TR	rel-pitch-b2-to-5	1	true	n1 n2	(and (duration>= (duration n1) 2) (not (rest? n1)) (= (note-category n1) C) (= (relative-pitch n1) b2) (duration>= (duration n2) 2) (not (rest? n2)) (= (note-category n2) C) (= (relative-pitch n2) 5) (pitch< n1 n2))	(multiply-duration 0.5 (transpose-diatonic 1 n1))	(multiply-duration 0.25 (transpose-diatonic #-1 n1))	(multiply-duration 0.25 (transpose-diatonic 2 n1))	(multiply-duration 0.25 (transpose-diatonic 1 n2))	(multiply-duration 0.25 (transpose-diatonic 3 n2))	(multiply-duration 0.25 (transpose-diatonic 2 n2))	(multiply-duration 0.25 (transpose-diatonic -1 n2))
TR	rel-pitch-b2-to-b2	1	true	n1 n2	(and (duration>= (duration n1) 2) (not (rest? n1)) (= (note-category n1) C) (= (relative-pitch n1) b2) (duration>= (duration n2) 2) (not (rest? n2)) (= (note-category n2) C) (= (relative-pitch n2) b2) (pitch>= n1 n2))	(multiply-duration 0.25 (transpose-diatonic 2 n1))	(multiply-duration 0.25 (transpose-diatonic #1 n1))	(multiply-duration 0.25 (transpose-diatonic 1 n1))	(multiply-duration 0.25 (transpose-diatonic #-1 n1))	(multiply-duration 0.5 (transpose-diatonic #1 n2))	(multiply-duration 0.5 (make-rest n2))
TR	rel-pitch-b2-to-5	1	true	n1 n2	(and (duration>= (duration n1) 2) (not (rest? n1)) (= (note-category n1) C) (= (relative-pitch n1) b2) (duration>= (duration n2) 2) (not (rest? n2)) (= (note-category n2) C) (= (relative-pitch n2) 5) (pitch>= n1 n2))	(multiply-duration 0.25 (transpose-diatonic ##4 n1))	(multiply-duration 0.25 (transpose-diatonic #2 n1))	(multiply-duration 0.25 (transpose-diatonic 1 n1))	(multiply-duration 0.25 (transpose-diatonic #-3 n1))	(multiply-duration 0.25 (transpose-diatonic #-1 n2))	(multiply-duration 0.25 (transpose-diatonic b-2 n2))	(multiply-duration 0.25 (transpose-diatonic #3 n2))	(multiply-duration 0.25 (transpose-diatonic 2 n2))
TR	rel-pitch-b2-to-6	1	true	n1 n2	(and (duration>= (duration n1) 2) (not (rest? n1)) (= (note-category n1) C) (= (relative-pitch n1) b2) (duration>= (duration n2) 2) (not (rest? n2)) (= (note-category n2) C) (= (relative-pitch n2) 6) (pitch>= n1 n2))	(multiply-duration 0.25 (transpose-diatonic 2 n1))	(multiply-duration 0.25 (transpose-diatonic #2 n1))	(multiply-duration 0.25 (transpose-diatonic 2 n1))	(multiply-duration 0.25 (transpose-diatonic 1 n1))	(multiply-duration 0.25 (transpose-diatonic 3 n2))	(multiply-duration 0.25 (transpose-diatonic 2 n2))	(multiply-duration 0.25 (transpose-diatonic 1 n2))	(multiply-duration 0.25 (transpose-diatonic -1 n2))
TR	rel-pitch-b2-to-1	1	true	n1 n2	(and (duration>= (duration n1) 2) (not (rest? n1)) (= (note-category n1) C) (= (relative-pitch n1) b2) (duration>= (duration n2) 2) (not (rest? n2)) (= (note-category n2) C) (= (relative-pitch n2) 1) (pitch>= n1 n2))	(multiply-duration 0.25 (transpose-diatonic 1 n1))	(multiply-duration 0.25 (transpose-diatonic ##3 n1))	(multiply-duration 0.25 (transpose-diatonic 2 n1))	(multiply-duration 0.25 (transpose-diatonic ##-2 n1))	(multiply-duration 0.5 (transpose-diatonic #-3 n2))	(multiply-duration 0.25 (transpose-diatonic #-1 n2))	(multiply-duration 0.25 (transpose-diatonic 4 n2))
TR	rel-pitch-b2-to-1	1	true	n1 n2	(and (duration>= (duration n1) 2) (not (rest? n1)) (= (note-category n1) C) (= (relative-pitch n1) b2) (duration>= (duration n2) 2) (not (rest? n2)) (= (note-category n2) C) (= (relative-pitch n2) 1) (pitch>= n1 n2))	(multiply-duration 0.25 (transpose-diatonic ##-2 n1))	(multiply-duration 0.25 (transpose-diatonic #-1 n1))	(multiply-duration 0.25 (transpose-diatonic 2 n1))	(multiply-duration 0.25 (transpose-diatonic #1 n1))	(multiply-duration 0.25 (transpose-diatonic b2 n2))	(multiply-duration 0.25 (transpose-diatonic #-1 n2))	(multiply-duration 0.25 (transpose-diatonic 1 n2))	(multiply-duration 0.25 (transpose-diatonic b3 n2))
TR	rel-pitch-b2-to-1	1	true	n1 n2	(and (duration>= (duration n1) 2) (not (rest? n1)) (= (note-category n1) C) (= (relative-pitch n1) b2) (duration>= (duration n2) 2) (not (rest? n2)) (= (note-category n2) C) (= (relative-pitch n2) 1) (pitch>= n1 n2))	(multiply-duration 0.25 (transpose-diatonic 1 n1))	(multiply-duration 0.25 (transpose-diatonic 2 n1))	(multiply-duration 0.25 (transpose-diatonic #3 n1))	(multiply-duration 0.25 (transpose-diatonic 1 n1))	(multiply-duration 0.25 (transpose-diatonic b3 n2))	(multiply-duration 0.25 (transpose-diatonic #-1 n2))	(multiply-duration 0.5 (transpose-diatonic #-3 n2))
TR	rel-pitch-b2-to-6	1	true	n1 n2	(and (duration>= (duration n1) 2) (not (rest? n1)) (= (note-category n1) C) (= (relative-pitch n1) b2) (duration>= (duration n2) 2) (not (rest? n2)) (= (note-category n2) C) (= (relative-pitch n2) 6) (pitch< n1 n2))	(multiply-duration 0.25 (transpose-diatonic #-1 n1))	(multiply-duration 0.25 (transpose-diatonic #1 n1))	(multiply-duration 0.25 (transpose-diatonic 2 n1))	(multiply-duration 0.25 (transpose-diatonic #3 n1))	(multiply-duration 0.25 (transpose-diatonic #-2 n2))	(multiply-duration 0.25 (transpose-diatonic #-1 n2))	(multiply-duration 0.25 (transpose-diatonic 1 n2))	(multiply-duration 0.25 (transpose-diatonic #2 n2))
TR	rel-pitch-b2	1	true	n1	(and (duration>= (duration n1) 2) (not (rest? n1)) (= (note-category n1) C) (= (relative-pitch n1) b2))	(multiply-duration 0.5 (transpose-diatonic 1 n1))	(multiply-duration 0.25 (transpose-diatonic #-1 n1))	(multiply-duration 0.25 (transpose-diatonic 2 n1))
TR	rel-pitch-b2	1	true	n1	(and (duration>= (duration n1) 2) (not (rest? n1)) (= (note-category n1) C) (= (relative-pitch n1) b2))	(multiply-duration 0.25 (transpose-diatonic #1 n1))	(multiply-duration 0.25 (transpose-diatonic ##-2 n1))	(multiply-duration 0.25 (transpose-diatonic #-1 n1))	(multiply-duration 0.25 (transpose-diatonic 2 n1))
TR	rel-pitch-b2	1	true	n1	(and (duration>= (duration n1) 2) (not (rest? n1)) (= (note-category n1) C) (= (relative-pitch n1) b2))	(multiply-duration 0.5 (transpose-diatonic #1 n1))	(multiply-duration 0.5 (make-rest n1))
TR	rel-pitch-b2	1	true	n1	(and (duration>= (duration n1) 2) (not (rest? n1)) (= (note-category n1) C) (= (relative-pitch n1) b2))	(multiply-duration 0.25 (transpose-diatonic 2 n1))	(multiply-duration 0.25 (transpose-diatonic #1 n1))	(multiply-duration 0.25 (transpose-diatonic 1 n1))	(multiply-duration 0.25 (transpose-diatonic #-1 n1))
TR	rel-pitch-b2	1	true	n1	(and (duration>= (duration n1) 2) (not (rest? n1)) (= (note-category n1) C) (= (relative-pitch n1) b2))	(multiply-duration 0.25 (transpose-diatonic ##4 n1))	(multiply-duration 0.25 (transpose-diatonic #2 n1))	(multiply-duration 0.25 (transpose-diatonic 1 n1))	(multiply-duration 0.25 (transpose-diatonic #-3 n1))
TR	rel-pitch-b2	1	true	n1	(and (duration>= (duration n1) 2) (not (rest? n1)) (= (note-category n1) C) (= (relative-pitch n1) b2))	(multiply-duration 0.25 (transpose-diatonic 2 n1))	(multiply-duration 0.25 (transpose-diatonic #2 n1))	(multiply-duration 0.25 (transpose-diatonic 2 n1))	(multiply-duration 0.25 (transpose-diatonic 1 n1))
TR	rel-pitch-b2	1	true	n1	(and (duration>= (duration n1) 2) (not (rest? n1)) (= (note-category n1) C) (= (relative-pitch n1) b2))	(multiply-duration 0.25 (transpose-diatonic 1 n1))	(multiply-duration 0.25 (transpose-diatonic ##3 n1))	(multiply-duration 0.25 (transpose-diatonic 2 n1))	(multiply-duration 0.25 (transpose-diatonic ##-2 n1))
TR	rel-pitch-b2	1	true	n1	(and (duration>= (duration n1) 2) (not (rest? n1)) (= (note-category n1) C) (= (relative-pitch n1) b2))	(multiply-duration 0.75 (make-rest n1))	(multiply-duration 0.25 (transpose-diatonic #1 n1))
TR	rel-pitch-b2	1	true	n1	(and (duration>= (duration n1) 2) (not (rest? n1)) (= (note-category n1) C) (= (relative-pitch n1) b2))	(multiply-duration 0.25 (transpose-diatonic #3 n1))	(multiply-duration 0.25 (transpose-diatonic #2 n1))	(multiply-duration 0.25 (transpose-diatonic #1 n1))	(multiply-duration 0.25 (transpose-diatonic #-1 n1))
TR	rel-pitch-b2	1	true	n1	(and (duration>= (duration n1) 2) (not (rest? n1)) (= (note-category n1) C) (= (relative-pitch n1) b2))	(multiply-duration 0.25 (transpose-diatonic #-1 n1))	(multiply-duration 0.25 (transpose-diatonic 1 n1))	(multiply-duration 0.25 (transpose-diatonic #1 n1))	(multiply-duration 0.25 (transpose-diatonic 2 n1))
TR	rel-pitch-b2	1	true	n1	(and (duration>= (duration n1) 2) (not (rest? n1)) (= (note-category n1) C) (= (relative-pitch n1) b2))	(multiply-duration 0.25 (transpose-diatonic ##-2 n1))	(multiply-duration 0.25 (transpose-diatonic #-1 n1))	(multiply-duration 0.25 (transpose-diatonic 2 n1))	(multiply-duration 0.25 (transpose-diatonic #1 n1))
TR	rel-pitch-b2	1	true	n1	(and (duration>= (duration n1) 2) (not (rest? n1)) (= (note-category n1) C) (= (relative-pitch n1) b2))	(multiply-duration 0.25 (transpose-diatonic 1 n1))	(multiply-duration 0.25 (transpose-diatonic 2 n1))	(multiply-duration 0.25 (transpose-diatonic #3 n1))	(multiply-duration 0.25 (transpose-diatonic 1 n1))
TR	rel-pitch-b2	1	true	n1	(and (duration>= (duration n1) 2) (not (rest? n1)) (= (note-category n1) C) (= (relative-pitch n1) b2))	(multiply-duration 0.25 (transpose-diatonic #2 n1))	(multiply-duration 0.25 (transpose-diatonic 2 n1))	(multiply-duration 0.25 (transpose-diatonic #1 n1))	(multiply-duration 0.25 (transpose-diatonic 1 n1))
TR	rel-pitch-b2	1	true	n1	(and (duration>= (duration n1) 2) (not (rest? n1)) (= (note-category n1) C) (= (relative-pitch n1) b2))	(multiply-duration 0.25 (transpose-diatonic #-1 n1))	(multiply-duration 0.25 (transpose-diatonic #1 n1))	(multiply-duration 0.25 (transpose-diatonic 2 n1))	(multiply-duration 0.25 (transpose-diatonic #3 n1))
TR	rel-pitch-b2	1	true	n1	(and (duration>= (duration n1) 2) (not (rest? n1)) (= (note-category n1) C) (= (relative-pitch n1) b2))	(multiply-duration 0.25 (transpose-diatonic 2 n1))	(multiply-duration 0.25 (transpose-diatonic #1 n1))	(multiply-duration 0.25 (transpose-diatonic 1 n1))	(multiply-duration 0.25 (transpose-diatonic #-2 n1))
SUB	half-first-rel-pitch-#4	motif	1	true
TR	rel-pitch-#4-to-3	1	true	n1 n2	(and (duration>= (duration n1) 2) (not (rest? n1)) (= (note-category n1) C) (= (relative-pitch n1) #4) (duration>= (duration n2) 2) (not (rest? n2)) (= (note-category n2) C) (= (relative-pitch n2) 3) (pitch>= n1 n2))	(multiply-duration 0.25 (transpose-diatonic 2 n1))	(multiply-duration 0.25 (transpose-diatonic b1 n1))	(multiply-duration 0.25 (transpose-diatonic 1 n1))	(multiply-duration 0.125 (transpose-diatonic 2 n1))	(multiply-duration 0.125 (transpose-diatonic 1 n1))	(multiply-duration 0.25 (transpose-diatonic 2 n2))	(multiply-duration 0.25 (transpose-diatonic 1 n2))	(multiply-duration 0.25 (transpose-diatonic b1 n2))	(multiply-duration 0.25 (transpose-diatonic -1 n2))
TR	rel-pitch-#4-to-rest	1	true	n1 n2	(and (duration>= (duration n1) 2) (not (rest? n1)) (= (note-category n1) C) (= (relative-pitch n1) #4) (duration>= (duration n2) 2) (rest? n2))	(multiply-duration 0.5 (transpose-diatonic b-1 n1))	(multiply-duration 0.25 (transpose-diatonic b2 n1))	(multiply-duration 0.25 (transpose-diatonic b-1 n1))	n2
TR	rel-pitch-#4-to-1	1	true	n1 n2	(and (duration>= (duration n1) 2) (not (rest? n1)) (= (note-category n1) C) (= (relative-pitch n1) #4) (duration>= (duration n2) 2) (not (rest? n2)) (= (note-category n2) C) (= (relative-pitch n2) 1) (pitch>= n1 n2))	(multiply-duration 0.25 (transpose-diatonic b2 n1))	(multiply-duration 0.25 (transpose-diatonic 1 n1))	(multiply-duration 0.25 (transpose-diatonic b2 n1))	(multiply-duration 0.25 (transpose-diatonic 1 n1))	(multiply-duration 0.25 (transpose-diatonic 4 n2))	(multiply-duration 0.25 (transpose-diatonic b3 n2))	(multiply-duration 0.25 (transpose-diatonic 1 n2))	(multiply-duration 0.25 (transpose-diatonic -3 n2))
TR	rel-pitch-#4-to-3	1	true	n1 n2	(and (duration>= (duration n1) 2) (not (rest? n1)) (= (note-category n1) C) (= (relative-pitch n1) #4) (duration>= (duration n2) 2) (not (rest? n2)) (= (note-category n2) C) (= (relative-pitch n2) 3) (pitch>= n1 n2))	(multiply-duration 0.25 (transpose-diatonic b2 n1))	(multiply-duration 0.25 (transpose-diatonic 1 n1))	(multiply-duration 0.25 (transpose-diatonic b1 n1))	(multiply-duration 0.25 (transpose-diatonic b-1 n1))	(multiply-duration 0.5 (transpose-diatonic b1 n2))	(multiply-duration 0.5 (make-rest n2))
TR	rel-pitch-#4-to-6	1	true	n1 n2	(and (duration>= (duration n1) 2) (not (rest? n1)) (= (note-category n1) C) (= (relative-pitch n1) #4) (duration>= (duration n2) 2) (not (rest? n2)) (= (note-category n2) C) (= (relative-pitch n2) 6) (pitch>= n1 n2))	(multiply-duration 0.5 (transpose-diatonic b-1 n1))	(multiply-duration 0.25 (transpose-diatonic b2 n1))	(multiply-duration 0.25 (transpose-diatonic b-1 n1))	(multiply-duration 0.25 (make-rest n2))	(multiply-duration 0.25 (transpose-diatonic 3 n2))	(multiply-duration 0.25 (transpose-diatonic 1 n2))	(multiply-duration 0.25 (transpose-diatonic -2 n2))
TR	rel-pitch-#4-to-#4	1	true	n1 n2	(and (duration>= (duration n1) 2) (not (rest? n1)) (= (note-category n1) C) (= (relative-pitch n1) #4) (duration>= (duration n2) 2) (not (rest? n2)) (= (note-category n2) C) (= (relative-pitch n2) #4) (pitch>= n1 n2))	(multiply-duration 0.16666666666666666 (transpose-diatonic b1 n1))	(multiply-duration 0.16666666666666666 (transpose-diatonic b-2 n1))	(multiply-duration 0.16666666666666666 (transpose-diatonic b1 n1))	(multiply-duration 0.16666666666666666 (transpose-diatonic b3 n1))	(multiply-duration 0.16666666666666666 (transpose-diatonic b1 n1))	(multiply-duration 0.16666666666666666 (transpose-diatonic b3 n1))	(multiply-duration 0.25 (transpose-diatonic b5 n2))	(multiply-duration 0.25 (transpose-diatonic 2 n2))	(multiply-duration 0.25 (transpose-diatonic b-1 n2))	(multiply-duration 0.25 (transpose-diatonic b-3 n2))
TR	rel-pitch-#4-to-b2	1	true	n1 n2	(and (duration>= (duration n1) 2) (not (rest? n1)) (= (note-category n1) C) (= (relative-pitch n1) #4) (duration>= (duration n2) 2) (not (rest? n2)) (= (note-category n2) C) (= (relative-pitch n2) b2) (pitch>= n1 n2))	(multiply-duration 0.25 (transpose-diatonic bb-1 n1))	(multiply-duration 0.25 (transpose-diatonic b-1 n1))	(multiply-duration 0.25 (transpose-diatonic b2 n1))	(multiply-duration 0.25 (transpose-diatonic 1 n1))	(multiply-duration 0.25 (transpose-diatonic #3 n2))	(multiply-duration 0.25 (transpose-diatonic #2 n2))	(multiply-duration 0.25 (transpose-diatonic #1 n2))	(multiply-duration 0.25 (transpose-diatonic #-1 n2))
TR	rel-pitch-#4-to-rest	1	true	n1 n2	(and (duration>= (duration n1) 2) (not (rest? n1)) (= (note-category n1) C) (= (relative-pitch n1) #4) (duration>= (duration n2) 2) (rest? n2))	(multiply-duration 0.25 (transpose-diatonic b1 n1))	(multiply-duration 0.25 (transpose-diatonic b-2 n1))	(multiply-duration 0.25 (transpose-diatonic b-1 n1))	(multiply-duration 0.25 (transpose-diatonic b5 n1))	n2
TR	rel-pitch-#4-to-1	1	true	n1 n2	(and (duration>= (duration n1) 2) (not (rest? n1)) (= (note-category n1) C) (= (relative-pitch n1) #4) (duration>= (duration n2) 2) (not (rest? n2)) (= (note-category n2) C) (= (relative-pitch n2) 1) (pitch>= n1 n2))	(multiply-duration 0.5 (transpose-diatonic b1 n1))	(multiply-duration 0.5 (make-rest n1))	(multiply-duration 0.25 (transpose-diatonic 4 n2))	(multiply-duration 0.25 (transpose-diatonic b2 n2))	(multiply-duration 0.25 (transpose-diatonic -1 n2))	(multiply-duration 0.25 (transpose-diatonic #-4 n2))
TR	rel-pitch-#4-to-3	1	true	n1 n2	(and (duration>= (duration n1) 2) (not (rest? n1)) (= (note-category n1) C) (= (relative-pitch n1) #4) (duration>= (duration n2) 2) (not (rest? n2)) (= (note-category n2) C) (= (relative-pitch n2) 3) (pitch>= n1 n2))	(multiply-duration 0.25 (transpose-diatonic bb6 n1))	(multiply-duration 0.25 (transpose-diatonic b3 n1))	(multiply-duration 0.25 (transpose-diatonic b-1 n1))	(multiply-duration 0.25 (transpose-diatonic bb-2 n1))	(multiply-duration 0.25 (transpose-diatonic 4 n2))	(multiply-duration 0.25 (transpose-diatonic #2 n2))	(multiply-duration 0.25 (transpose-diatonic -1 n2))	(multiply-duration 0.25 (transpose-diatonic -3 n2))
TR	rel-pitch-#4-to-1	1	true	n1 n2	(and (duration>= (duration n1) 2) (not (rest? n1)) (= (note-category n1) C) (= (relative-pitch n1) #4) (duration>= (duration n2) 2) (not (rest? n2)) (= (note-category n2) C) (= (relative-pitch n2) 1) (pitch>= n1 n2))	(multiply-duration 0.25 (transpose-diatonic b4 n1))	(multiply-duration 0.25 (transpose-diatonic 1 n1))	(multiply-duration 0.25 (transpose-diatonic b2 n1))	(multiply-duration 0.25 (transpose-diatonic bb-1 n1))	(multiply-duration 0.25 (transpose-diatonic 3 n2))	(multiply-duration 0.25 (transpose-diatonic 1 n2))	(multiply-duration 0.5 (transpose-diatonic b2 n2))
TR	rel-pitch-#4-to-1	1	true	n1 n2	(and (duration>= (duration n1) 2) (not (rest? n1)) (= (note-category n1) C) (= (relative-pitch n1) #4) (duration>= (duration n2) 2) (not (rest? n2)) (= (note-category n2) C) (= (relative-pitch n2) 1) (pitch>= n1 n2))	(multiply-duration 0.25 (transpose-diatonic b3 n1))	(multiply-duration 0.25 (transpose-diatonic b2 n1))	(multiply-duration 0.25 (transpose-diatonic 1 n1))	(multiply-duration 0.25 (transpose-diatonic b-1 n1))	(multiply-duration 0.25 (transpose-diatonic b3 n2))	(multiply-duration 0.25 (transpose-diatonic b2 n2))	(multiply-duration 0.25 (transpose-diatonic #-1 n2))	(multiply-duration 0.25 (transpose-diatonic -3 n2))
TR	rel-pitch-#4	1	true	n1	(and (duration>= (duration n1) 2) (not (rest? n1)) (= (note-category n1) C) (= (relative-pitch n1) #4))	(multiply-duration 0.25 (transpose-diatonic b-3 n1))	(multiply-duration 0.25 (transpose-diatonic b-1 n1))	(multiply-duration 0.25 (transpose-diatonic b2 n1))	(multiply-duration 0.25 (transpose-diatonic b4 n1))
TR	rel-pitch-#4	1	true	n1	(and (duration>= (duration n1) 2) (not (rest? n1)) (= (note-category n1) C) (= (relative-pitch n1) #4))	(multiply-duration 0.25 (transpose-diatonic 2 n1))	(multiply-duration 0.25 (transpose-diatonic b1 n1))	(multiply-duration 0.25 (transpose-diatonic 1 n1))	(multiply-duration 0.125 (transpose-diatonic 2 n1))	(multiply-duration 0.125 (transpose-diatonic 1 n1))
TR	rel-pitch-#4	2	true	n1	(and (duration>= (duration n1) 2) (not (rest? n1)) (= (note-category n1) C) (= (relative-pitch n1) #4))	(multiply-duration 0.5 (transpose-diatonic b-1 n1))	(multiply-duration 0.25 (transpose-diatonic b2 n1))	(multiply-duration 0.25 (transpose-diatonic b-1 n1))
TR	rel-pitch-#4	2	true	n1	(and (duration>= (duration n1) 2) (not (rest? n1)) (= (note-category n1) C) (= (relative-pitch n1) #4))	(multiply-duration 0.25 (transpose-diatonic b5 n1))	(multiply-duration 0.25 (transpose-diatonic 2 n1))	(multiply-duration 0.25 (transpose-diatonic b-1 n1))	(multiply-duration 0.25 (transpose-diatonic b-3 n1))
TR	rel-pitch-#4	1	true	n1	(and (duration>= (duration n1) 2) (not (rest? n1)) (= (note-category n1) C) (= (relative-pitch n1) #4))	(multiply-duration 0.25 (transpose-diatonic b2 n1))	(multiply-duration 0.25 (transpose-diatonic 1 n1))	(multiply-duration 0.25 (transpose-diatonic b-1 n1))	(multiply-duration 0.25 (transpose-diatonic bb-1 n1))
TR	rel-pitch-#4	1	true	n1	(and (duration>= (duration n1) 2) (not (rest? n1)) (= (note-category n1) C) (= (relative-pitch n1) #4))	(multiply-duration 0.25 (transpose-diatonic b2 n1))	(multiply-duration 0.25 (transpose-diatonic 1 n1))	(multiply-duration 0.25 (transpose-diatonic b2 n1))	(multiply-duration 0.25 (transpose-diatonic 1 n1))
TR	rel-pitch-#4	1	true	n1	(and (duration>= (duration n1) 2) (not (rest? n1)) (= (note-category n1) C) (= (relative-pitch n1) #4))	(multiply-duration 0.25 (transpose-diatonic b2 n1))	(multiply-duration 0.25 (transpose-diatonic 1 n1))	(multiply-duration 0.25 (transpose-diatonic b1 n1))	(multiply-duration 0.25 (transpose-diatonic b-1 n1))
TR	rel-pitch-#4	1	true	n1	(and (duration>= (duration n1) 2) (not (rest? n1)) (= (note-category n1) C) (= (relative-pitch n1) #4))	(multiply-duration 0.75 (make-rest n1))	(multiply-duration 0.25 (transpose-diatonic b1 n1))
TR	rel-pitch-#4	1	true	n1	(and (duration>= (duration n1) 2) (not (rest? n1)) (= (note-category n1) C) (= (relative-pitch n1) #4))	(multiply-duration 0.16666666666666666 (transpose-diatonic b1 n1))	(multiply-duration 0.16666666666666666 (transpose-diatonic b-2 n1))	(multiply-duration 0.16666666666666666 (transpose-diatonic b1 n1))	(multiply-duration 0.16666666666666666 (transpose-diatonic b3 n1))	(multiply-duration 0.16666666666666666 (transpose-diatonic b1 n1))	(multiply-duration 0.16666666666666666 (transpose-diatonic b3 n1))
TR	rel-pitch-#4	1	true	n1	(and (duration>= (duration n1) 2) (not (rest? n1)) (= (note-category n1) C) (= (relative-pitch n1) #4))	(multiply-duration 0.25 (transpose-diatonic bb-1 n1))	(multiply-duration 0.25 (transpose-diatonic b-1 n1))	(multiply-duration 0.25 (transpose-diatonic b2 n1))	(multiply-duration 0.25 (transpose-diatonic 1 n1))
TR	rel-pitch-#4	1	true	n1	(and (duration>= (duration n1) 2) (not (rest? n1)) (= (note-category n1) C) (= (relative-pitch n1) #4))	(multiply-duration 0.25 (transpose-diatonic b1 n1))	(multiply-duration 0.25 (transpose-diatonic b-2 n1))	(multiply-duration 0.25 (transpose-diatonic b-1 n1))	(multiply-duration 0.25 (transpose-diatonic b5 n1))
TR	rel-pitch-#4	1	true	n1	(and (duration>= (duration n1) 2) (not (rest? n1)) (= (note-category n1) C) (= (relative-pitch n1) #4))	(multiply-duration 0.25 (transpose-diatonic bb-2 n1))	(multiply-duration 0.25 (transpose-diatonic b-3 n1))	(multiply-duration 0.25 (make-rest n1))	(multiply-duration 0.25 (transpose-diatonic bb7 n1))
TR	rel-pitch-#4	1	true	n1	(and (duration>= (duration n1) 2) (not (rest? n1)) (= (note-category n1) C) (= (relative-pitch n1) #4))	(multiply-duration 0.5 (transpose-diatonic b1 n1))	(multiply-duration 0.5 (make-rest n1))
TR	rel-pitch-#4	1	true	n1	(and (duration>= (duration n1) 2) (not (rest? n1)) (= (note-category n1) C) (= (relative-pitch n1) #4))	(multiply-duration 0.16666666666666666 (transpose-diatonic b-1 n1))	(multiply-duration 0.16666666666666666 (transpose-diatonic b1 n1))	(multiply-duration 0.16666666666666666 (transpose-diatonic 1 n1))	(multiply-duration 0.16666666666666666 (transpose-diatonic b2 n1))	(multiply-duration 0.16666666666666666 (transpose-diatonic 1 n1))	(multiply-duration 0.16666666666666666 (transpose-diatonic b1 n1))
TR	rel-pitch-#4	1	true	n1	(and (duration>= (duration n1) 2) (not (rest? n1)) (= (note-category n1) C) (= (relative-pitch n1) #4))	(multiply-duration 0.25 (transpose-diatonic bb6 n1))	(multiply-duration 0.25 (transpose-diatonic b3 n1))	(multiply-duration 0.25 (transpose-diatonic b-1 n1))	(multiply-duration 0.25 (transpose-diatonic bb-2 n1))
TR	rel-pitch-#4	1	true	n1	(and (duration>= (duration n1) 2) (not (rest? n1)) (= (note-category n1) C) (= (relative-pitch n1) #4))	(multiply-duration 0.25 (transpose-diatonic b4 n1))	(multiply-duration 0.25 (transpose-diatonic 1 n1))	(multiply-duration 0.25 (transpose-diatonic b2 n1))	(multiply-duration 0.25 (transpose-diatonic bb-1 n1))
TR	rel-pitch-#4	1	true	n1	(and (duration>= (duration n1) 2) (not (rest? n1)) (= (note-category n1) C) (= (relative-pitch n1) #4))	(multiply-duration 0.25 (transpose-diatonic b3 n1))	(multiply-duration 0.25 (transpose-diatonic b2 n1))	(multiply-duration 0.25 (transpose-diatonic 1 n1))	(multiply-duration 0.25 (transpose-diatonic b-1 n1))
SUB	quarter-first-rel-pitch-3	motif	1	true
TR	rel-pitch-3-to-7	1	true	n1 n2	(and (duration>= (duration n1) 4) (not (rest? n1)) (= (note-category n1) C) (= (relative-pitch n1) 3) (duration>= (duration n2) 4) (not (rest? n2)) (= (note-category n2) C) (= (relative-pitch n2) 7) (pitch>= n1 n2))	(multiply-duration 0.5 (transpose-diatonic 3 n1))	(multiply-duration 0.5 (transpose-diatonic 1 n1))	(multiply-duration 0.5 (transpose-diatonic 2 n2))	(multiply-duration 0.5 (transpose-diatonic -2 n2))
TR	rel-pitch-3-to-3	1	true	n1 n2	(and (duration>= (duration n1) 4) (not (rest? n1)) (= (note-category n1) C) (= (relative-pitch n1) 3) (duration>= (duration n2) 4) (not (rest? n2)) (= (note-category n2) C) (= (relative-pitch n2) 3) (pitch>= n1 n2))	(multiply-duration 1.0 (transpose-diatonic 2 n1))	(multiply-duration 0.5 (transpose-diatonic 2 n2))	(multiply-duration 0.5 (transpose-diatonic b1 n2))
TR	rel-pitch-3-to-5	1	true	n1 n2	(and (duration>= (duration n1) 4) (not (rest? n1)) (= (note-category n1) C) (= (relative-pitch n1) 3) (duration>= (duration n2) 4) (not (rest? n2)) (= (note-category n2) C) (= (relative-pitch n2) 5) (pitch< n1 n2))	(multiply-duration 0.5 (transpose-diatonic -2 n1))	(multiply-duration 0.5 (transpose-diatonic 1 n1))	(multiply-duration 0.5 (transpose-diatonic 1 n2))	(multiply-duration 0.5 (transpose-diatonic 3 n2))
TR	rel-pitch-3-to-b2	2	true	n1 n2	(and (duration>= (duration n1) 4) (not (rest? n1)) (= (note-category n1) C) (= (relative-pitch n1) 3) (duration>= (duration n2) 4) (not (rest? n2)) (= (note-category n2) C) (= (relative-pitch n2) b2) (pitch>= n1 n2))	(multiply-duration 0.5 (transpose-diatonic 2 n1))	(multiply-duration 0.5 (transpose-diatonic 1 n1))	(multiply-duration 0.5 (transpose-diatonic 2 n2))	(multiply-duration 0.5 (transpose-diatonic #1 n2))
TR	rel-pitch-3-to-#4	2	true	n1 n2	(and (duration>= (duration n1) 4) (not (rest? n1)) (= (note-category n1) C) (= (relative-pitch n1) 3) (duration>= (duration n2) 4) (not (rest? n2)) (= (note-category n2) C) (= (relative-pitch n2) #4) (pitch< n1 n2))	(multiply-duration 1.0 (transpose-diatonic 1 n1))	(multiply-duration 0.5 (transpose-diatonic b2 n2))	(multiply-duration 0.5 (transpose-diatonic b-1 n2))
TR	rel-pitch-3-to-1	4	true	n1 n2	(and (duration>= (duration n1) 4) (not (rest? n1)) (= (note-category n1) C) (= (relative-pitch n1) 3) (duration>= (duration n2) 4) (not (rest? n2)) (= (note-category n2) C) (= (relative-pitch n2) 1) (pitch< n1 n2))	(multiply-duration 0.5 (transpose-diatonic 1 n1))	(multiply-duration 0.5 (transpose-diatonic 3 n1))	(multiply-duration 0.5 (transpose-diatonic -1 n2))	(multiply-duration 0.5 (transpose-diatonic 2 n2))
TR	rel-pitch-3-to-6	1	true	n1 n2	(and (duration>= (duration n1) 4) (not (rest? n1)) (= (note-category n1) C) (= (relative-pitch n1) 3) (duration>= (duration n2) 4) (not (rest? n2)) (= (note-category n2) C) (= (relative-pitch n2) 6) (pitch>= n1 n2))	(multiply-duration 0.5 (transpose-diatonic 2 n1))	(multiply-duration 0.5 (transpose-diatonic -1 n1))	(multiply-duration 0.5 (transpose-diatonic 2 n2))	(multiply-duration 0.5 (transpose-diatonic -1 n2))
TR	rel-pitch-3-to-7	1	true	n1 n2	(and (duration>= (duration n1) 4) (not (rest? n1)) (= (note-category n1) C) (= (relative-pitch n1) 3) (duration>= (duration n2) 4) (not (rest? n2)) (= (note-category n2) C) (= (relative-pitch n2) 7) (pitch>= n1 n2))	(multiply-duration 1.0 (transpose-diatonic 1 n1))	(multiply-duration 0.5 (transpose-diatonic 2 n2))	(multiply-duration 0.5 (transpose-diatonic b-1 n2))
TR	rel-pitch-3-to-3	1	true	n1 n2	(and (duration>= (duration n1) 4) (not (rest? n1)) (= (note-category n1) C) (= (relative-pitch n1) 3) (duration>= (duration n2) 4) (not (rest? n2)) (= (note-category n2) C) (= (relative-pitch n2) 3) (pitch>= n1 n2))	(multiply-duration 0.5 (make-rest n1))	(multiply-duration 0.5 (transpose-diatonic b1 n1))	(multiply-duration 0.5 (make-rest n2))	(multiply-duration 0.5 (transpose-diatonic b1 n2))
TR	rel-pitch-3-to-5	1	true	n1 n2	(and (duration>= (duration n1) 4) (not (rest? n1)) (= (note-category n1) C) (= (relative-pitch n1) 3) (duration>= (duration n2) 4) (not (rest? n2)) (= (note-category n2) C) (= (relative-pitch n2) 5) (pitch< n1 n2))	(multiply-duration 0.5 (transpose-diatonic #1 n1))	(multiply-duration 0.5 (transpose-diatonic 2 n1))	(multiply-duration 0.5 (transpose-diatonic 2 n2))	(multiply-duration 0.5 (transpose-diatonic #1 n2))
TR	rel-pitch-3-to-5	2	true	n1 n2	(and (duration>= (duration n1) 4) (not (rest? n1)) (= (note-category n1) C) (= (relative-pitch n1) 3) (duration>= (duration n2) 4) (not (rest? n2)) (= (note-category n2) C) (= (relative-pitch n2) 5) (pitch< n1 n2))	(multiply-duration 0.5 (transpose-diatonic 2 n1))	(multiply-duration 0.5 (transpose-diatonic #1 n1))	(multiply-duration 0.5 (transpose-diatonic -2 n2))	(multiply-duration 0.5 (transpose-diatonic 1 n2))
TR	rel-pitch-3-to-3	1	true	n1 n2	(and (duration>= (duration n1) 4) (not (rest? n1)) (= (note-category n1) C) (= (relative-pitch n1) 3) (duration>= (duration n2) 4) (not (rest? n2)) (= (note-category n2) C) (= (relative-pitch n2) 3) (pitch>= n1 n2))	(multiply-duration 0.5 (transpose-diatonic 2 n1))	(multiply-duration 0.5 (transpose-diatonic -1 n1))	(multiply-duration 1.0 (transpose-diatonic 1 n2))
TR	rel-pitch-3-to-7	1	true	n1 n2	(and (duration>= (duration n1) 4) (not (rest? n1)) (= (note-category n1) C) (= (relative-pitch n1) 3) (duration>= (duration n2) 4) (not (rest? n2)) (= (note-category n2) C) (= (relative-pitch n2) 7) (pitch>= n1 n2))	(multiply-duration 0.5 (transpose-diatonic 1 n1))	(multiply-duration 0.5 (transpose-diatonic -1 n1))	(multiply-duration 0.5 (transpose-diatonic 2 n2))	(multiply-duration 0.5 (transpose-diatonic -1 n2))
TR	rel-pitch-3-to-3	3	true	n1 n2	(and (duration>= (duration n1) 4) (not (rest? n1)) (= (note-category n1) C) (= (relative-pitch n1) 3) (duration>= (duration n2) 4) (not (rest? n2)) (= (note-category n2) C) (= (relative-pitch n2) 3) (pitch>= n1 n2))	(multiply-duration 0.5 (make-rest n1))	(multiply-duration 0.5 (transpose-diatonic b1 n1))	(multiply-duration 0.5 (transpose-diatonic 1 n2))	(multiply-duration 0.5 (transpose-diatonic 3 n2))
TR	rel-pitch-3-to-5	1	true	n1 n2	(and (duration>= (duration n1) 4) (not (rest? n1)) (= (note-category n1) C) (= (relative-pitch n1) 3) (duration>= (duration n2) 4) (not (rest? n2)) (= (note-category n2) C) (= (relative-pitch n2) 5) (pitch< n1 n2))	(multiply-duration 1.0 (transpose-diatonic b1 n1))	(multiply-duration 0.5 (transpose-diatonic #1 n2))	(multiply-duration 0.5 (transpose-diatonic -1 n2))
TR	rel-pitch-3-to-3	1	true	n1 n2	(and (duration>= (duration n1) 4) (not (rest? n1)) (= (note-category n1) C) (= (relative-pitch n1) 3) (duration>= (duration n2) 4) (not (rest? n2)) (= (note-category n2) C) (= (relative-pitch n2) 3) (pitch>= n1 n2))	(multiply-duration 1.0 (transpose-diatonic #-1 n1))	(multiply-duration 0.5 (transpose-diatonic 2 n2))	(multiply-duration 0.5 (transpose-diatonic 1 n2))
TR	rel-pitch-3-to-3	1	true	n1 n2	(and (duration>= (duration n1) 4) (not (rest? n1)) (= (note-category n1) C) (= (relative-pitch n1) 3) (duration>= (duration n2) 4) (not (rest? n2)) (= (note-category n2) C) (= (relative-pitch n2) 3) (pitch>= n1 n2))	(multiply-duration 0.5 (make-rest n1))	(multiply-duration 0.5 (transpose-diatonic 1 n1))	(multiply-duration 1.0 (transpose-diatonic -1 n2))
TR	rel-pitch-3-to-3	1	true	n1 n2	(and (duration>= (duration n1) 4) (not (rest? n1)) (= (note-category n1) C) (= (relative-pitch n1) 3) (duration>= (duration n2) 4) (not (rest? n2)) (= (note-category n2) C) (= (relative-pitch n2) 3) (pitch>= n1 n2))	(multiply-duration 1.0 (transpose-diatonic 1 n1))	(multiply-duration 0.5 (transpose-diatonic 3 n2))	(multiply-duration 0.5 (transpose-diatonic -2 n2))
TR	rel-pitch-3-to-5	1	true	n1 n2	(and (duration>= (duration n1) 4) (not (rest? n1)) (= (note-category n1) C) (= (relative-pitch n1) 3) (duration>= (duration n2) 4) (not (rest? n2)) (= (note-category n2) C) (= (relative-pitch n2) 5) (pitch>= n1 n2))	(multiply-duration 0.5 (transpose-diatonic 2 n1))	(multiply-duration 0.5 (transpose-diatonic -1 n1))	(multiply-duration 0.5 (transpose-diatonic b3 n2))	(multiply-duration 0.5 (transpose-diatonic 1 n2))
TR	rel-pitch-3-to-3	2	true	n1 n2	(and (duration>= (duration n1) 4) (not (rest? n1)) (= (note-category n1) C) (= (relative-pitch n1) 3) (duration>= (duration n2) 4) (not (rest? n2)) (= (note-category n2) C) (= (relative-pitch n2) 3) (pitch>= n1 n2))	(multiply-duration 0.5 (transpose-diatonic 2 n1))	(multiply-duration 0.5 (transpose-diatonic #1 n1))	(multiply-duration 0.5 (transpose-diatonic 1 n2))	(multiply-duration 0.5 (transpose-diatonic 2 n2))
TR	rel-pitch-3-to-1	1	true	n1 n2	(and (duration>= (duration n1) 4) (not (rest? n1)) (= (note-category n1) C) (= (relative-pitch n1) 3) (duration>= (duration n2) 4) (not (rest? n2)) (= (note-category n2) C) (= (relative-pitch n2) 1) (pitch>= n1 n2))	(multiply-duration 0.5 (transpose-diatonic b1 n1))	(multiply-duration 0.5 (transpose-diatonic b-1 n1))	(multiply-duration 0.5 (transpose-diatonic 1 n2))	(multiply-duration 0.5 (transpose-diatonic #-1 n2))
TR	rel-pitch-3-to-5	1	true	n1 n2	(and (duration>= (duration n1) 4) (not (rest? n1)) (= (note-category n1) C) (= (relative-pitch n1) 3) (duration>= (duration n2) 4) (not (rest? n2)) (= (note-category n2) C) (= (relative-pitch n2) 5) (pitch< n1 n2))	(multiply-duration 0.5 (transpose-diatonic 1 n1))	(multiply-duration 0.5 (transpose-diatonic 2 n1))	(multiply-duration 0.5 (transpose-diatonic 1 n2))	(multiply-duration 0.5 (transpose-diatonic #2 n2))
TR	rel-pitch-3-to-7	1	true	n1 n2	(and (duration>= (duration n1) 4) (not (rest? n1)) (= (note-category n1) C) (= (relative-pitch n1) 3) (duration>= (duration n2) 4) (not (rest? n2)) (= (note-category n2) C) (= (relative-pitch n2) 7) (pitch>= n1 n2))	(multiply-duration 0.5 (make-rest n1))	(multiply-duration 0.5 (transpose-diatonic 1 n1))	(multiply-duration 0.5 (transpose-diatonic 2 n2))	(multiply-duration 0.5 (transpose-diatonic -1 n2))
TR	rel-pitch-3-to-7	1	true	n1 n2	(and (duration>= (duration n1) 4) (not (rest? n1)) (= (note-category n1) C) (= (relative-pitch n1) 3) (duration>= (duration n2) 4) (not (rest? n2)) (= (note-category n2) C) (= (relative-pitch n2) 7) (pitch< n1 n2))	(multiply-duration 0.5 (transpose-diatonic #2 n1))	(multiply-duration 0.5 (transpose-diatonic b1 n1))	(multiply-duration 0.5 (transpose-diatonic #1 n2))	(multiply-duration 0.5 (transpose-diatonic -1 n2))
TR	rel-pitch-3-to-5	1	true	n1 n2	(and (duration>= (duration n1) 4) (not (rest? n1)) (= (note-category n1) C) (= (relative-pitch n1) 3) (duration>= (duration n2) 4) (not (rest? n2)) (= (note-category n2) C) (= (relative-pitch n2) 5) (pitch>= n1 n2))	(multiply-duration 0.5 (make-rest n1))	(multiply-duration 0.5 (transpose-diatonic -1 n1))	(multiply-duration 0.5 (transpose-diatonic 3 n2))	(multiply-duration 0.5 (transpose-diatonic 1 n2))
TR	rel-pitch-3-to-1	1	true	n1 n2	(and (duration>= (duration n1) 4) (not (rest? n1)) (= (note-category n1) C) (= (relative-pitch n1) 3) (duration>= (duration n2) 4) (not (rest? n2)) (= (note-category n2) C) (= (relative-pitch n2) 1) (pitch>= n1 n2))	(multiply-duration 0.5 (transpose-diatonic 1 n1))	(multiply-duration 0.5 (transpose-diatonic 3 n1))	(multiply-duration 0.5 (transpose-diatonic 3 n2))	(multiply-duration 0.5 (transpose-diatonic -2 n2))
TR	rel-pitch-3-to-1	1	true	n1 n2	(and (duration>= (duration n1) 4) (not (rest? n1)) (= (note-category n1) C) (= (relative-pitch n1) 3) (duration>= (duration n2) 4) (not (rest? n2)) (= (note-category n2) C) (= (relative-pitch n2) 1) (pitch>= n1 n2))	(multiply-duration 0.5 (transpose-diatonic b1 n1))	(multiply-duration 0.5 (transpose-diatonic -1 n1))	(multiply-duration 0.5 (transpose-diatonic b2 n2))	(multiply-duration 0.5 (transpose-diatonic -2 n2))
TR	rel-pitch-3-to-3	1	true	n1 n2	(and (duration>= (duration n1) 4) (not (rest? n1)) (= (note-category n1) C) (= (relative-pitch n1) 3) (duration>= (duration n2) 4) (not (rest? n2)) (= (note-category n2) C) (= (relative-pitch n2) 3) (pitch>= n1 n2))	(multiply-duration 0.5 (transpose-diatonic #-1 n1))	(multiply-duration 0.5 (transpose-diatonic 2 n1))	(multiply-duration 0.5 (transpose-diatonic 1 n2))	(multiply-duration 0.5 (transpose-diatonic -1 n2))
TR	rel-pitch-3-to-3	3	true	n1 n2	(and (duration>= (duration n1) 4) (not (rest? n1)) (= (note-category n1) C) (= (relative-pitch n1) 3) (duration>= (duration n2) 4) (not (rest? n2)) (= (note-category n2) C) (= (relative-pitch n2) 3) (pitch>= n1 n2))	(multiply-duration 1.0 (transpose-diatonic 1 n1))	(multiply-duration 1.0 (transpose-diatonic 1 n2))
TR	rel-pitch-3-to-1	1	true	n1 n2	(and (duration>= (duration n1) 4) (not (rest? n1)) (= (note-category n1) C) (= (relative-pitch n1) 3) (duration>= (duration n2) 4) (not (rest? n2)) (= (note-category n2) C) (= (relative-pitch n2) 1) (pitch>= n1 n2))	(multiply-duration 0.5 (transpose-diatonic b1 n1))	(multiply-duration 0.5 (transpose-diatonic -1 n1))	(multiply-duration 0.5 (transpose-diatonic b2 n2))	(multiply-duration 0.5 (transpose-diatonic #-1 n2))
TR	rel-pitch-3-to-3	1	true	n1 n2	(and (duration>= (duration n1) 4) (not (rest? n1)) (= (note-category n1) C) (= (relative-pitch n1) 3) (duration>= (duration n2) 4) (not (rest? n2)) (= (note-category n2) C) (= (relative-pitch n2) 3) (pitch>= n1 n2))	(multiply-duration 0.5 (transpose-diatonic b1 n1))	(multiply-duration 0.5 (transpose-diatonic #2 n1))	(multiply-duration 0.5 (transpose-diatonic 2 n2))	(multiply-duration 0.5 (transpose-diatonic 1 n2))
TR	rel-pitch-3-to-rest	1	true	n1 n2	(and (duration>= (duration n1) 4) (not (rest? n1)) (= (note-category n1) C) (= (relative-pitch n1) 3) (duration>= (duration n2) 4) (rest? n2))	(multiply-duration 1.0 (transpose-diatonic 1 n1))	n2
TR	rel-pitch-3-to-5	6	true	n1 n2	(and (duration>= (duration n1) 4) (not (rest? n1)) (= (note-category n1) C) (= (relative-pitch n1) 3) (duration>= (duration n2) 4) (not (rest? n2)) (= (note-category n2) C) (= (relative-pitch n2) 5) (pitch< n1 n2))	(multiply-duration 0.5 (transpose-diatonic 1 n1))	(multiply-duration 0.5 (transpose-diatonic 2 n1))	(multiply-duration 0.5 (transpose-diatonic 1 n2))	(multiply-duration 0.5 (transpose-diatonic b3 n2))
TR	rel-pitch-3-to-7	1	true	n1 n2	(and (duration>= (duration n1) 4) (not (rest? n1)) (= (note-category n1) C) (= (relative-pitch n1) 3) (duration>= (duration n2) 4) (not (rest? n2)) (= (note-category n2) C) (= (relative-pitch n2) 7) (pitch>= n1 n2))	(multiply-duration 0.5 (transpose-diatonic 2 n1))	(multiply-duration 0.5 (transpose-diatonic b1 n1))	(multiply-duration 0.5 (transpose-diatonic 2 n2))	(multiply-duration 0.5 (transpose-diatonic -2 n2))
TR	rel-pitch-3-to-7	1	true	n1 n2	(and (duration>= (duration n1) 4) (not (rest? n1)) (= (note-category n1) C) (= (relative-pitch n1) 3) (duration>= (duration n2) 4) (not (rest? n2)) (= (note-category n2) C) (= (relative-pitch n2) 7) (pitch>= n1 n2))	(multiply-duration 0.5 (transpose-diatonic -2 n1))	(multiply-duration 0.5 (transpose-diatonic 2 n1))	(multiply-duration 0.5 (transpose-diatonic 2 n2))	(multiply-duration 0.5 (transpose-diatonic #-1 n2))
TR	rel-pitch-3-to-5	1	true	n1 n2	(and (duration>= (duration n1) 4) (not (rest? n1)) (= (note-category n1) C) (= (relative-pitch n1) 3) (duration>= (duration n2) 4) (not (rest? n2)) (= (note-category n2) C) (= (relative-pitch n2) 5) (pitch< n1 n2))	(multiply-duration 0.5 (transpose-diatonic 3 n1))	(multiply-duration 0.5 (transpose-diatonic 1 n1))	(multiply-duration 0.5 (transpose-diatonic #1 n2))	(multiply-duration 0.5 (transpose-diatonic #-1 n2))
TR	rel-pitch-3-to-5	1	true	n1 n2	(and (duration>= (duration n1) 4) (not (rest? n1)) (= (note-category n1) C) (= (relative-pitch n1) 3) (duration>= (duration n2) 4) (not (rest? n2)) (= (note-category n2) C) (= (relative-pitch n2) 5) (pitch< n1 n2))	(multiply-duration 0.5 (make-rest n1))	(multiply-duration 0.5 (transpose-diatonic 1 n1))	(multiply-duration 0.5 (transpose-diatonic 1 n2))	(multiply-duration 0.5 (transpose-diatonic #-2 n2))
TR	rel-pitch-3-to-5	1	true	n1 n2	(and (duration>= (duration n1) 4) (not (rest? n1)) (= (note-category n1) C) (= (relative-pitch n1) 3) (duration>= (duration n2) 4) (not (rest? n2)) (= (note-category n2) C) (= (relative-pitch n2) 5) (pitch< n1 n2))	(multiply-duration 0.5 (transpose-diatonic -1 n1))	(multiply-duration 0.5 (transpose-diatonic 2 n1))	(multiply-duration 0.5 (transpose-diatonic -2 n2))	(multiply-duration 0.5 (transpose-diatonic b3 n2))
TR	rel-pitch-3-to-#4	3	true	n1 n2	(and (duration>= (duration n1) 4) (not (rest? n1)) (= (note-category n1) C) (= (relative-pitch n1) 3) (duration>= (duration n2) 4) (not (rest? n2)) (= (note-category n2) C) (= (relative-pitch n2) #4) (pitch< n1 n2))	(multiply-duration 0.5 (transpose-diatonic b-1 n1))	(multiply-duration 0.5 (transpose-diatonic b1 n1))	(multiply-duration 0.5 (transpose-diatonic b-1 n2))	(multiply-duration 0.5 (transpose-diatonic 1 n2))
TR	rel-pitch-3-to-5	1	true	n1 n2	(and (duration>= (duration n1) 4) (not (rest? n1)) (= (note-category n1) C) (= (relative-pitch n1) 3) (duration>= (duration n2) 4) (not (rest? n2)) (= (note-category n2) C) (= (relative-pitch n2) 5) (pitch< n1 n2))	(multiply-duration 0.5 (transpose-diatonic 1 n1))	(multiply-duration 0.5 (transpose-diatonic 3 n1))	(multiply-duration 0.5 (transpose-diatonic 1 n2))	(multiply-duration 0.5 (transpose-diatonic #2 n2))
TR	rel-pitch-3-to-rest	1	true	n1 n2	(and (duration>= (duration n1) 4) (not (rest? n1)) (= (note-category n1) C) (= (relative-pitch n1) 3) (duration>= (duration n2) 4) (rest? n2))	(multiply-duration 1.0 (transpose-diatonic b1 n1))	n2
TR	rel-pitch-3-to-rest	1	true	n1 n2	(and (duration>= (duration n1) 4) (not (rest? n1)) (= (note-category n1) C) (= (relative-pitch n1) 3) (duration>= (duration n2) 4) (rest? n2))	(multiply-duration 0.5 (transpose-diatonic #-3 n1))	(multiply-duration 0.5 (transpose-diatonic 3 n1))	n2
TR	rel-pitch-3-to-3	1	true	n1 n2	(and (duration>= (duration n1) 4) (not (rest? n1)) (= (note-category n1) C) (= (relative-pitch n1) 3) (duration>= (duration n2) 4) (not (rest? n2)) (= (note-category n2) C) (= (relative-pitch n2) 3) (pitch>= n1 n2))	(multiply-duration 0.5 (make-rest n1))	(multiply-duration 0.5 (transpose-diatonic -1 n1))	(multiply-duration 0.5 (make-rest n2))	(multiply-duration 0.5 (transpose-diatonic -1 n2))
TR	rel-pitch-3-to-b2	1	true	n1 n2	(and (duration>= (duration n1) 4) (not (rest? n1)) (= (note-category n1) C) (= (relative-pitch n1) 3) (duration>= (duration n2) 4) (not (rest? n2)) (= (note-category n2) C) (= (relative-pitch n2) b2) (pitch>= n1 n2))	(multiply-duration 0.5 (transpose-diatonic b1 n1))	(multiply-duration 0.5 (transpose-diatonic 1 n1))	(multiply-duration 0.5 (transpose-diatonic 2 n2))	(multiply-duration 0.5 (transpose-diatonic 1 n2))
TR	rel-pitch-3-to-5	2	true	n1 n2	(and (duration>= (duration n1) 4) (not (rest? n1)) (= (note-category n1) C) (= (relative-pitch n1) 3) (duration>= (duration n2) 4) (not (rest? n2)) (= (note-category n2) C) (= (relative-pitch n2) 5) (pitch>= n1 n2))	(multiply-duration 0.5 (transpose-diatonic 1 n1))	(multiply-duration 0.5 (transpose-diatonic -2 n1))	(multiply-duration 0.5 (transpose-diatonic 2 n2))	(multiply-duration 0.5 (transpose-diatonic #1 n2))
TR	rel-pitch-3-to-1	1	true	n1 n2	(and (duration>= (duration n1) 4) (not (rest? n1)) (= (note-category n1) C) (= (relative-pitch n1) 3) (duration>= (duration n2) 4) (not (rest? n2)) (= (note-category n2) C) (= (relative-pitch n2) 1) (pitch>= n1 n2))	(multiply-duration 0.5 (transpose-diatonic 2 n1))	(multiply-duration 0.5 (transpose-diatonic 1 n1))	(multiply-duration 0.5 (transpose-diatonic 2 n2))	(multiply-duration 0.5 (transpose-diatonic b2 n2))
TR	rel-pitch-3-to-3	4	true	n1 n2	(and (duration>= (duration n1) 4) (not (rest? n1)) (= (note-category n1) C) (= (relative-pitch n1) 3) (duration>= (duration n2) 4) (not (rest? n2)) (= (note-category n2) C) (= (relative-pitch n2) 3) (pitch>= n1 n2))	(multiply-duration 0.5 (transpose-diatonic 1 n1))	(multiply-duration 0.5 (transpose-diatonic 3 n1))	(multiply-duration 0.5 (transpose-diatonic 1 n2))	(multiply-duration 0.5 (transpose-diatonic -1 n2))
TR	rel-pitch-3-to-rest	1	true	n1 n2	(and (duration>= (duration n1) 4) (not (rest? n1)) (= (note-category n1) C) (= (relative-pitch n1) 3) (duration>= (duration n2) 4) (rest? n2))	(multiply-duration 0.5 (transpose-diatonic #2 n1))	(multiply-duration 0.5 (transpose-diatonic -1 n1))	n2
TR	rel-pitch-3-to-5	1	true	n1 n2	(and (duration>= (duration n1) 4) (not (rest? n1)) (= (note-category n1) C) (= (relative-pitch n1) 3) (duration>= (duration n2) 4) (not (rest? n2)) (= (note-category n2) C) (= (relative-pitch n2) 5) (pitch< n1 n2))	(multiply-duration 0.5 (transpose-diatonic 2 n1))	(multiply-duration 0.5 (transpose-diatonic b-1 n1))	(multiply-duration 0.5 (transpose-diatonic -1 n2))	(multiply-duration 0.5 (transpose-diatonic #1 n2))
TR	rel-pitch-3-to-3	1	true	n1 n2	(and (duration>= (duration n1) 4) (not (rest? n1)) (= (note-category n1) C) (= (relative-pitch n1) 3) (duration>= (duration n2) 4) (not (rest? n2)) (= (note-category n2) C) (= (relative-pitch n2) 3) (pitch>= n1 n2))	(multiply-duration 1.0 (transpose-diatonic b1 n1))	(multiply-duration 0.3333333333333333 (transpose-diatonic b1 n2))	(multiply-duration 0.3333333333333333 (transpose-diatonic -1 n2))	(multiply-duration 0.3333333333333333 (transpose-diatonic b-1 n2))
TR	rel-pitch-3-to-5	1	true	n1 n2	(and (duration>= (duration n1) 4) (not (rest? n1)) (= (note-category n1) C) (= (relative-pitch n1) 3) (duration>= (duration n2) 4) (not (rest? n2)) (= (note-category n2) C) (= (relative-pitch n2) 5) (pitch< n1 n2))	(multiply-duration 1.0 (transpose-diatonic 1 n1))	(multiply-duration 1.0 (transpose-diatonic -1 n2))
TR	rel-pitch-3-to-7	1	true	n1 n2	(and (duration>= (duration n1) 4) (not (rest? n1)) (= (note-category n1) C) (= (relative-pitch n1) 3) (duration>= (duration n2) 4) (not (rest? n2)) (= (note-category n2) C) (= (relative-pitch n2) 7) (pitch>= n1 n2))	(multiply-duration 0.3333333333333333 (transpose-diatonic b1 n1))	(multiply-duration 0.3333333333333333 (transpose-diatonic 2 n1))	(multiply-duration 0.3333333333333333 (transpose-diatonic b1 n1))	(multiply-duration 0.5 (transpose-diatonic b3 n2))	(multiply-duration 0.5 (transpose-diatonic #-2 n2))
TR	rel-pitch-3-to-3	1	true	n1 n2	(and (duration>= (duration n1) 4) (not (rest? n1)) (= (note-category n1) C) (= (relative-pitch n1) 3) (duration>= (duration n2) 4) (not (rest? n2)) (= (note-category n2) C) (= (relative-pitch n2) 3) (pitch>= n1 n2))	(multiply-duration 1.0 (transpose-diatonic #-1 n1))	(multiply-duration 1.0 (transpose-diatonic #-1 n2))
TR	rel-pitch-3-to-b2	1	true	n1 n2	(and (duration>= (duration n1) 4) (not (rest? n1)) (= (note-category n1) C) (= (relative-pitch n1) 3) (duration>= (duration n2) 4) (not (rest? n2)) (= (note-category n2) C) (= (relative-pitch n2) b2) (pitch>= n1 n2))	(multiply-duration 0.5 (transpose-diatonic b-1 n1))	(multiply-duration 0.5 (transpose-diatonic #2 n1))	(multiply-duration 0.5 (transpose-diatonic 2 n2))	(multiply-duration 0.5 (transpose-diatonic ##-2 n2))
TR	rel-pitch-3-to-6	1	true	n1 n2	(and (duration>= (duration n1) 4) (not (rest? n1)) (= (note-category n1) C) (= (relative-pitch n1) 3) (duration>= (duration n2) 4) (not (rest? n2)) (= (note-category n2) C) (= (relative-pitch n2) 6) (pitch< n1 n2))	(multiply-duration 1.0 (transpose-diatonic 1 n1))	(multiply-duration 0.5 (transpose-diatonic 2 n2))	(multiply-duration 0.5 (transpose-diatonic -1 n2))
TR	rel-pitch-3-to-7	2	true	n1 n2	(and (duration>= (duration n1) 4) (not (rest? n1)) (= (note-category n1) C) (= (relative-pitch n1) 3) (duration>= (duration n2) 4) (not (rest? n2)) (= (note-category n2) C) (= (relative-pitch n2) 7) (pitch>= n1 n2))	(multiply-duration 0.5 (transpose-diatonic 3 n1))	(multiply-duration 0.5 (transpose-diatonic 1 n1))	(multiply-duration 0.5 (transpose-diatonic 1 n2))	(multiply-duration 0.5 (transpose-diatonic -2 n2))
TR	rel-pitch-3-to-3	1	true	n1 n2	(and (duration>= (duration n1) 4) (not (rest? n1)) (= (note-category n1) C) (= (relative-pitch n1) 3) (duration>= (duration n2) 4) (not (rest? n2)) (= (note-category n2) C) (= (relative-pitch n2) 3) (pitch>= n1 n2))	(multiply-duration 0.5 (transpose-diatonic 2 n1))	(multiply-duration 0.5 (transpose-diatonic -1 n1))	(multiply-duration 0.5 (transpose-diatonic #2 n2))	(multiply-duration 0.5 (transpose-diatonic b1 n2))
TR	rel-pitch-3-to-rest	1	true	n1 n2	(and (duration>= (duration n1) 4) (not (rest? n1)) (= (note-category n1) C) (= (relative-pitch n1) 3) (duration>= (duration n2) 4) (rest? n2))	(multiply-duration 0.5 (transpose-diatonic 1 n1))	(multiply-duration 0.5 (transpose-diatonic -2 n1))	n2
TR	rel-pitch-3-to-5	1	true	n1 n2	(and (duration>= (duration n1) 4) (not (rest? n1)) (= (note-category n1) C) (= (relative-pitch n1) 3) (duration>= (duration n2) 4) (not (rest? n2)) (= (note-category n2) C) (= (relative-pitch n2) 5) (pitch< n1 n2))	(multiply-duration 0.3333333333333333 (transpose-diatonic 2 n1))	(multiply-duration 0.3333333333333333 (transpose-diatonic -1 n1))	(multiply-duration 0.3333333333333333 (transpose-diatonic 2 n1))	(multiply-duration 0.3333333333333333 (transpose-diatonic 2 n2))	(multiply-duration 0.3333333333333333 (transpose-diatonic -1 n2))	(multiply-duration 0.3333333333333333 (transpose-diatonic 2 n2))
TR	rel-pitch-3-to-5	1	true	n1 n2	(and (duration>= (duration n1) 4) (not (rest? n1)) (= (note-category n1) C) (= (relative-pitch n1) 3) (duration>= (duration n2) 4) (not (rest? n2)) (= (note-category n2) C) (= (relative-pitch n2) 5) (pitch< n1 n2))	(multiply-duration 0.3333333333333333 (transpose-diatonic 1 n1))	(multiply-duration 0.3333333333333333 (transpose-diatonic -2 n1))	(multiply-duration 0.3333333333333333 (transpose-diatonic 1 n1))	(multiply-duration 0.3333333333333333 (transpose-diatonic 1 n2))	(multiply-duration 0.3333333333333333 (transpose-diatonic -2 n2))	(multiply-duration 0.3333333333333333 (transpose-diatonic 1 n2))
TR	rel-pitch-3-to-1	1	true	n1 n2	(and (duration>= (duration n1) 4) (not (rest? n1)) (= (note-category n1) C) (= (relative-pitch n1) 3) (duration>= (duration n2) 4) (not (rest? n2)) (= (note-category n2) C) (= (relative-pitch n2) 1) (pitch< n1 n2))	(multiply-duration 1.0 (transpose-diatonic 1 n1))	(multiply-duration 0.5 (transpose-diatonic b-1 n2))	(multiply-duration 0.5 (transpose-diatonic b3 n2))
TR	rel-pitch-3-to-1	1	true	n1 n2	(and (duration>= (duration n1) 4) (not (rest? n1)) (= (note-category n1) C) (= (relative-pitch n1) 3) (duration>= (duration n2) 4) (not (rest? n2)) (= (note-category n2) C) (= (relative-pitch n2) 1) (pitch< n1 n2))	(multiply-duration 0.5 (transpose-diatonic -2 n1))	(multiply-duration 0.5 (transpose-diatonic 3 n1))	(multiply-duration 0.5 (transpose-diatonic 2 n2))	(multiply-duration 0.5 (transpose-diatonic -1 n2))
TR	rel-pitch-3-to-rest	1	true	n1 n2	(and (duration>= (duration n1) 4) (not (rest? n1)) (= (note-category n1) C) (= (relative-pitch n1) 3) (duration>= (duration n2) 4) (rest? n2))	(multiply-duration 0.5 (transpose-diatonic 2 n1))	(multiply-duration 0.5 (transpose-diatonic 1 n1))	n2
TR	rel-pitch-3-to-7	1	true	n1 n2	(and (duration>= (duration n1) 4) (not (rest? n1)) (= (note-category n1) C) (= (relative-pitch n1) 3) (duration>= (duration n2) 4) (not (rest? n2)) (= (note-category n2) C) (= (relative-pitch n2) 7) (pitch>= n1 n2))	(multiply-duration 0.5 (transpose-diatonic 2 n1))	(multiply-duration 0.5 (transpose-diatonic -1 n1))	(multiply-duration 0.5 (transpose-diatonic 1 n2))	(multiply-duration 0.5 (transpose-diatonic -2 n2))
TR	rel-pitch-3-to-3	1	true	n1 n2	(and (duration>= (duration n1) 4) (not (rest? n1)) (= (note-category n1) C) (= (relative-pitch n1) 3) (duration>= (duration n2) 4) (not (rest? n2)) (= (note-category n2) C) (= (relative-pitch n2) 3) (pitch>= n1 n2))	(multiply-duration 0.3333333333333333 (transpose-diatonic -1 n1))	(multiply-duration 0.3333333333333333 (transpose-diatonic 1 n1))	(multiply-duration 0.3333333333333333 (transpose-diatonic #1 n1))	(multiply-duration 0.3333333333333333 (transpose-diatonic 2 n2))	(multiply-duration 0.3333333333333333 (transpose-diatonic #1 n2))	(multiply-duration 0.3333333333333333 (transpose-diatonic 1 n2))
TR	rel-pitch-3-to-5	1	true	n1 n2	(and (duration>= (duration n1) 4) (not (rest? n1)) (= (note-category n1) C) (= (relative-pitch n1) 3) (duration>= (duration n2) 4) (not (rest? n2)) (= (note-category n2) C) (= (relative-pitch n2) 5) (pitch< n1 n2))	(multiply-duration 0.5 (transpose-diatonic 2 n1))	(multiply-duration 0.5 (transpose-diatonic -2 n1))	(multiply-duration 0.5 (transpose-diatonic 1 n2))	(multiply-duration 0.5 (transpose-diatonic -1 n2))
TR	rel-pitch-3-to-5	2	true	n1 n2	(and (duration>= (duration n1) 4) (not (rest? n1)) (= (note-category n1) C) (= (relative-pitch n1) 3) (duration>= (duration n2) 4) (not (rest? n2)) (= (note-category n2) C) (= (relative-pitch n2) 5) (pitch< n1 n2))	(multiply-duration 0.5 (transpose-diatonic 1 n1))	(multiply-duration 0.5 (transpose-diatonic 2 n1))	(multiply-duration 0.5 (transpose-diatonic 1 n2))	(multiply-duration 0.5 (transpose-diatonic 2 n2))
TR	rel-pitch-3-to-1	1	true	n1 n2	(and (duration>= (duration n1) 4) (not (rest? n1)) (= (note-category n1) C) (= (relative-pitch n1) 3) (duration>= (duration n2) 4) (not (rest? n2)) (= (note-category n2) C) (= (relative-pitch n2) 1) (pitch>= n1 n2))	(multiply-duration 0.5 (transpose-diatonic 1 n1))	(multiply-duration 0.5 (transpose-diatonic -1 n1))	(multiply-duration 0.5 (transpose-diatonic 1 n2))	(multiply-duration 0.5 (transpose-diatonic 2 n2))
TR	rel-pitch-3-to-3	2	true	n1 n2	(and (duration>= (duration n1) 4) (not (rest? n1)) (= (note-category n1) C) (= (relative-pitch n1) 3) (duration>= (duration n2) 4) (not (rest? n2)) (= (note-category n2) C) (= (relative-pitch n2) 3) (pitch>= n1 n2))	(multiply-duration 0.5 (transpose-diatonic 3 n1))	(multiply-duration 0.5 (transpose-diatonic 1 n1))	(multiply-duration 0.5 (transpose-diatonic 3 n2))	(multiply-duration 0.5 (transpose-diatonic 1 n2))
TR	rel-pitch-3-to-1	1	true	n1 n2	(and (duration>= (duration n1) 4) (not (rest? n1)) (= (note-category n1) C) (= (relative-pitch n1) 3) (duration>= (duration n2) 4) (not (rest? n2)) (= (note-category n2) C) (= (relative-pitch n2) 1) (pitch>= n1 n2))	(multiply-duration 0.5 (transpose-diatonic 1 n1))	(multiply-duration 0.5 (transpose-diatonic b-1 n1))	(multiply-duration 0.5 (transpose-diatonic 1 n2))	(multiply-duration 0.5 (transpose-diatonic -1 n2))
TR	rel-pitch-3-to-1	1	true	n1 n2	(and (duration>= (duration n1) 4) (not (rest? n1)) (= (note-category n1) C) (= (relative-pitch n1) 3) (duration>= (duration n2) 4) (not (rest? n2)) (= (note-category n2) C) (= (relative-pitch n2) 1) (pitch>= n1 n2))	(multiply-duration 1.0 (transpose-diatonic 1 n1))	(multiply-duration 0.5 (transpose-diatonic 1 n2))	(multiply-duration 0.5 (transpose-diatonic 3 n2))
TR	rel-pitch-3-to-b2	1	true	n1 n2	(and (duration>= (duration n1) 4) (not (rest? n1)) (= (note-category n1) C) (= (relative-pitch n1) 3) (duration>= (duration n2) 4) (not (rest? n2)) (= (note-category n2) C) (= (relative-pitch n2) b2) (pitch>= n1 n2))	(multiply-duration 0.5 (transpose-diatonic 2 n1))	(multiply-duration 0.5 (transpose-diatonic 1 n1))	(multiply-duration 0.5 (transpose-diatonic #1 n2))	(multiply-duration 0.5 (transpose-diatonic #-1 n2))
TR	rel-pitch-3-to-#4	1	true	n1 n2	(and (duration>= (duration n1) 4) (not (rest? n1)) (= (note-category n1) C) (= (relative-pitch n1) 3) (duration>= (duration n2) 4) (not (rest? n2)) (= (note-category n2) C) (= (relative-pitch n2) #4) (pitch< n1 n2))	(multiply-duration 0.5 (transpose-diatonic b1 n1))	(multiply-duration 0.5 (transpose-diatonic 1 n1))	(multiply-duration 0.5 (transpose-diatonic b2 n2))	(multiply-duration 0.5 (transpose-diatonic 1 n2))
TR	rel-pitch-3-to-6	1	true	n1 n2	(and (duration>= (duration n1) 4) (not (rest? n1)) (= (note-category n1) C) (= (relative-pitch n1) 3) (duration>= (duration n2) 4) (not (rest? n2)) (= (note-category n2) C) (= (relative-pitch n2) 6) (pitch< n1 n2))	(multiply-duration 0.5 (transpose-diatonic 2 n1))	(multiply-duration 0.5 (transpose-diatonic -1 n1))	(multiply-duration 0.5 (transpose-diatonic -3 n2))	(multiply-duration 0.5 (transpose-diatonic 3 n2))
TR	rel-pitch-3-to-5	1	true	n1 n2	(and (duration>= (duration n1) 4) (not (rest? n1)) (= (note-category n1) C) (= (relative-pitch n1) 3) (duration>= (duration n2) 4) (not (rest? n2)) (= (note-category n2) C) (= (relative-pitch n2) 5) (pitch< n1 n2))	(multiply-duration 0.5 (transpose-diatonic b1 n1))	(multiply-duration 0.5 (transpose-diatonic 2 n1))	(multiply-duration 0.5 (transpose-diatonic #-1 n2))	(multiply-duration 0.5 (transpose-diatonic 1 n2))
TR	rel-pitch-3-to-7	2	true	n1 n2	(and (duration>= (duration n1) 4) (not (rest? n1)) (= (note-category n1) C) (= (relative-pitch n1) 3) (duration>= (duration n2) 4) (not (rest? n2)) (= (note-category n2) C) (= (relative-pitch n2) 7) (pitch>= n1 n2))	(multiply-duration 0.5 (transpose-diatonic 3 n1))	(multiply-duration 0.5 (transpose-diatonic 1 n1))	(multiply-duration 0.5 (transpose-diatonic 2 n2))	(multiply-duration 0.5 (transpose-diatonic -1 n2))
TR	rel-pitch-3-to-3	1	true	n1 n2	(and (duration>= (duration n1) 4) (not (rest? n1)) (= (note-category n1) C) (= (relative-pitch n1) 3) (duration>= (duration n2) 4) (not (rest? n2)) (= (note-category n2) C) (= (relative-pitch n2) 3) (pitch>= n1 n2))	(multiply-duration 0.5 (transpose-diatonic -2 n1))	(multiply-duration 0.5 (transpose-diatonic 3 n1))	(multiply-duration 0.5 (transpose-diatonic 1 n2))	(multiply-duration 0.5 (transpose-diatonic -2 n2))
TR	rel-pitch-3-to-7	1	true	n1 n2	(and (duration>= (duration n1) 4) (not (rest? n1)) (= (note-category n1) C) (= (relative-pitch n1) 3) (duration>= (duration n2) 4) (not (rest? n2)) (= (note-category n2) C) (= (relative-pitch n2) 7) (pitch>= n1 n2))	(multiply-duration 0.5 (transpose-diatonic 2 n1))	(multiply-duration 0.5 (transpose-diatonic -1 n1))	(multiply-duration 0.5 (transpose-diatonic 2 n2))	(multiply-duration 0.5 (transpose-diatonic b1 n2))
TR	rel-pitch-3-to-5	1	true	n1 n2	(and (duration>= (duration n1) 4) (not (rest? n1)) (= (note-category n1) C) (= (relative-pitch n1) 3) (duration>= (duration n2) 4) (not (rest? n2)) (= (note-category n2) C) (= (relative-pitch n2) 5) (pitch< n1 n2))	(multiply-duration 0.5 (transpose-diatonic 1 n1))	(multiply-duration 0.5 (transpose-diatonic 2 n1))	(multiply-duration 0.5 (transpose-diatonic 1 n2))	(multiply-duration 0.5 (transpose-diatonic -2 n2))
TR	rel-pitch-3-to-5	1	true	n1 n2	(and (duration>= (duration n1) 4) (not (rest? n1)) (= (note-category n1) C) (= (relative-pitch n1) 3) (duration>= (duration n2) 4) (not (rest? n2)) (= (note-category n2) C) (= (relative-pitch n2) 5) (pitch< n1 n2))	(multiply-duration 0.5 (transpose-diatonic 3 n1))	(multiply-duration 0.5 (transpose-diatonic 1 n1))	(multiply-duration 0.5 (transpose-diatonic 2 n2))	(multiply-duration 0.5 (transpose-diatonic #-1 n2))
TR	rel-pitch-3-to-3	1	true	n1 n2	(and (duration>= (duration n1) 4) (not (rest? n1)) (= (note-category n1) C) (= (relative-pitch n1) 3) (duration>= (duration n2) 4) (not (rest? n2)) (= (note-category n2) C) (= (relative-pitch n2) 3) (pitch>= n1 n2))	(multiply-duration 1.0 (transpose-diatonic -1 n1))	(multiply-duration 0.5 (transpose-diatonic 2 n2))	(multiply-duration 0.5 (transpose-diatonic -1 n2))
TR	rel-pitch-3-to-7	1	true	n1 n2	(and (duration>= (duration n1) 4) (not (rest? n1)) (= (note-category n1) C) (= (relative-pitch n1) 3) (duration>= (duration n2) 4) (not (rest? n2)) (= (note-category n2) C) (= (relative-pitch n2) 7) (pitch< n1 n2))	(multiply-duration 0.5 (transpose-diatonic -2 n1))	(multiply-duration 0.5 (transpose-diatonic 2 n1))	(multiply-duration 0.5 (transpose-diatonic #-1 n2))	(multiply-duration 0.5 (transpose-diatonic 1 n2))
TR	rel-pitch-3-to-3	1	true	n1 n2	(and (duration>= (duration n1) 4) (not (rest? n1)) (= (note-category n1) C) (= (relative-pitch n1) 3) (duration>= (duration n2) 4) (not (rest? n2)) (= (note-category n2) C) (= (relative-pitch n2) 3) (pitch>= n1 n2))	(multiply-duration 0.5 (transpose-diatonic 1 n1))	(multiply-duration 0.5 (transpose-diatonic 2 n1))	(multiply-duration 0.5 (transpose-diatonic 1 n2))	(multiply-duration 0.5 (transpose-diatonic -2 n2))
TR	rel-pitch-3-to-7	1	true	n1 n2	(and (duration>= (duration n1) 4) (not (rest? n1)) (= (note-category n1) C) (= (relative-pitch n1) 3) (duration>= (duration n2) 4) (not (rest? n2)) (= (note-category n2) C) (= (relative-pitch n2) 7) (pitch>= n1 n2))	(multiply-duration 0.5 (transpose-diatonic 1 n1))	(multiply-duration 0.5 (transpose-diatonic -2 n1))	(multiply-duration 0.5 (transpose-diatonic -2 n2))	(multiply-duration 0.5 (transpose-diatonic 2 n2))
TR	rel-pitch-3-to-5	2	true	n1 n2	(and (duration>= (duration n1) 4) (not (rest? n1)) (= (note-category n1) C) (= (relative-pitch n1) 3) (duration>= (duration n2) 4) (not (rest? n2)) (= (note-category n2) C) (= (relative-pitch n2) 5) (pitch< n1 n2))	(multiply-duration 0.5 (transpose-diatonic 1 n1))	(multiply-duration 0.5 (transpose-diatonic 3 n1))	(multiply-duration 0.5 (transpose-diatonic 2 n2))	(multiply-duration 0.5 (transpose-diatonic 1 n2))
TR	rel-pitch-3-to-3	1	true	n1 n2	(and (duration>= (duration n1) 4) (not (rest? n1)) (= (note-category n1) C) (= (relative-pitch n1) 3) (duration>= (duration n2) 4) (not (rest? n2)) (= (note-category n2) C) (= (relative-pitch n2) 3) (pitch>= n1 n2))	(multiply-duration 0.5 (transpose-diatonic 2 n1))	(multiply-duration 0.5 (transpose-diatonic 1 n1))	(multiply-duration 0.5 (transpose-diatonic b1 n2))	(multiply-duration 0.5 (transpose-diatonic -1 n2))
TR	rel-pitch-3-to-7	1	true	n1 n2	(and (duration>= (duration n1) 4) (not (rest? n1)) (= (note-category n1) C) (= (relative-pitch n1) 3) (duration>= (duration n2) 4) (not (rest? n2)) (= (note-category n2) C) (= (relative-pitch n2) 7) (pitch>= n1 n2))	(multiply-duration 0.5 (make-rest n1))	(multiply-duration 0.5 (transpose-diatonic 1 n1))	(multiply-duration 0.5 (transpose-diatonic #1 n2))	(multiply-duration 0.5 (transpose-diatonic -1 n2))
TR	rel-pitch-3-to-1	1	true	n1 n2	(and (duration>= (duration n1) 4) (not (rest? n1)) (= (note-category n1) C) (= (relative-pitch n1) 3) (duration>= (duration n2) 4) (not (rest? n2)) (= (note-category n2) C) (= (relative-pitch n2) 1) (pitch>= n1 n2))	(multiply-duration 0.5 (transpose-diatonic 2 n1))	(multiply-duration 0.5 (transpose-diatonic 1 n1))	(multiply-duration 0.5 (transpose-diatonic -1 n2))	(multiply-duration 0.5 (transpose-diatonic 2 n2))
TR	rel-pitch-3-to-3	1	true	n1 n2	(and (duration>= (duration n1) 4) (not (rest? n1)) (= (note-category n1) C) (= (relative-pitch n1) 3) (duration>= (duration n2) 4) (not (rest? n2)) (= (note-category n2) C) (= (relative-pitch n2) 3) (pitch>= n1 n2))	(multiply-duration 0.3333333333333333 (transpose-diatonic 3 n1))	(multiply-duration 0.6666666666666666 (transpose-diatonic 1 n1))	(multiply-duration 1.0 (transpose-diatonic 1 n2))
TR	rel-pitch-3-to-3	1	true	n1 n2	(and (duration>= (duration n1) 4) (not (rest? n1)) (= (note-category n1) C) (= (relative-pitch n1) 3) (duration>= (duration n2) 4) (not (rest? n2)) (= (note-category n2) C) (= (relative-pitch n2) 3) (pitch>= n1 n2))	(multiply-duration 0.5 (transpose-diatonic 3 n1))	(multiply-duration 0.5 (transpose-diatonic b-1 n1))	(multiply-duration 0.5 (transpose-diatonic -1 n2))	(multiply-duration 0.5 (transpose-diatonic 1 n2))
TR	rel-pitch-3-to-6	1	true	n1 n2	(and (duration>= (duration n1) 4) (not (rest? n1)) (= (note-category n1) C) (= (relative-pitch n1) 3) (duration>= (duration n2) 4) (not (rest? n2)) (= (note-category n2) C) (= (relative-pitch n2) 6) (pitch>= n1 n2))	(multiply-duration 0.5 (transpose-diatonic 2 n1))	(multiply-duration 0.5 (transpose-diatonic b-1 n1))	(multiply-duration 0.5 (transpose-diatonic 2 n2))	(multiply-duration 0.5 (transpose-diatonic #-2 n2))
TR	rel-pitch-3-to-1	1	true	n1 n2	(and (duration>= (duration n1) 4) (not (rest? n1)) (= (note-category n1) C) (= (relative-pitch n1) 3) (duration>= (duration n2) 4) (not (rest? n2)) (= (note-category n2) C) (= (relative-pitch n2) 1) (pitch< n1 n2))	(multiply-duration 0.5 (transpose-diatonic 1 n1))	(multiply-duration 0.5 (transpose-diatonic 3 n1))	(multiply-duration 0.5 (transpose-diatonic b-1 n2))	(multiply-duration 0.5 (transpose-diatonic 2 n2))
TR	rel-pitch-3-to-5	1	true	n1 n2	(and (duration>= (duration n1) 4) (not (rest? n1)) (= (note-category n1) C) (= (relative-pitch n1) 3) (duration>= (duration n2) 4) (not (rest? n2)) (= (note-category n2) C) (= (relative-pitch n2) 5) (pitch>= n1 n2))	(multiply-duration 0.5 (transpose-diatonic 1 n1))	(multiply-duration 0.5 (transpose-diatonic -2 n1))	(multiply-duration 0.5 (transpose-diatonic 2 n2))	(multiply-duration 0.5 (transpose-diatonic 1 n2))
TR	rel-pitch-3-to-7	1	true	n1 n2	(and (duration>= (duration n1) 4) (not (rest? n1)) (= (note-category n1) C) (= (relative-pitch n1) 3) (duration>= (duration n2) 4) (not (rest? n2)) (= (note-category n2) C) (= (relative-pitch n2) 7) (pitch< n1 n2))	(multiply-duration 0.5 (transpose-diatonic 1 n1))	(multiply-duration 0.5 (transpose-diatonic #2 n1))	(multiply-duration 0.5 (transpose-diatonic #-2 n2))	(multiply-duration 0.5 (transpose-diatonic #1 n2))
TR	rel-pitch-3-to-7	1	true	n1 n2	(and (duration>= (duration n1) 4) (not (rest? n1)) (= (note-category n1) C) (= (relative-pitch n1) 3) (duration>= (duration n2) 4) (not (rest? n2)) (= (note-category n2) C) (= (relative-pitch n2) 7) (pitch< n1 n2))	(multiply-duration 1.0 (transpose-diatonic 1 n1))	(multiply-duration 0.5 (transpose-diatonic -2 n2))	(multiply-duration 0.5 (transpose-diatonic 3 n2))
TR	rel-pitch-3-to-3	1	true	n1 n2	(and (duration>= (duration n1) 4) (not (rest? n1)) (= (note-category n1) C) (= (relative-pitch n1) 3) (duration>= (duration n2) 4) (not (rest? n2)) (= (note-category n2) C) (= (relative-pitch n2) 3) (pitch>= n1 n2))	(multiply-duration 0.5 (transpose-diatonic -1 n1))	(multiply-duration 0.5 (transpose-diatonic 2 n1))	(multiply-duration 0.5 (transpose-diatonic 1 n2))	(multiply-duration 0.5 (transpose-diatonic -1 n2))
TR	rel-pitch-3-to-1	1	true	n1 n2	(and (duration>= (duration n1) 4) (not (rest? n1)) (= (note-category n1) C) (= (relative-pitch n1) 3) (duration>= (duration n2) 4) (not (rest? n2)) (= (note-category n2) C) (= (relative-pitch n2) 1) (pitch>= n1 n2))	(multiply-duration 0.5 (transpose-diatonic 1 n1))	(multiply-duration 0.5 (transpose-diatonic b1 n1))	(multiply-duration 0.5 (transpose-diatonic 2 n2))	(multiply-duration 0.5 (transpose-diatonic b2 n2))
TR	rel-pitch-3-to-7	1	true	n1 n2	(and (duration>= (duration n1) 4) (not (rest? n1)) (= (note-category n1) C) (= (relative-pitch n1) 3) (duration>= (duration n2) 4) (not (rest? n2)) (= (note-category n2) C) (= (relative-pitch n2) 7) (pitch< n1 n2))	(multiply-duration 0.5 (transpose-diatonic 1 n1))	(multiply-duration 0.5 (transpose-diatonic 3 n1))	(multiply-duration 0.5 (transpose-diatonic -1 n2))	(multiply-duration 0.5 (transpose-diatonic 1 n2))
TR	rel-pitch-3-to-1	1	true	n1 n2	(and (duration>= (duration n1) 4) (not (rest? n1)) (= (note-category n1) C) (= (relative-pitch n1) 3) (duration>= (duration n2) 4) (not (rest? n2)) (= (note-category n2) C) (= (relative-pitch n2) 1) (pitch>= n1 n2))	(multiply-duration 0.5 (transpose-diatonic 1 n1))	(multiply-duration 0.5 (transpose-diatonic -1 n1))	(multiply-duration 0.5 (transpose-diatonic -1 n2))	(multiply-duration 0.5 (transpose-diatonic 4 n2))
TR	rel-pitch-3-to-3	1	true	n1 n2	(and (duration>= (duration n1) 4) (not (rest? n1)) (= (note-category n1) C) (= (relative-pitch n1) 3) (duration>= (duration n2) 4) (not (rest? n2)) (= (note-category n2) C) (= (relative-pitch n2) 3) (pitch>= n1 n2))	(multiply-duration 0.5 (transpose-diatonic 1 n1))	(multiply-duration 0.5 (transpose-diatonic -1 n1))	(multiply-duration 0.5 (transpose-diatonic -3 n2))	(multiply-duration 0.5 (transpose-diatonic 3 n2))
TR	rel-pitch-3-to-1	1	true	n1 n2	(and (duration>= (duration n1) 4) (not (rest? n1)) (= (note-category n1) C) (= (relative-pitch n1) 3) (duration>= (duration n2) 4) (not (rest? n2)) (= (note-category n2) C) (= (relative-pitch n2) 1) (pitch>= n1 n2))	(multiply-duration 0.5 (transpose-diatonic 2 n1))	(multiply-duration 0.5 (transpose-diatonic 1 n1))	(multiply-duration 1.0 (transpose-diatonic 1 n2))
TR	rel-pitch-3-to-b2	1	true	n1 n2	(and (duration>= (duration n1) 4) (not (rest? n1)) (= (note-category n1) C) (= (relative-pitch n1) 3) (duration>= (duration n2) 4) (not (rest? n2)) (= (note-category n2) C) (= (relative-pitch n2) b2) (pitch>= n1 n2))	(multiply-duration 0.5 (transpose-diatonic 1 n1))	(multiply-duration 0.5 (transpose-diatonic b1 n1))	(multiply-duration 0.5 (transpose-diatonic #1 n2))	(multiply-duration 0.5 (transpose-diatonic 1 n2))
TR	rel-pitch-3-to-7	1	true	n1 n2	(and (duration>= (duration n1) 4) (not (rest? n1)) (= (note-category n1) C) (= (relative-pitch n1) 3) (duration>= (duration n2) 4) (not (rest? n2)) (= (note-category n2) C) (= (relative-pitch n2) 7) (pitch< n1 n2))	(multiply-duration 0.5 (make-rest n1))	(multiply-duration 0.5 (transpose-diatonic 1 n1))	(multiply-duration 0.5 (transpose-diatonic #-2 n2))	(multiply-duration 0.5 (transpose-diatonic 2 n2))
TR	rel-pitch-3-to-rest	1	true	n1 n2	(and (duration>= (duration n1) 4) (not (rest? n1)) (= (note-category n1) C) (= (relative-pitch n1) 3) (duration>= (duration n2) 4) (rest? n2))	(multiply-duration 0.5 (transpose-diatonic 3 n1))	(multiply-duration 0.5 (transpose-diatonic -2 n1))	n2
TR	rel-pitch-3-to-7	1	true	n1 n2	(and (duration>= (duration n1) 4) (not (rest? n1)) (= (note-category n1) C) (= (relative-pitch n1) 3) (duration>= (duration n2) 4) (not (rest? n2)) (= (note-category n2) C) (= (relative-pitch n2) 7) (pitch>= n1 n2))	(multiply-duration 0.5 (transpose-diatonic 1 n1))	(multiply-duration 0.5 (transpose-diatonic -1 n1))	(multiply-duration 0.5 (transpose-diatonic 1 n2))	(multiply-duration 0.5 (transpose-diatonic #1 n2))
TR	rel-pitch-3-to-1	1	true	n1 n2	(and (duration>= (duration n1) 4) (not (rest? n1)) (= (note-category n1) C) (= (relative-pitch n1) 3) (duration>= (duration n2) 4) (not (rest? n2)) (= (note-category n2) C) (= (relative-pitch n2) 1) (pitch>= n1 n2))	(multiply-duration 0.5 (transpose-diatonic 1 n1))	(multiply-duration 0.5 (transpose-diatonic -2 n1))	(multiply-duration 1.0 (transpose-diatonic b2 n2))
TR	rel-pitch-3-to-3	1	true	n1 n2	(and (duration>= (duration n1) 4) (not (rest? n1)) (= (note-category n1) C) (= (relative-pitch n1) 3) (duration>= (duration n2) 4) (not (rest? n2)) (= (note-category n2) C) (= (relative-pitch n2) 3) (pitch>= n1 n2))	(multiply-duration 0.5 (transpose-diatonic 3 n1))	(multiply-duration 0.5 (transpose-diatonic #-1 n1))	(multiply-duration 0.5 (transpose-diatonic 2 n2))	(multiply-duration 0.5 (transpose-diatonic #-1 n2))
TR	rel-pitch-3-to-5	1	true	n1 n2	(and (duration>= (duration n1) 4) (not (rest? n1)) (= (note-category n1) C) (= (relative-pitch n1) 3) (duration>= (duration n2) 4) (not (rest? n2)) (= (note-category n2) C) (= (relative-pitch n2) 5) (pitch< n1 n2))	(multiply-duration 0.5 (transpose-diatonic b-1 n1))	(multiply-duration 0.5 (transpose-diatonic b1 n1))	(multiply-duration 0.5 (transpose-diatonic -2 n2))	(multiply-duration 0.5 (transpose-diatonic #1 n2))
TR	rel-pitch-3-to-3	1	true	n1 n2	(and (duration>= (duration n1) 4) (not (rest? n1)) (= (note-category n1) C) (= (relative-pitch n1) 3) (duration>= (duration n2) 4) (not (rest? n2)) (= (note-category n2) C) (= (relative-pitch n2) 3) (pitch>= n1 n2))	(multiply-duration 0.5 (make-rest n1))	(multiply-duration 0.5 (transpose-diatonic -1 n1))	(multiply-duration 0.5 (transpose-diatonic 2 n2))	(multiply-duration 0.5 (transpose-diatonic #1 n2))
TR	rel-pitch-3-to-rest	1	true	n1 n2	(and (duration>= (duration n1) 4) (not (rest? n1)) (= (note-category n1) C) (= (relative-pitch n1) 3) (duration>= (duration n2) 4) (rest? n2))	(multiply-duration 0.5 (transpose-diatonic 2 n1))	(multiply-duration 0.5 (transpose-diatonic -1 n1))	n2
TR	rel-pitch-3-to-1	1	true	n1 n2	(and (duration>= (duration n1) 4) (not (rest? n1)) (= (note-category n1) C) (= (relative-pitch n1) 3) (duration>= (duration n2) 4) (not (rest? n2)) (= (note-category n2) C) (= (relative-pitch n2) 1) (pitch>= n1 n2))	(multiply-duration 0.5 (transpose-diatonic b1 n1))	(multiply-duration 0.5 (transpose-diatonic b-1 n1))	(multiply-duration 0.5 (transpose-diatonic 1 n2))	(multiply-duration 0.5 (transpose-diatonic -1 n2))
TR	rel-pitch-3-to-5	1	true	n1 n2	(and (duration>= (duration n1) 4) (not (rest? n1)) (= (note-category n1) C) (= (relative-pitch n1) 3) (duration>= (duration n2) 4) (not (rest? n2)) (= (note-category n2) C) (= (relative-pitch n2) 5) (pitch< n1 n2))	(multiply-duration 0.5 (transpose-diatonic 2 n1))	(multiply-duration 0.5 (transpose-diatonic #2 n1))	(multiply-duration 0.3333333333333333 (transpose-diatonic 1 n2))	(multiply-duration 0.3333333333333333 (transpose-diatonic #-1 n2))	(multiply-duration 0.3333333333333333 (transpose-diatonic -1 n2))
TR	rel-pitch-3-to-3	1	true	n1 n2	(and (duration>= (duration n1) 4) (not (rest? n1)) (= (note-category n1) C) (= (relative-pitch n1) 3) (duration>= (duration n2) 4) (not (rest? n2)) (= (note-category n2) C) (= (relative-pitch n2) 3) (pitch>= n1 n2))	(multiply-duration 0.5 (transpose-diatonic b1 n1))	(multiply-duration 0.5 (transpose-diatonic b-1 n1))	(multiply-duration 0.5 (transpose-diatonic b1 n2))	(multiply-duration 0.5 (transpose-diatonic b-1 n2))
TR	rel-pitch-3-to-3	1	true	n1 n2	(and (duration>= (duration n1) 4) (not (rest? n1)) (= (note-category n1) C) (= (relative-pitch n1) 3) (duration>= (duration n2) 4) (not (rest? n2)) (= (note-category n2) C) (= (relative-pitch n2) 3) (pitch>= n1 n2))	(multiply-duration 0.5 (transpose-diatonic 2 n1))	(multiply-duration 0.5 (transpose-diatonic -1 n1))	(multiply-duration 0.5 (transpose-diatonic b3 n2))	(multiply-duration 0.5 (transpose-diatonic -1 n2))
TR	rel-pitch-3-to-7	1	true	n1 n2	(and (duration>= (duration n1) 4) (not (rest? n1)) (= (note-category n1) C) (= (relative-pitch n1) 3) (duration>= (duration n2) 4) (not (rest? n2)) (= (note-category n2) C) (= (relative-pitch n2) 7) (pitch>= n1 n2))	(multiply-duration 0.5 (transpose-diatonic b1 n1))	(multiply-duration 0.5 (transpose-diatonic b-1 n1))	(multiply-duration 0.5 (transpose-diatonic #1 n2))	(multiply-duration 0.5 (transpose-diatonic -2 n2))
TR	rel-pitch-3-to-3	1	true	n1 n2	(and (duration>= (duration n1) 4) (not (rest? n1)) (= (note-category n1) C) (= (relative-pitch n1) 3) (duration>= (duration n2) 4) (not (rest? n2)) (= (note-category n2) C) (= (relative-pitch n2) 3) (pitch>= n1 n2))	(multiply-duration 0.5 (transpose-diatonic 2 n1))	(multiply-duration 0.5 (transpose-diatonic b-1 n1))	(multiply-duration 0.3333333333333333 (transpose-diatonic 1 n2))	(multiply-duration 0.3333333333333333 (transpose-diatonic 2 n2))	(multiply-duration 0.3333333333333333 (transpose-diatonic 1 n2))
TR	rel-pitch-3-to-3	1	true	n1 n2	(and (duration>= (duration n1) 4) (not (rest? n1)) (= (note-category n1) C) (= (relative-pitch n1) 3) (duration>= (duration n2) 4) (not (rest? n2)) (= (note-category n2) C) (= (relative-pitch n2) 3) (pitch>= n1 n2))	(multiply-duration 0.5 (transpose-diatonic 1 n1))	(multiply-duration 0.5 (transpose-diatonic -2 n1))	(multiply-duration 0.25 (transpose-diatonic -1 n2))	(multiply-duration 0.25 (transpose-diatonic 1 n2))	(multiply-duration 0.5 (transpose-diatonic 3 n2))
TR	rel-pitch-3-to-5	1	true	n1 n2	(and (duration>= (duration n1) 4) (not (rest? n1)) (= (note-category n1) C) (= (relative-pitch n1) 3) (duration>= (duration n2) 4) (not (rest? n2)) (= (note-category n2) C) (= (relative-pitch n2) 5) (pitch>= n1 n2))	(multiply-duration 0.5 (transpose-diatonic 1 n1))	(multiply-duration 0.5 (transpose-diatonic -2 n1))	(multiply-duration 0.5 (transpose-diatonic 1 n2))	(multiply-duration 0.5 (transpose-diatonic -1 n2))
TR	rel-pitch-3-to-5	1	true	n1 n2	(and (duration>= (duration n1) 4) (not (rest? n1)) (= (note-category n1) C) (= (relative-pitch n1) 3) (duration>= (duration n2) 4) (not (rest? n2)) (= (note-category n2) C) (= (relative-pitch n2) 5) (pitch>= n1 n2))	(multiply-duration 0.5 (transpose-diatonic 1 n1))	(multiply-duration 0.5 (transpose-diatonic -2 n1))	(multiply-duration 0.5 (transpose-diatonic 2 n2))	(multiply-duration 0.5 (transpose-diatonic -1 n2))
TR	rel-pitch-3-to-5	1	true	n1 n2	(and (duration>= (duration n1) 4) (not (rest? n1)) (= (note-category n1) C) (= (relative-pitch n1) 3) (duration>= (duration n2) 4) (not (rest? n2)) (= (note-category n2) C) (= (relative-pitch n2) 5) (pitch< n1 n2))	(multiply-duration 0.5 (transpose-diatonic 2 n1))	(multiply-duration 0.5 (transpose-diatonic #1 n1))	(multiply-duration 0.3333333333333333 (transpose-diatonic -2 n2))	(multiply-duration 0.3333333333333333 (transpose-diatonic 1 n2))	(multiply-duration 0.3333333333333333 (transpose-diatonic b3 n2))
TR	rel-pitch-3-to-3	1	true	n1 n2	(and (duration>= (duration n1) 4) (not (rest? n1)) (= (note-category n1) C) (= (relative-pitch n1) 3) (duration>= (duration n2) 4) (not (rest? n2)) (= (note-category n2) C) (= (relative-pitch n2) 3) (pitch>= n1 n2))	(multiply-duration 0.5 (transpose-diatonic 2 n1))	(multiply-duration 0.5 (transpose-diatonic #-1 n1))	(multiply-duration 0.5 (transpose-diatonic 1 n2))	(multiply-duration 0.5 (transpose-diatonic 2 n2))
TR	rel-pitch-3-to-3	1	true	n1 n2	(and (duration>= (duration n1) 4) (not (rest? n1)) (= (note-category n1) C) (= (relative-pitch n1) 3) (duration>= (duration n2) 4) (not (rest? n2)) (= (note-category n2) C) (= (relative-pitch n2) 3) (pitch>= n1 n2))	(multiply-duration 0.5 (transpose-diatonic 1 n1))	(multiply-duration 0.5 (transpose-diatonic -2 n1))	(multiply-duration 0.5 (transpose-diatonic 3 n2))	(multiply-duration 0.5 (transpose-diatonic 1 n2))
TR	rel-pitch-3-to-7	1	true	n1 n2	(and (duration>= (duration n1) 4) (not (rest? n1)) (= (note-category n1) C) (= (relative-pitch n1) 3) (duration>= (duration n2) 4) (not (rest? n2)) (= (note-category n2) C) (= (relative-pitch n2) 7) (pitch>= n1 n2))	(multiply-duration 0.5 (transpose-diatonic b1 n1))	(multiply-duration 0.5 (transpose-diatonic -1 n1))	(multiply-duration 0.5 (transpose-diatonic b3 n2))	(multiply-duration 0.5 (transpose-diatonic #-2 n2))
TR	rel-pitch-3-to-7	1	true	n1 n2	(and (duration>= (duration n1) 4) (not (rest? n1)) (= (note-category n1) C) (= (relative-pitch n1) 3) (duration>= (duration n2) 4) (not (rest? n2)) (= (note-category n2) C) (= (relative-pitch n2) 7) (pitch>= n1 n2))	(multiply-duration 0.5 (make-rest n1))	(multiply-duration 0.5 (transpose-diatonic 1 n1))	(multiply-duration 0.5 (transpose-diatonic 1 n2))	(multiply-duration 0.5 (transpose-diatonic -2 n2))
TR	rel-pitch-3-to-1	1	true	n1 n2	(and (duration>= (duration n1) 4) (not (rest? n1)) (= (note-category n1) C) (= (relative-pitch n1) 3) (duration>= (duration n2) 4) (not (rest? n2)) (= (note-category n2) C) (= (relative-pitch n2) 1) (pitch>= n1 n2))	(multiply-duration 1.0 (transpose-diatonic b1 n1))	(multiply-duration 0.5 (transpose-diatonic b2 n2))	(multiply-duration 0.5 (transpose-diatonic 1 n2))
TR	rel-pitch-3-to-3	1	true	n1 n2	(and (duration>= (duration n1) 4) (not (rest? n1)) (= (note-category n1) C) (= (relative-pitch n1) 3) (duration>= (duration n2) 4) (not (rest? n2)) (= (note-category n2) C) (= (relative-pitch n2) 3) (pitch>= n1 n2))	(multiply-duration 1.0 (transpose-diatonic 1 n1))	(multiply-duration 0.5 (transpose-diatonic 1 n2))	(multiply-duration 0.5 (transpose-diatonic 2 n2))
TR	rel-pitch-3-to-3	1	true	n1 n2	(and (duration>= (duration n1) 4) (not (rest? n1)) (= (note-category n1) C) (= (relative-pitch n1) 3) (duration>= (duration n2) 4) (not (rest? n2)) (= (note-category n2) C) (= (relative-pitch n2) 3) (pitch>= n1 n2))	(multiply-duration 0.5 (make-rest n1))	(multiply-duration 0.5 (transpose-diatonic 1 n1))	(multiply-duration 1.0 (transpose-diatonic 1 n2))
TR	rel-pitch-3	2	true	n1	(and (duration>= (duration n1) 4) (not (rest? n1)) (= (note-category n1) C) (= (relative-pitch n1) 3))	(multiply-duration 1.0 (transpose-diatonic 2 n1))
TR	rel-pitch-3	3	true	n1	(and (duration>= (duration n1) 4) (not (rest? n1)) (= (note-category n1) C) (= (relative-pitch n1) 3))	(multiply-duration 0.5 (transpose-diatonic -2 n1))	(multiply-duration 0.5 (transpose-diatonic 1 n1))
TR	rel-pitch-3	4	true	n1	(and (duration>= (duration n1) 4) (not (rest? n1)) (= (note-category n1) C) (= (relative-pitch n1) 3))	(multiply-duration 0.5 (transpose-diatonic b1 n1))	(multiply-duration 0.5 (transpose-diatonic 1 n1))
TR	rel-pitch-3	7	true	n1	(and (duration>= (duration n1) 4) (not (rest? n1)) (= (note-category n1) C) (= (relative-pitch n1) 3))	(multiply-duration 0.5 (make-rest n1))	(multiply-duration 0.5 (transpose-diatonic -1 n1))
TR	rel-pitch-3	1	true	n1	(and (duration>= (duration n1) 4) (not (rest? n1)) (= (note-category n1) C) (= (relative-pitch n1) 3))	(multiply-duration 0.5 (transpose-diatonic #1 n1))	(multiply-duration 0.5 (transpose-diatonic 2 n1))
TR	rel-pitch-3	12	true	n1	(and (duration>= (duration n1) 4) (not (rest? n1)) (= (note-category n1) C) (= (relative-pitch n1) 3))	(multiply-duration 0.5 (transpose-diatonic 2 n1))	(multiply-duration 0.5 (transpose-diatonic #1 n1))
TR	rel-pitch-3	12	true	n1	(and (duration>= (duration n1) 4) (not (rest? n1)) (= (note-category n1) C) (= (relative-pitch n1) 3))	(multiply-duration 0.5 (transpose-diatonic 2 n1))	(multiply-duration 0.5 (transpose-diatonic -1 n1))
TR	rel-pitch-3	11	true	n1	(and (duration>= (duration n1) 4) (not (rest? n1)) (= (note-category n1) C) (= (relative-pitch n1) 3))	(multiply-duration 0.5 (transpose-diatonic 1 n1))	(multiply-duration 0.5 (transpose-diatonic -1 n1))
TR	rel-pitch-3	28	true	n1	(and (duration>= (duration n1) 4) (not (rest? n1)) (= (note-category n1) C) (= (relative-pitch n1) 3))	(multiply-duration 0.5 (transpose-diatonic 1 n1))	(multiply-duration 0.5 (transpose-diatonic 3 n1))
TR	rel-pitch-3	8	true	n1	(and (duration>= (duration n1) 4) (not (rest? n1)) (= (note-category n1) C) (= (relative-pitch n1) 3))	(multiply-duration 0.5 (make-rest n1))	(multiply-duration 0.5 (transpose-diatonic b1 n1))
TR	rel-pitch-3	4	true	n1	(and (duration>= (duration n1) 4) (not (rest? n1)) (= (note-category n1) C) (= (relative-pitch n1) 3))	(multiply-duration 1.0 (transpose-diatonic b1 n1))
TR	rel-pitch-3	15	true	n1	(and (duration>= (duration n1) 4) (not (rest? n1)) (= (note-category n1) C) (= (relative-pitch n1) 3))	(multiply-duration 0.5 (transpose-diatonic 3 n1))	(multiply-duration 0.5 (transpose-diatonic 1 n1))
TR	rel-pitch-3	13	true	n1	(and (duration>= (duration n1) 4) (not (rest? n1)) (= (note-category n1) C) (= (relative-pitch n1) 3))	(multiply-duration 0.5 (transpose-diatonic 2 n1))	(multiply-duration 0.5 (transpose-diatonic 1 n1))
TR	rel-pitch-3	3	true	n1	(and (duration>= (duration n1) 4) (not (rest? n1)) (= (note-category n1) C) (= (relative-pitch n1) 3))	(multiply-duration 1.0 (transpose-diatonic #-1 n1))
TR	rel-pitch-3	2	true	n1	(and (duration>= (duration n1) 4) (not (rest? n1)) (= (note-category n1) C) (= (relative-pitch n1) 3))	(multiply-duration 1.0 (transpose-diatonic -1 n1))
TR	rel-pitch-3	7	true	n1	(and (duration>= (duration n1) 4) (not (rest? n1)) (= (note-category n1) C) (= (relative-pitch n1) 3))	(multiply-duration 0.5 (make-rest n1))	(multiply-duration 0.5 (transpose-diatonic 1 n1))
TR	rel-pitch-3	2	true	n1	(and (duration>= (duration n1) 4) (not (rest? n1)) (= (note-category n1) C) (= (relative-pitch n1) 3))	(multiply-duration 0.5 (transpose-diatonic 3 n1))	(multiply-duration 0.5 (transpose-diatonic -2 n1))
TR	rel-pitch-3	26	true	n1	(and (duration>= (duration n1) 4) (not (rest? n1)) (= (note-category n1) C) (= (relative-pitch n1) 3))	(multiply-duration 1.0 (transpose-diatonic 1 n1))
TR	rel-pitch-3	6	true	n1	(and (duration>= (duration n1) 4) (not (rest? n1)) (= (note-category n1) C) (= (relative-pitch n1) 3))	(multiply-duration 0.5 (transpose-diatonic b1 n1))	(multiply-duration 0.5 (transpose-diatonic b-1 n1))
TR	rel-pitch-3	2	true	n1	(and (duration>= (duration n1) 4) (not (rest? n1)) (= (note-category n1) C) (= (relative-pitch n1) 3))	(multiply-duration 0.5 (transpose-diatonic b-1 n1))	(multiply-duration 0.5 (transpose-diatonic 1 n1))
TR	rel-pitch-3	3	true	n1	(and (duration>= (duration n1) 4) (not (rest? n1)) (= (note-category n1) C) (= (relative-pitch n1) 3))	(multiply-duration 0.5 (transpose-diatonic 2 n1))	(multiply-duration 0.5 (transpose-diatonic #-1 n1))
TR	rel-pitch-3	3	true	n1	(and (duration>= (duration n1) 4) (not (rest? n1)) (= (note-category n1) C) (= (relative-pitch n1) 3))	(multiply-duration 0.5 (transpose-diatonic 1 n1))	(multiply-duration 0.5 (transpose-diatonic b1 n1))
TR	rel-pitch-3	2	true	n1	(and (duration>= (duration n1) 4) (not (rest? n1)) (= (note-category n1) C) (= (relative-pitch n1) 3))	(multiply-duration 0.5 (transpose-diatonic #2 n1))	(multiply-duration 0.5 (transpose-diatonic b1 n1))
TR	rel-pitch-3	1	true	n1	(and (duration>= (duration n1) 4) (not (rest? n1)) (= (note-category n1) C) (= (relative-pitch n1) 3))	(multiply-duration 0.5 (transpose-diatonic #-1 n1))	(multiply-duration 0.5 (transpose-diatonic 2 n1))
TR	rel-pitch-3	5	true	n1	(and (duration>= (duration n1) 4) (not (rest? n1)) (= (note-category n1) C) (= (relative-pitch n1) 3))	(multiply-duration 0.5 (transpose-diatonic b1 n1))	(multiply-duration 0.5 (transpose-diatonic -1 n1))
TR	rel-pitch-3	1	true	n1	(and (duration>= (duration n1) 4) (not (rest? n1)) (= (note-category n1) C) (= (relative-pitch n1) 3))	(multiply-duration 0.5 (transpose-diatonic b1 n1))	(multiply-duration 0.5 (transpose-diatonic #2 n1))
TR	rel-pitch-3	19	true	n1	(and (duration>= (duration n1) 4) (not (rest? n1)) (= (note-category n1) C) (= (relative-pitch n1) 3))	(multiply-duration 0.5 (transpose-diatonic 1 n1))	(multiply-duration 0.5 (transpose-diatonic 2 n1))
TR	rel-pitch-3	5	true	n1	(and (duration>= (duration n1) 4) (not (rest? n1)) (= (note-category n1) C) (= (relative-pitch n1) 3))	(multiply-duration 0.5 (transpose-diatonic -1 n1))	(multiply-duration 0.5 (transpose-diatonic 2 n1))
TR	rel-pitch-3	3	true	n1	(and (duration>= (duration n1) 4) (not (rest? n1)) (= (note-category n1) C) (= (relative-pitch n1) 3))	(multiply-duration 0.5 (transpose-diatonic 2 n1))	(multiply-duration 0.5 (transpose-diatonic b1 n1))
TR	rel-pitch-3	2	true	n1	(and (duration>= (duration n1) 4) (not (rest? n1)) (= (note-category n1) C) (= (relative-pitch n1) 3))	(multiply-duration 0.5 (transpose-diatonic -2 n1))	(multiply-duration 0.5 (transpose-diatonic 2 n1))
TR	rel-pitch-3	4	true	n1	(and (duration>= (duration n1) 4) (not (rest? n1)) (= (note-category n1) C) (= (relative-pitch n1) 3))	(multiply-duration 0.5 (transpose-diatonic b-1 n1))	(multiply-duration 0.5 (transpose-diatonic b1 n1))
TR	rel-pitch-3	1	true	n1	(and (duration>= (duration n1) 4) (not (rest? n1)) (= (note-category n1) C) (= (relative-pitch n1) 3))	(multiply-duration 0.5 (transpose-diatonic #-3 n1))	(multiply-duration 0.5 (transpose-diatonic 3 n1))
TR	rel-pitch-3	14	true	n1	(and (duration>= (duration n1) 4) (not (rest? n1)) (= (note-category n1) C) (= (relative-pitch n1) 3))	(multiply-duration 0.5 (transpose-diatonic 1 n1))	(multiply-duration 0.5 (transpose-diatonic -2 n1))
TR	rel-pitch-3	1	true	n1	(and (duration>= (duration n1) 4) (not (rest? n1)) (= (note-category n1) C) (= (relative-pitch n1) 3))	(multiply-duration 0.5 (transpose-diatonic #2 n1))	(multiply-duration 0.5 (transpose-diatonic -1 n1))
TR	rel-pitch-3	4	true	n1	(and (duration>= (duration n1) 4) (not (rest? n1)) (= (note-category n1) C) (= (relative-pitch n1) 3))	(multiply-duration 0.5 (transpose-diatonic 2 n1))	(multiply-duration 0.5 (transpose-diatonic b-1 n1))
TR	rel-pitch-3	1	true	n1	(and (duration>= (duration n1) 4) (not (rest? n1)) (= (note-category n1) C) (= (relative-pitch n1) 3))	(multiply-duration 0.3333333333333333 (transpose-diatonic b1 n1))	(multiply-duration 0.3333333333333333 (transpose-diatonic -1 n1))	(multiply-duration 0.3333333333333333 (transpose-diatonic b-1 n1))
TR	rel-pitch-3	1	true	n1	(and (duration>= (duration n1) 4) (not (rest? n1)) (= (note-category n1) C) (= (relative-pitch n1) 3))	(multiply-duration 0.3333333333333333 (transpose-diatonic b1 n1))	(multiply-duration 0.3333333333333333 (transpose-diatonic 2 n1))	(multiply-duration 0.3333333333333333 (transpose-diatonic b1 n1))
TR	rel-pitch-3	1	true	n1	(and (duration>= (duration n1) 4) (not (rest? n1)) (= (note-category n1) C) (= (relative-pitch n1) 3))	(multiply-duration 0.5 (transpose-diatonic b-1 n1))	(multiply-duration 0.5 (transpose-diatonic #2 n1))
TR	rel-pitch-3	1	true	n1	(and (duration>= (duration n1) 4) (not (rest? n1)) (= (note-category n1) C) (= (relative-pitch n1) 3))	(multiply-duration 0.3333333333333333 (transpose-diatonic 2 n1))	(multiply-duration 0.3333333333333333 (transpose-diatonic -1 n1))	(multiply-duration 0.3333333333333333 (transpose-diatonic 2 n1))
TR	rel-pitch-3	1	true	n1	(and (duration>= (duration n1) 4) (not (rest? n1)) (= (note-category n1) C) (= (relative-pitch n1) 3))	(multiply-duration 0.3333333333333333 (transpose-diatonic 1 n1))	(multiply-duration 0.3333333333333333 (transpose-diatonic -2 n1))	(multiply-duration 0.3333333333333333 (transpose-diatonic 1 n1))
TR	rel-pitch-3	2	true	n1	(and (duration>= (duration n1) 4) (not (rest? n1)) (= (note-category n1) C) (= (relative-pitch n1) 3))	(multiply-duration 0.5 (transpose-diatonic -2 n1))	(multiply-duration 0.5 (transpose-diatonic 3 n1))
TR	rel-pitch-3	1	true	n1	(and (duration>= (duration n1) 4) (not (rest? n1)) (= (note-category n1) C) (= (relative-pitch n1) 3))	(multiply-duration 0.3333333333333333 (transpose-diatonic 2 n1))	(multiply-duration 0.3333333333333333 (transpose-diatonic #1 n1))	(multiply-duration 0.3333333333333333 (transpose-diatonic 1 n1))
TR	rel-pitch-3	1	true	n1	(and (duration>= (duration n1) 4) (not (rest? n1)) (= (note-category n1) C) (= (relative-pitch n1) 3))	(multiply-duration 0.3333333333333333 (transpose-diatonic -1 n1))	(multiply-duration 0.3333333333333333 (transpose-diatonic 1 n1))	(multiply-duration 0.3333333333333333 (transpose-diatonic #1 n1))
TR	rel-pitch-3	1	true	n1	(and (duration>= (duration n1) 4) (not (rest? n1)) (= (note-category n1) C) (= (relative-pitch n1) 3))	(multiply-duration 0.5 (transpose-diatonic -1 n1))	(multiply-duration 0.5 (transpose-diatonic #2 n1))
TR	rel-pitch-3	1	true	n1	(and (duration>= (duration n1) 4) (not (rest? n1)) (= (note-category n1) C) (= (relative-pitch n1) 3))	(multiply-duration 0.5 (transpose-diatonic 2 n1))	(multiply-duration 0.5 (transpose-diatonic -2 n1))
TR	rel-pitch-3	1	true	n1	(and (duration>= (duration n1) 4) (not (rest? n1)) (= (note-category n1) C) (= (relative-pitch n1) 3))	(multiply-duration 0.5 (transpose-diatonic 1 n1))	(multiply-duration 0.5 (transpose-diatonic b-1 n1))
TR	rel-pitch-3	2	true	n1	(and (duration>= (duration n1) 4) (not (rest? n1)) (= (note-category n1) C) (= (relative-pitch n1) 3))	(multiply-duration 0.5 (transpose-diatonic b1 n1))	(multiply-duration 0.5 (transpose-diatonic 2 n1))
TR	rel-pitch-3	1	true	n1	(and (duration>= (duration n1) 4) (not (rest? n1)) (= (note-category n1) C) (= (relative-pitch n1) 3))	(multiply-duration 0.3333333333333333 (transpose-diatonic 3 n1))	(multiply-duration 0.6666666666666666 (transpose-diatonic 1 n1))
TR	rel-pitch-3	1	true	n1	(and (duration>= (duration n1) 4) (not (rest? n1)) (= (note-category n1) C) (= (relative-pitch n1) 3))	(multiply-duration 0.5 (transpose-diatonic -1 n1))	(multiply-duration 0.5 (transpose-diatonic 1 n1))
TR	rel-pitch-3	1	true	n1	(and (duration>= (duration n1) 4) (not (rest? n1)) (= (note-category n1) C) (= (relative-pitch n1) 3))	(multiply-duration 0.5 (transpose-diatonic 3 n1))	(multiply-duration 0.5 (transpose-diatonic b-1 n1))
TR	rel-pitch-3	1	true	n1	(and (duration>= (duration n1) 4) (not (rest? n1)) (= (note-category n1) C) (= (relative-pitch n1) 3))	(multiply-duration 0.5 (transpose-diatonic 1 n1))	(multiply-duration 0.5 (transpose-diatonic #2 n1))
TR	rel-pitch-3	2	true	n1	(and (duration>= (duration n1) 4) (not (rest? n1)) (= (note-category n1) C) (= (relative-pitch n1) 3))	(multiply-duration 0.5 (transpose-diatonic b3 n1))	(multiply-duration 0.5 (transpose-diatonic -1 n1))
TR	rel-pitch-3	1	true	n1	(and (duration>= (duration n1) 4) (not (rest? n1)) (= (note-category n1) C) (= (relative-pitch n1) 3))	(multiply-duration 0.5 (transpose-diatonic -3 n1))	(multiply-duration 0.5 (transpose-diatonic 3 n1))
TR	rel-pitch-3	1	true	n1	(and (duration>= (duration n1) 4) (not (rest? n1)) (= (note-category n1) C) (= (relative-pitch n1) 3))	(multiply-duration 0.5 (transpose-diatonic 3 n1))	(multiply-duration 0.5 (transpose-diatonic #-1 n1))
TR	rel-pitch-3	2	true	n1	(and (duration>= (duration n1) 4) (not (rest? n1)) (= (note-category n1) C) (= (relative-pitch n1) 3))	(multiply-duration 0.5 (transpose-diatonic 2 n1))	(multiply-duration 0.5 (transpose-diatonic #2 n1))
TR	rel-pitch-3	1	true	n1	(and (duration>= (duration n1) 4) (not (rest? n1)) (= (note-category n1) C) (= (relative-pitch n1) 3))	(multiply-duration 0.5 (transpose-diatonic -1 n1))	(multiply-duration 0.5 (transpose-diatonic #1 n1))
TR	rel-pitch-3	1	true	n1	(and (duration>= (duration n1) 4) (not (rest? n1)) (= (note-category n1) C) (= (relative-pitch n1) 3))	(multiply-duration 0.3333333333333333 (transpose-diatonic 1 n1))	(multiply-duration 0.3333333333333333 (transpose-diatonic 2 n1))	(multiply-duration 0.3333333333333333 (transpose-diatonic 1 n1))
TR	rel-pitch-3	1	true	n1	(and (duration>= (duration n1) 4) (not (rest? n1)) (= (note-category n1) C) (= (relative-pitch n1) 3))	(multiply-duration 0.25 (transpose-diatonic -1 n1))	(multiply-duration 0.25 (transpose-diatonic 1 n1))	(multiply-duration 0.5 (transpose-diatonic 3 n1))
SUB	quarter-first-rel-pitch-#4	motif	1	true
TR	rel-pitch-#4-to-#4	1	true	n1 n2	(and (duration>= (duration n1) 4) (not (rest? n1)) (= (note-category n1) C) (= (relative-pitch n1) #4) (duration>= (duration n2) 4) (not (rest? n2)) (= (note-category n2) C) (= (relative-pitch n2) #4) (pitch>= n1 n2))	(multiply-duration 0.5 (transpose-diatonic 2 n1))	(multiply-duration 0.5 (transpose-diatonic b1 n1))	(multiply-duration 0.5 (transpose-diatonic 1 n2))	(multiply-duration 0.25 (transpose-diatonic 2 n2))	(multiply-duration 0.25 (transpose-diatonic 1 n2))
TR	rel-pitch-#4-to-1	1	true	n1 n2	(and (duration>= (duration n1) 4) (not (rest? n1)) (= (note-category n1) C) (= (relative-pitch n1) #4) (duration>= (duration n2) 4) (not (rest? n2)) (= (note-category n2) C) (= (relative-pitch n2) 1) (pitch< n1 n2))	(multiply-duration 0.5 (transpose-diatonic b-1 n1))	(multiply-duration 0.5 (transpose-diatonic b2 n1))	(multiply-duration 0.5 (transpose-diatonic -1 n2))	(multiply-duration 0.5 (transpose-diatonic 2 n2))
TR	rel-pitch-#4-to-3	1	true	n1 n2	(and (duration>= (duration n1) 4) (not (rest? n1)) (= (note-category n1) C) (= (relative-pitch n1) #4) (duration>= (duration n2) 4) (not (rest? n2)) (= (note-category n2) C) (= (relative-pitch n2) 3) (pitch>= n1 n2))	(multiply-duration 0.5 (transpose-diatonic b2 n1))	(multiply-duration 0.5 (transpose-diatonic 1 n1))	(multiply-duration 0.5 (transpose-diatonic 1 n2))	(multiply-duration 0.5 (transpose-diatonic b1 n2))
TR	rel-pitch-#4-to-1	1	true	n1 n2	(and (duration>= (duration n1) 4) (not (rest? n1)) (= (note-category n1) C) (= (relative-pitch n1) #4) (duration>= (duration n2) 4) (not (rest? n2)) (= (note-category n2) C) (= (relative-pitch n2) 1) (pitch>= n1 n2))	(multiply-duration 0.5 (transpose-diatonic 2 n1))	(multiply-duration 0.5 (transpose-diatonic b-1 n1))	(multiply-duration 0.5 (transpose-diatonic b2 n2))	(multiply-duration 0.5 (transpose-diatonic -2 n2))
TR	rel-pitch-#4-to-#4	1	true	n1 n2	(and (duration>= (duration n1) 4) (not (rest? n1)) (= (note-category n1) C) (= (relative-pitch n1) #4) (duration>= (duration n2) 4) (not (rest? n2)) (= (note-category n2) C) (= (relative-pitch n2) #4) (pitch>= n1 n2))	(multiply-duration 0.5 (transpose-diatonic b2 n1))	(multiply-duration 0.5 (transpose-diatonic 1 n1))	(multiply-duration 0.5 (transpose-diatonic b2 n2))	(multiply-duration 0.5 (transpose-diatonic 1 n2))
TR	rel-pitch-#4-to-1	1	true	n1 n2	(and (duration>= (duration n1) 4) (not (rest? n1)) (= (note-category n1) C) (= (relative-pitch n1) #4) (duration>= (duration n2) 4) (not (rest? n2)) (= (note-category n2) C) (= (relative-pitch n2) 1) (pitch< n1 n2))	(multiply-duration 0.5 (transpose-diatonic b-1 n1))	(multiply-duration 0.5 (transpose-diatonic b2 n1))	(multiply-duration 0.5 (transpose-diatonic -1 n2))	(multiply-duration 0.5 (transpose-diatonic 1 n2))
TR	rel-pitch-#4-to-3	1	true	n1 n2	(and (duration>= (duration n1) 4) (not (rest? n1)) (= (note-category n1) C) (= (relative-pitch n1) #4) (duration>= (duration n2) 4) (not (rest? n2)) (= (note-category n2) C) (= (relative-pitch n2) 3) (pitch>= n1 n2))	(multiply-duration 0.5 (transpose-diatonic b2 n1))	(multiply-duration 0.5 (transpose-diatonic 1 n1))	(multiply-duration 0.5 (transpose-diatonic 2 n2))	(multiply-duration 0.5 (transpose-diatonic 1 n2))
TR	rel-pitch-#4-to-b2	1	true	n1 n2	(and (duration>= (duration n1) 4) (not (rest? n1)) (= (note-category n1) C) (= (relative-pitch n1) #4) (duration>= (duration n2) 4) (not (rest? n2)) (= (note-category n2) C) (= (relative-pitch n2) b2) (pitch>= n1 n2))	(multiply-duration 0.5 (make-rest n1))	(multiply-duration 0.5 (transpose-diatonic b1 n1))	(multiply-duration 1.0 (transpose-diatonic #1 n2))
TR	rel-pitch-#4-to-3	1	true	n1 n2	(and (duration>= (duration n1) 4) (not (rest? n1)) (= (note-category n1) C) (= (relative-pitch n1) #4) (duration>= (duration n2) 4) (not (rest? n2)) (= (note-category n2) C) (= (relative-pitch n2) 3) (pitch>= n1 n2))	(multiply-duration 0.5 (transpose-diatonic 2 n1))	(multiply-duration 0.5 (transpose-diatonic b-1 n1))	(multiply-duration 0.5 (transpose-diatonic b1 n2))	(multiply-duration 0.5 (transpose-diatonic b-1 n2))
TR	rel-pitch-#4-to-6	1	true	n1 n2	(and (duration>= (duration n1) 4) (not (rest? n1)) (= (note-category n1) C) (= (relative-pitch n1) #4) (duration>= (duration n2) 4) (not (rest? n2)) (= (note-category n2) C) (= (relative-pitch n2) 6) (pitch< n1 n2))	(multiply-duration 0.5 (transpose-diatonic b1 n1))	(multiply-duration 0.5 (transpose-diatonic 1 n1))	(multiply-duration 0.5 (transpose-diatonic #-1 n2))	(multiply-duration 0.5 (transpose-diatonic 1 n2))
TR	rel-pitch-#4-to-7	1	true	n1 n2	(and (duration>= (duration n1) 4) (not (rest? n1)) (= (note-category n1) C) (= (relative-pitch n1) #4) (duration>= (duration n2) 4) (not (rest? n2)) (= (note-category n2) C) (= (relative-pitch n2) 7) (pitch< n1 n2))	(multiply-duration 0.5 (transpose-diatonic b1 n1))	(multiply-duration 0.5 (transpose-diatonic b2 n1))	(multiply-duration 0.5 (transpose-diatonic -1 n2))	(multiply-duration 0.5 (transpose-diatonic #1 n2))
TR	rel-pitch-#4-to-6	1	true	n1 n2	(and (duration>= (duration n1) 4) (not (rest? n1)) (= (note-category n1) C) (= (relative-pitch n1) #4) (duration>= (duration n2) 4) (not (rest? n2)) (= (note-category n2) C) (= (relative-pitch n2) 6) (pitch< n1 n2))	(multiply-duration 0.5 (make-rest n1))	(multiply-duration 0.5 (transpose-diatonic b1 n1))	(multiply-duration 0.3333333333333333 (transpose-diatonic -1 n2))	(multiply-duration 0.3333333333333333 (transpose-diatonic 1 n2))	(multiply-duration 0.3333333333333333 (transpose-diatonic 3 n2))
TR	rel-pitch-#4-to-rest	1	true	n1 n2	(and (duration>= (duration n1) 4) (not (rest? n1)) (= (note-category n1) C) (= (relative-pitch n1) #4) (duration>= (duration n2) 4) (rest? n2))	(multiply-duration 1.0 (transpose-diatonic b1 n1))	n2
TR	rel-pitch-#4-to-#4	1	true	n1 n2	(and (duration>= (duration n1) 4) (not (rest? n1)) (= (note-category n1) C) (= (relative-pitch n1) #4) (duration>= (duration n2) 4) (not (rest? n2)) (= (note-category n2) C) (= (relative-pitch n2) #4) (pitch>= n1 n2))	(multiply-duration 0.3333333333333333 (transpose-diatonic b-1 n1))	(multiply-duration 0.3333333333333333 (transpose-diatonic b1 n1))	(multiply-duration 0.3333333333333333 (transpose-diatonic 1 n1))	(multiply-duration 0.3333333333333333 (transpose-diatonic b2 n2))	(multiply-duration 0.3333333333333333 (transpose-diatonic 1 n2))	(multiply-duration 0.3333333333333333 (transpose-diatonic b1 n2))
TR	rel-pitch-#4-to-7	1	true	n1 n2	(and (duration>= (duration n1) 4) (not (rest? n1)) (= (note-category n1) C) (= (relative-pitch n1) #4) (duration>= (duration n2) 4) (not (rest? n2)) (= (note-category n2) C) (= (relative-pitch n2) 7) (pitch< n1 n2))	(multiply-duration 0.5 (transpose-diatonic b1 n1))	(multiply-duration 0.5 (transpose-diatonic b2 n1))	(multiply-duration 0.5 (transpose-diatonic -1 n2))	(multiply-duration 0.5 (transpose-diatonic 2 n2))
TR	rel-pitch-#4-to-6	1	true	n1 n2	(and (duration>= (duration n1) 4) (not (rest? n1)) (= (note-category n1) C) (= (relative-pitch n1) #4) (duration>= (duration n2) 4) (not (rest? n2)) (= (note-category n2) C) (= (relative-pitch n2) 6) (pitch< n1 n2))	(multiply-duration 0.5 (transpose-diatonic b1 n1))	(multiply-duration 0.5 (transpose-diatonic b2 n1))	(multiply-duration 0.5 (transpose-diatonic 1 n2))	(multiply-duration 0.5 (transpose-diatonic 2 n2))
TR	rel-pitch-#4	1	true	n1	(and (duration>= (duration n1) 4) (not (rest? n1)) (= (note-category n1) C) (= (relative-pitch n1) #4))	(multiply-duration 0.5 (transpose-diatonic 1 n1))	(multiply-duration 0.25 (transpose-diatonic 2 n1))	(multiply-duration 0.25 (transpose-diatonic 1 n1))
TR	rel-pitch-#4	2	true	n1	(and (duration>= (duration n1) 4) (not (rest? n1)) (= (note-category n1) C) (= (relative-pitch n1) #4))	(multiply-duration 0.5 (transpose-diatonic 2 n1))	(multiply-duration 0.5 (transpose-diatonic b1 n1))
TR	rel-pitch-#4	3	true	n1	(and (duration>= (duration n1) 4) (not (rest? n1)) (= (note-category n1) C) (= (relative-pitch n1) #4))	(multiply-duration 0.5 (transpose-diatonic b2 n1))	(multiply-duration 0.5 (transpose-diatonic b-1 n1))
TR	rel-pitch-#4	2	true	n1	(and (duration>= (duration n1) 4) (not (rest? n1)) (= (note-category n1) C) (= (relative-pitch n1) #4))	(multiply-duration 0.5 (transpose-diatonic b-1 n1))	(multiply-duration 0.5 (transpose-diatonic b2 n1))
TR	rel-pitch-#4	6	true	n1	(and (duration>= (duration n1) 4) (not (rest? n1)) (= (note-category n1) C) (= (relative-pitch n1) #4))	(multiply-duration 0.5 (transpose-diatonic b2 n1))	(multiply-duration 0.5 (transpose-diatonic 1 n1))
TR	rel-pitch-#4	3	true	n1	(and (duration>= (duration n1) 4) (not (rest? n1)) (= (note-category n1) C) (= (relative-pitch n1) #4))	(multiply-duration 0.5 (make-rest n1))	(multiply-duration 0.5 (transpose-diatonic b1 n1))
TR	rel-pitch-#4	4	true	n1	(and (duration>= (duration n1) 4) (not (rest? n1)) (= (note-category n1) C) (= (relative-pitch n1) #4))	(multiply-duration 0.5 (transpose-diatonic 2 n1))	(multiply-duration 0.5 (transpose-diatonic b-1 n1))
TR	rel-pitch-#4	2	true	n1	(and (duration>= (duration n1) 4) (not (rest? n1)) (= (note-category n1) C) (= (relative-pitch n1) #4))	(multiply-duration 0.5 (transpose-diatonic b2 n1))	(multiply-duration 0.5 (transpose-diatonic b1 n1))
TR	rel-pitch-#4	1	true	n1	(and (duration>= (duration n1) 4) (not (rest? n1)) (= (note-category n1) C) (= (relative-pitch n1) #4))	(multiply-duration 0.5 (transpose-diatonic 1 n1))	(multiply-duration 0.5 (transpose-diatonic 1 n1))
TR	rel-pitch-#4	1	true	n1	(and (duration>= (duration n1) 4) (not (rest? n1)) (= (note-category n1) C) (= (relative-pitch n1) #4))	(multiply-duration 0.5 (transpose-diatonic b1 n1))	(multiply-duration 0.5 (transpose-diatonic 1 n1))
TR	rel-pitch-#4	3	true	n1	(and (duration>= (duration n1) 4) (not (rest? n1)) (= (note-category n1) C) (= (relative-pitch n1) #4))	(multiply-duration 0.5 (transpose-diatonic b1 n1))	(multiply-duration 0.5 (transpose-diatonic b2 n1))
TR	rel-pitch-#4	1	true	n1	(and (duration>= (duration n1) 4) (not (rest? n1)) (= (note-category n1) C) (= (relative-pitch n1) #4))	(multiply-duration 1.0 (transpose-diatonic b1 n1))
TR	rel-pitch-#4	1	true	n1	(and (duration>= (duration n1) 4) (not (rest? n1)) (= (note-category n1) C) (= (relative-pitch n1) #4))	(multiply-duration 0.3333333333333333 (transpose-diatonic b2 n1))	(multiply-duration 0.3333333333333333 (transpose-diatonic 1 n1))	(multiply-duration 0.3333333333333333 (transpose-diatonic b1 n1))
TR	rel-pitch-#4	1	true	n1	(and (duration>= (duration n1) 4) (not (rest? n1)) (= (note-category n1) C) (= (relative-pitch n1) #4))	(multiply-duration 0.3333333333333333 (transpose-diatonic b-1 n1))	(multiply-duration 0.3333333333333333 (transpose-diatonic b1 n1))	(multiply-duration 0.3333333333333333 (transpose-diatonic 1 n1))
TR	rel-pitch-#4	1	true	n1	(and (duration>= (duration n1) 4) (not (rest? n1)) (= (note-category n1) C) (= (relative-pitch n1) #4))	(multiply-duration 0.5 (transpose-diatonic b2 n1))	(multiply-duration 0.5 (transpose-diatonic bb-1 n1))
TR	rel-pitch-#4	1	true	n1	(and (duration>= (duration n1) 4) (not (rest? n1)) (= (note-category n1) C) (= (relative-pitch n1) #4))	(multiply-duration 0.5 (transpose-diatonic 1 n1))	(multiply-duration 0.5 (transpose-diatonic b-1 n1))
TR	rel-pitch-#4	3	true	n1	(and (duration>= (duration n1) 4) (not (rest? n1)) (= (note-category n1) C) (= (relative-pitch n1) #4))	(multiply-duration 0.5 (transpose-diatonic b-1 n1))	(multiply-duration 0.5 (transpose-diatonic 1 n1))
SUB	quarter-first-rel-pitch-1	motif	1	true
TR	rel-pitch-1-to-7	1	true	n1 n2	(and (duration>= (duration n1) 4) (not (rest? n1)) (= (note-category n1) C) (= (relative-pitch n1) 1) (duration>= (duration n2) 4) (not (rest? n2)) (= (note-category n2) C) (= (relative-pitch n2) 7) (pitch>= n1 n2))	(multiply-duration 0.5 (transpose-diatonic -1 n1))	(multiply-duration 0.5 (transpose-diatonic 2 n1))	(multiply-duration 0.5 (transpose-diatonic 2 n2))	(multiply-duration 0.5 (transpose-diatonic -1 n2))
TR	rel-pitch-1-to-5	2	true	n1 n2	(and (duration>= (duration n1) 4) (not (rest? n1)) (= (note-category n1) C) (= (relative-pitch n1) 1) (duration>= (duration n2) 4) (not (rest? n2)) (= (note-category n2) C) (= (relative-pitch n2) 5) (pitch>= n1 n2))	(multiply-duration 0.5 (make-rest n1))	(multiply-duration 0.5 (transpose-diatonic 1 n1))	(multiply-duration 0.5 (transpose-diatonic 2 n2))	(multiply-duration 0.5 (transpose-diatonic -1 n2))
TR	rel-pitch-1-to-3	1	true	n1 n2	(and (duration>= (duration n1) 4) (not (rest? n1)) (= (note-category n1) C) (= (relative-pitch n1) 1) (duration>= (duration n2) 4) (not (rest? n2)) (= (note-category n2) C) (= (relative-pitch n2) 3) (pitch< n1 n2))	(multiply-duration 0.5 (transpose-diatonic -1 n1))	(multiply-duration 0.5 (transpose-diatonic 2 n1))	(multiply-duration 0.5 (make-rest n2))	(multiply-duration 0.5 (transpose-diatonic -1 n2))
TR	rel-pitch-1-to-7	3	true	n1 n2	(and (duration>= (duration n1) 4) (not (rest? n1)) (= (note-category n1) C) (= (relative-pitch n1) 1) (duration>= (duration n2) 4) (not (rest? n2)) (= (note-category n2) C) (= (relative-pitch n2) 7) (pitch>= n1 n2))	(multiply-duration 0.5 (transpose-diatonic 2 n1))	(multiply-duration 0.5 (transpose-diatonic 1 n1))	(multiply-duration 0.5 (transpose-diatonic 1 n2))	(multiply-duration 0.5 (transpose-diatonic 2 n2))
TR	rel-pitch-1-to-3	7	true	n1 n2	(and (duration>= (duration n1) 4) (not (rest? n1)) (= (note-category n1) C) (= (relative-pitch n1) 1) (duration>= (duration n2) 4) (not (rest? n2)) (= (note-category n2) C) (= (relative-pitch n2) 3) (pitch< n1 n2))	(multiply-duration 0.5 (transpose-diatonic 1 n1))	(multiply-duration 0.5 (transpose-diatonic 2 n1))	(multiply-duration 0.5 (transpose-diatonic 1 n2))	(multiply-duration 0.5 (transpose-diatonic 3 n2))
TR	rel-pitch-1-to-7	1	true	n1 n2	(and (duration>= (duration n1) 4) (not (rest? n1)) (= (note-category n1) C) (= (relative-pitch n1) 1) (duration>= (duration n2) 4) (not (rest? n2)) (= (note-category n2) C) (= (relative-pitch n2) 7) (pitch>= n1 n2))	(multiply-duration 0.5 (transpose-diatonic b2 n1))	(multiply-duration 0.5 (transpose-diatonic 1 n1))	(multiply-duration 0.5 (transpose-diatonic 1 n2))	(multiply-duration 0.5 (transpose-diatonic #-2 n2))
TR	rel-pitch-1-to-5	2	true	n1 n2	(and (duration>= (duration n1) 4) (not (rest? n1)) (= (note-category n1) C) (= (relative-pitch n1) 1) (duration>= (duration n2) 4) (not (rest? n2)) (= (note-category n2) C) (= (relative-pitch n2) 5) (pitch< n1 n2))	(multiply-duration 0.5 (transpose-diatonic 1 n1))	(multiply-duration 0.5 (transpose-diatonic 3 n1))	(multiply-duration 0.5 (transpose-diatonic 1 n2))	(multiply-duration 0.5 (transpose-diatonic b3 n2))
TR	rel-pitch-1-to-7	1	true	n1 n2	(and (duration>= (duration n1) 4) (not (rest? n1)) (= (note-category n1) C) (= (relative-pitch n1) 1) (duration>= (duration n2) 4) (not (rest? n2)) (= (note-category n2) C) (= (relative-pitch n2) 7) (pitch>= n1 n2))	(multiply-duration 1.0 (transpose-diatonic 1 n1))	(multiply-duration 0.5 (transpose-diatonic 2 n2))	(multiply-duration 0.5 (transpose-diatonic b1 n2))
TR	rel-pitch-1-to-7	1	true	n1 n2	(and (duration>= (duration n1) 4) (not (rest? n1)) (= (note-category n1) C) (= (relative-pitch n1) 1) (duration>= (duration n2) 4) (not (rest? n2)) (= (note-category n2) C) (= (relative-pitch n2) 7) (pitch>= n1 n2))	(multiply-duration 0.5 (make-rest n1))	(multiply-duration 0.5 (transpose-diatonic b2 n1))	(multiply-duration 1.0 (transpose-diatonic 1 n2))
TR	rel-pitch-1-to-7	1	true	n1 n2	(and (duration>= (duration n1) 4) (not (rest? n1)) (= (note-category n1) C) (= (relative-pitch n1) 1) (duration>= (duration n2) 4) (not (rest? n2)) (= (note-category n2) C) (= (relative-pitch n2) 7) (pitch>= n1 n2))	(multiply-duration 0.5 (transpose-diatonic -1 n1))	(multiply-duration 0.5 (transpose-diatonic b2 n1))	(multiply-duration 0.5 (transpose-diatonic 2 n2))	(multiply-duration 0.5 (transpose-diatonic #-2 n2))
TR	rel-pitch-1-to-3	1	true	n1 n2	(and (duration>= (duration n1) 4) (not (rest? n1)) (= (note-category n1) C) (= (relative-pitch n1) 1) (duration>= (duration n2) 4) (not (rest? n2)) (= (note-category n2) C) (= (relative-pitch n2) 3) (pitch< n1 n2))	(multiply-duration 0.5 (transpose-diatonic 2 n1))	(multiply-duration 0.5 (transpose-diatonic #2 n1))	(multiply-duration 0.5 (transpose-diatonic 2 n2))	(multiply-duration 0.5 (transpose-diatonic #-1 n2))
TR	rel-pitch-1-to-b2	1	true	n1 n2	(and (duration>= (duration n1) 4) (not (rest? n1)) (= (note-category n1) C) (= (relative-pitch n1) 1) (duration>= (duration n2) 4) (not (rest? n2)) (= (note-category n2) C) (= (relative-pitch n2) b2) (pitch< n1 n2))	(multiply-duration 0.5 (transpose-diatonic 2 n1))	(multiply-duration 0.5 (transpose-diatonic #-1 n1))	(multiply-duration 0.5 (transpose-diatonic #-1 n2))	(multiply-duration 0.5 (transpose-diatonic 2 n2))
TR	rel-pitch-1-to-#4	1	true	n1 n2	(and (duration>= (duration n1) 4) (not (rest? n1)) (= (note-category n1) C) (= (relative-pitch n1) 1) (duration>= (duration n2) 4) (not (rest? n2)) (= (note-category n2) C) (= (relative-pitch n2) #4) (pitch>= n1 n2))	(multiply-duration 0.5 (transpose-diatonic 2 n1))	(multiply-duration 0.5 (transpose-diatonic #-1 n1))	(multiply-duration 0.5 (transpose-diatonic b2 n2))	(multiply-duration 0.5 (transpose-diatonic b-1 n2))
TR	rel-pitch-1-to-7	1	true	n1 n2	(and (duration>= (duration n1) 4) (not (rest? n1)) (= (note-category n1) C) (= (relative-pitch n1) 1) (duration>= (duration n2) 4) (not (rest? n2)) (= (note-category n2) C) (= (relative-pitch n2) 7) (pitch>= n1 n2))	(multiply-duration 0.5 (transpose-diatonic 2 n1))	(multiply-duration 0.5 (transpose-diatonic b2 n1))	(multiply-duration 1.0 (transpose-diatonic 1 n2))
TR	rel-pitch-1-to-1	1	true	n1 n2	(and (duration>= (duration n1) 4) (not (rest? n1)) (= (note-category n1) C) (= (relative-pitch n1) 1) (duration>= (duration n2) 4) (not (rest? n2)) (= (note-category n2) C) (= (relative-pitch n2) 1) (pitch>= n1 n2))	(multiply-duration 1.0 (transpose-diatonic 1 n1))	(multiply-duration 0.5 (transpose-diatonic -2 n2))	(multiply-duration 0.5 (transpose-diatonic #3 n2))
TR	rel-pitch-1-to-rest	1	true	n1 n2	(and (duration>= (duration n1) 4) (not (rest? n1)) (= (note-category n1) C) (= (relative-pitch n1) 1) (duration>= (duration n2) 4) (rest? n2))	(multiply-duration 0.5 (transpose-diatonic 3 n1))	(multiply-duration 0.5 (transpose-diatonic -1 n1))	n2
TR	rel-pitch-1-to-5	1	true	n1 n2	(and (duration>= (duration n1) 4) (not (rest? n1)) (= (note-category n1) C) (= (relative-pitch n1) 1) (duration>= (duration n2) 4) (not (rest? n2)) (= (note-category n2) C) (= (relative-pitch n2) 5) (pitch< n1 n2))	(multiply-duration 0.5 (transpose-diatonic 1 n1))	(multiply-duration 0.5 (transpose-diatonic 2 n1))	(multiply-duration 0.5 (transpose-diatonic -1 n2))	(multiply-duration 0.5 (transpose-diatonic #1 n2))
TR	rel-pitch-1-to-7	2	true	n1 n2	(and (duration>= (duration n1) 4) (not (rest? n1)) (= (note-category n1) C) (= (relative-pitch n1) 1) (duration>= (duration n2) 4) (not (rest? n2)) (= (note-category n2) C) (= (relative-pitch n2) 7) (pitch>= n1 n2))	(multiply-duration 0.5 (transpose-diatonic 1 n1))	(multiply-duration 0.5 (transpose-diatonic #-1 n1))	(multiply-duration 0.5 (transpose-diatonic 1 n2))	(multiply-duration 0.5 (transpose-diatonic #-1 n2))
TR	rel-pitch-1-to-1	10	true	n1 n2	(and (duration>= (duration n1) 4) (not (rest? n1)) (= (note-category n1) C) (= (relative-pitch n1) 1) (duration>= (duration n2) 4) (not (rest? n2)) (= (note-category n2) C) (= (relative-pitch n2) 1) (pitch>= n1 n2))	(multiply-duration 0.5 (transpose-diatonic 2 n1))	(multiply-duration 0.5 (transpose-diatonic -1 n1))	(multiply-duration 0.5 (transpose-diatonic 1 n2))	(multiply-duration 0.5 (transpose-diatonic 2 n2))
TR	rel-pitch-1-to-7	1	true	n1 n2	(and (duration>= (duration n1) 4) (not (rest? n1)) (= (note-category n1) C) (= (relative-pitch n1) 1) (duration>= (duration n2) 4) (not (rest? n2)) (= (note-category n2) C) (= (relative-pitch n2) 7) (pitch>= n1 n2))	(multiply-duration 1.0 (transpose-diatonic 1 n1))	(multiply-duration 0.5 (transpose-diatonic 1 n2))	(multiply-duration 0.5 (transpose-diatonic #-2 n2))
TR	rel-pitch-1-to-1	1	true	n1 n2	(and (duration>= (duration n1) 4) (not (rest? n1)) (= (note-category n1) C) (= (relative-pitch n1) 1) (duration>= (duration n2) 4) (not (rest? n2)) (= (note-category n2) C) (= (relative-pitch n2) 1) (pitch>= n1 n2))	(multiply-duration 0.5 (transpose-diatonic -1 n1))	(multiply-duration 0.25 (transpose-diatonic 1 n1))	(multiply-duration 0.25 (transpose-diatonic b2 n1))	(multiply-duration 1.0 (transpose-diatonic 1 n2))
TR	rel-pitch-1-to-1	1	true	n1 n2	(and (duration>= (duration n1) 4) (not (rest? n1)) (= (note-category n1) C) (= (relative-pitch n1) 1) (duration>= (duration n2) 4) (not (rest? n2)) (= (note-category n2) C) (= (relative-pitch n2) 1) (pitch>= n1 n2))	(multiply-duration 0.5 (make-rest n1))	(multiply-duration 0.5 (transpose-diatonic 1 n1))	(multiply-duration 0.5 (transpose-diatonic 1 n2))	(multiply-duration 0.5 (transpose-diatonic 3 n2))
TR	rel-pitch-1-to-7	1	true	n1 n2	(and (duration>= (duration n1) 4) (not (rest? n1)) (= (note-category n1) C) (= (relative-pitch n1) 1) (duration>= (duration n2) 4) (not (rest? n2)) (= (note-category n2) C) (= (relative-pitch n2) 7) (pitch>= n1 n2))	(multiply-duration 0.5 (transpose-diatonic 2 n1))	(multiply-duration 0.5 (transpose-diatonic -2 n1))	(multiply-duration 0.5 (transpose-diatonic 2 n2))	(multiply-duration 0.5 (transpose-diatonic -1 n2))
TR	rel-pitch-1-to-3	1	true	n1 n2	(and (duration>= (duration n1) 4) (not (rest? n1)) (= (note-category n1) C) (= (relative-pitch n1) 1) (duration>= (duration n2) 4) (not (rest? n2)) (= (note-category n2) C) (= (relative-pitch n2) 3) (pitch< n1 n2))	(multiply-duration 0.5 (transpose-diatonic 1 n1))	(multiply-duration 0.5 (transpose-diatonic 2 n1))	(multiply-duration 0.5 (transpose-diatonic 1 n2))	(multiply-duration 0.5 (transpose-diatonic -2 n2))
TR	rel-pitch-1-to-6	1	true	n1 n2	(and (duration>= (duration n1) 4) (not (rest? n1)) (= (note-category n1) C) (= (relative-pitch n1) 1) (duration>= (duration n2) 4) (not (rest? n2)) (= (note-category n2) C) (= (relative-pitch n2) 6) (pitch>= n1 n2))	(multiply-duration 0.5 (transpose-diatonic 1 n1))	(multiply-duration 0.5 (transpose-diatonic -1 n1))	(multiply-duration 0.5 (transpose-diatonic 1 n2))	(multiply-duration 0.5 (transpose-diatonic -1 n2))
TR	rel-pitch-1-to-1	4	true	n1 n2	(and (duration>= (duration n1) 4) (not (rest? n1)) (= (note-category n1) C) (= (relative-pitch n1) 1) (duration>= (duration n2) 4) (not (rest? n2)) (= (note-category n2) C) (= (relative-pitch n2) 1) (pitch>= n1 n2))	(multiply-duration 0.5 (transpose-diatonic b2 n1))	(multiply-duration 0.5 (transpose-diatonic #-1 n1))	(multiply-duration 0.5 (transpose-diatonic 1 n2))	(multiply-duration 0.5 (transpose-diatonic -1 n2))
TR	rel-pitch-1-to-5	1	true	n1 n2	(and (duration>= (duration n1) 4) (not (rest? n1)) (= (note-category n1) C) (= (relative-pitch n1) 1) (duration>= (duration n2) 4) (not (rest? n2)) (= (note-category n2) C) (= (relative-pitch n2) 5) (pitch>= n1 n2))	(multiply-duration 0.5 (transpose-diatonic b3 n1))	(multiply-duration 0.5 (transpose-diatonic 1 n1))	(multiply-duration 0.5 (transpose-diatonic #1 n2))	(multiply-duration 0.5 (transpose-diatonic -1 n2))
TR	rel-pitch-1-to-5	1	true	n1 n2	(and (duration>= (duration n1) 4) (not (rest? n1)) (= (note-category n1) C) (= (relative-pitch n1) 1) (duration>= (duration n2) 4) (not (rest? n2)) (= (note-category n2) C) (= (relative-pitch n2) 5) (pitch>= n1 n2))	(multiply-duration 0.5 (make-rest n1))	(multiply-duration 0.5 (transpose-diatonic 1 n1))	(multiply-duration 1.0 (transpose-diatonic -1 n2))
TR	rel-pitch-1-to-1	1	true	n1 n2	(and (duration>= (duration n1) 4) (not (rest? n1)) (= (note-category n1) C) (= (relative-pitch n1) 1) (duration>= (duration n2) 4) (not (rest? n2)) (= (note-category n2) C) (= (relative-pitch n2) 1) (pitch>= n1 n2))	(multiply-duration 0.5 (transpose-diatonic 2 n1))	(multiply-duration 0.5 (transpose-diatonic b2 n1))	(multiply-duration 0.5 (transpose-diatonic 1 n2))	(multiply-duration 0.5 (transpose-diatonic #-1 n2))
TR	rel-pitch-1-to-1	1	true	n1 n2	(and (duration>= (duration n1) 4) (not (rest? n1)) (= (note-category n1) C) (= (relative-pitch n1) 1) (duration>= (duration n2) 4) (not (rest? n2)) (= (note-category n2) C) (= (relative-pitch n2) 1) (pitch>= n1 n2))	(multiply-duration 0.5 (transpose-diatonic 5 n1))	(multiply-duration 0.5 (transpose-diatonic #-2 n1))	(multiply-duration 0.5 (transpose-diatonic -1 n2))	(multiply-duration 0.5 (transpose-diatonic 1 n2))
TR	rel-pitch-1-to-3	3	true	n1 n2	(and (duration>= (duration n1) 4) (not (rest? n1)) (= (note-category n1) C) (= (relative-pitch n1) 1) (duration>= (duration n2) 4) (not (rest? n2)) (= (note-category n2) C) (= (relative-pitch n2) 3) (pitch< n1 n2))	(multiply-duration 0.5 (transpose-diatonic 1 n1))	(multiply-duration 0.5 (transpose-diatonic #2 n1))	(multiply-duration 0.5 (transpose-diatonic 1 n2))	(multiply-duration 0.5 (transpose-diatonic 2 n2))
TR	rel-pitch-1-to-1	1	true	n1 n2	(and (duration>= (duration n1) 4) (not (rest? n1)) (= (note-category n1) C) (= (relative-pitch n1) 1) (duration>= (duration n2) 4) (not (rest? n2)) (= (note-category n2) C) (= (relative-pitch n2) 1) (pitch>= n1 n2))	(multiply-duration 1.0 (transpose-diatonic b2 n1))	(multiply-duration 1.0 (transpose-diatonic 1 n2))
TR	rel-pitch-1-to-7	1	true	n1 n2	(and (duration>= (duration n1) 4) (not (rest? n1)) (= (note-category n1) C) (= (relative-pitch n1) 1) (duration>= (duration n2) 4) (not (rest? n2)) (= (note-category n2) C) (= (relative-pitch n2) 7) (pitch>= n1 n2))	(multiply-duration 0.5 (transpose-diatonic -1 n1))	(multiply-duration 0.5 (transpose-diatonic 2 n1))	(multiply-duration 0.5 (transpose-diatonic 1 n2))	(multiply-duration 0.5 (transpose-diatonic -2 n2))
TR	rel-pitch-1-to-5	1	true	n1 n2	(and (duration>= (duration n1) 4) (not (rest? n1)) (= (note-category n1) C) (= (relative-pitch n1) 1) (duration>= (duration n2) 4) (not (rest? n2)) (= (note-category n2) C) (= (relative-pitch n2) 5) (pitch>= n1 n2))	(multiply-duration 0.5 (transpose-diatonic 3 n1))	(multiply-duration 0.5 (transpose-diatonic #-1 n1))	(multiply-duration 0.5 (transpose-diatonic 2 n2))	(multiply-duration 0.5 (transpose-diatonic -1 n2))
TR	rel-pitch-1-to-1	1	true	n1 n2	(and (duration>= (duration n1) 4) (not (rest? n1)) (= (note-category n1) C) (= (relative-pitch n1) 1) (duration>= (duration n2) 4) (not (rest? n2)) (= (note-category n2) C) (= (relative-pitch n2) 1) (pitch>= n1 n2))	(multiply-duration 0.5 (transpose-diatonic #-1 n1))	(multiply-duration 0.5 (transpose-diatonic b3 n1))	(multiply-duration 0.5 (transpose-diatonic b2 n2))	(multiply-duration 0.5 (transpose-diatonic -2 n2))
TR	rel-pitch-1-to-3	1	true	n1 n2	(and (duration>= (duration n1) 4) (not (rest? n1)) (= (note-category n1) C) (= (relative-pitch n1) 1) (duration>= (duration n2) 4) (not (rest? n2)) (= (note-category n2) C) (= (relative-pitch n2) 3) (pitch< n1 n2))	(multiply-duration 0.5 (transpose-diatonic 2 n1))	(multiply-duration 0.5 (transpose-diatonic 1 n1))	(multiply-duration 0.5 (transpose-diatonic 2 n2))	(multiply-duration 0.5 (transpose-diatonic #1 n2))
TR	rel-pitch-1-to-6	1	true	n1 n2	(and (duration>= (duration n1) 4) (not (rest? n1)) (= (note-category n1) C) (= (relative-pitch n1) 1) (duration>= (duration n2) 4) (not (rest? n2)) (= (note-category n2) C) (= (relative-pitch n2) 6) (pitch>= n1 n2))	(multiply-duration 0.5 (transpose-diatonic 1 n1))	(multiply-duration 0.5 (transpose-diatonic #-1 n1))	(multiply-duration 0.5 (transpose-diatonic 2 n2))	(multiply-duration 0.5 (transpose-diatonic #-1 n2))
TR	rel-pitch-1-to-1	1	true	n1 n2	(and (duration>= (duration n1) 4) (not (rest? n1)) (= (note-category n1) C) (= (relative-pitch n1) 1) (duration>= (duration n2) 4) (not (rest? n2)) (= (note-category n2) C) (= (relative-pitch n2) 1) (pitch>= n1 n2))	(multiply-duration 0.5 (transpose-diatonic 1 n1))	(multiply-duration 0.5 (transpose-diatonic b2 n1))	(multiply-duration 0.5 (transpose-diatonic 2 n2))	(multiply-duration 0.5 (transpose-diatonic -1 n2))
TR	rel-pitch-1-to-5	1	true	n1 n2	(and (duration>= (duration n1) 4) (not (rest? n1)) (= (note-category n1) C) (= (relative-pitch n1) 1) (duration>= (duration n2) 4) (not (rest? n2)) (= (note-category n2) C) (= (relative-pitch n2) 5) (pitch< n1 n2))	(multiply-duration 0.5 (transpose-diatonic 3 n1))	(multiply-duration 0.5 (transpose-diatonic 1 n1))	(multiply-duration 1.0 (transpose-diatonic -1 n2))
TR	rel-pitch-1-to-7	2	true	n1 n2	(and (duration>= (duration n1) 4) (not (rest? n1)) (= (note-category n1) C) (= (relative-pitch n1) 1) (duration>= (duration n2) 4) (not (rest? n2)) (= (note-category n2) C) (= (relative-pitch n2) 7) (pitch>= n1 n2))	(multiply-duration 0.5 (transpose-diatonic -1 n1))	(multiply-duration 0.5 (transpose-diatonic 2 n1))	(multiply-duration 0.5 (transpose-diatonic 2 n2))	(multiply-duration 0.5 (transpose-diatonic -2 n2))
TR	rel-pitch-1-to-7	1	true	n1 n2	(and (duration>= (duration n1) 4) (not (rest? n1)) (= (note-category n1) C) (= (relative-pitch n1) 1) (duration>= (duration n2) 4) (not (rest? n2)) (= (note-category n2) C) (= (relative-pitch n2) 7) (pitch>= n1 n2))	(multiply-duration 0.5 (transpose-diatonic 2 n1))	(multiply-duration 0.5 (transpose-diatonic -1 n1))	(multiply-duration 0.5 (transpose-diatonic -2 n2))	(multiply-duration 0.5 (transpose-diatonic 3 n2))
TR	rel-pitch-1-to-7	1	true	n1 n2	(and (duration>= (duration n1) 4) (not (rest? n1)) (= (note-category n1) C) (= (relative-pitch n1) 1) (duration>= (duration n2) 4) (not (rest? n2)) (= (note-category n2) C) (= (relative-pitch n2) 7) (pitch>= n1 n2))	(multiply-duration 0.5 (transpose-diatonic -1 n1))	(multiply-duration 0.5 (transpose-diatonic 3 n1))	(multiply-duration 0.5 (transpose-diatonic 2 n2))	(multiply-duration 0.5 (transpose-diatonic 1 n2))
TR	rel-pitch-1-to-5	1	true	n1 n2	(and (duration>= (duration n1) 4) (not (rest? n1)) (= (note-category n1) C) (= (relative-pitch n1) 1) (duration>= (duration n2) 4) (not (rest? n2)) (= (note-category n2) C) (= (relative-pitch n2) 5) (pitch>= n1 n2))	(multiply-duration 0.5 (transpose-diatonic 2 n1))	(multiply-duration 0.5 (transpose-diatonic -1 n1))	(multiply-duration 1.0 (transpose-diatonic 1 n2))
TR	rel-pitch-1-to-rest	1	true	n1 n2	(and (duration>= (duration n1) 4) (not (rest? n1)) (= (note-category n1) C) (= (relative-pitch n1) 1) (duration>= (duration n2) 4) (rest? n2))	(multiply-duration 1.0 (transpose-diatonic b2 n1))	n2
TR	rel-pitch-1-to-5	1	true	n1 n2	(and (duration>= (duration n1) 4) (not (rest? n1)) (= (note-category n1) C) (= (relative-pitch n1) 1) (duration>= (duration n2) 4) (not (rest? n2)) (= (note-category n2) C) (= (relative-pitch n2) 5) (pitch>= n1 n2))	(multiply-duration 0.5 (transpose-diatonic 3 n1))	(multiply-duration 0.5 (transpose-diatonic #-1 n1))	(multiply-duration 0.5 (transpose-diatonic 2 n2))	(multiply-duration 0.5 (transpose-diatonic #-2 n2))
TR	rel-pitch-1-to-7	3	true	n1 n2	(and (duration>= (duration n1) 4) (not (rest? n1)) (= (note-category n1) C) (= (relative-pitch n1) 1) (duration>= (duration n2) 4) (not (rest? n2)) (= (note-category n2) C) (= (relative-pitch n2) 7) (pitch>= n1 n2))	(multiply-duration 0.5 (transpose-diatonic 1 n1))	(multiply-duration 0.5 (transpose-diatonic #-1 n1))	(multiply-duration 0.5 (transpose-diatonic 1 n2))	(multiply-duration 0.5 (transpose-diatonic -1 n2))
TR	rel-pitch-1-to-3	1	true	n1 n2	(and (duration>= (duration n1) 4) (not (rest? n1)) (= (note-category n1) C) (= (relative-pitch n1) 1) (duration>= (duration n2) 4) (not (rest? n2)) (= (note-category n2) C) (= (relative-pitch n2) 3) (pitch< n1 n2))	(multiply-duration 1.0 (transpose-diatonic 1 n1))	(multiply-duration 0.5 (transpose-diatonic 1 n2))	(multiply-duration 0.5 (transpose-diatonic 2 n2))
TR	rel-pitch-1-to-3	1	true	n1 n2	(and (duration>= (duration n1) 4) (not (rest? n1)) (= (note-category n1) C) (= (relative-pitch n1) 1) (duration>= (duration n2) 4) (not (rest? n2)) (= (note-category n2) C) (= (relative-pitch n2) 3) (pitch>= n1 n2))	(multiply-duration 0.5 (transpose-diatonic 2 n1))	(multiply-duration 0.5 (transpose-diatonic -1 n1))	(multiply-duration 0.5 (transpose-diatonic 3 n2))	(multiply-duration 0.5 (transpose-diatonic 1 n2))
TR	rel-pitch-1-to-3	1	true	n1 n2	(and (duration>= (duration n1) 4) (not (rest? n1)) (= (note-category n1) C) (= (relative-pitch n1) 1) (duration>= (duration n2) 4) (not (rest? n2)) (= (note-category n2) C) (= (relative-pitch n2) 3) (pitch< n1 n2))	(multiply-duration 0.5 (transpose-diatonic b2 n1))	(multiply-duration 0.5 (transpose-diatonic 1 n1))	(multiply-duration 0.5 (make-rest n2))	(multiply-duration 0.5 (transpose-diatonic b1 n2))
TR	rel-pitch-1-to-b2	1	true	n1 n2	(and (duration>= (duration n1) 4) (not (rest? n1)) (= (note-category n1) C) (= (relative-pitch n1) 1) (duration>= (duration n2) 4) (not (rest? n2)) (= (note-category n2) C) (= (relative-pitch n2) b2) (pitch< n1 n2))	(multiply-duration 0.5 (transpose-diatonic 1 n1))	(multiply-duration 0.5 (transpose-diatonic b2 n1))	(multiply-duration 0.5 (transpose-diatonic #1 n2))	(multiply-duration 0.5 (transpose-diatonic 2 n2))
TR	rel-pitch-1-to-7	1	true	n1 n2	(and (duration>= (duration n1) 4) (not (rest? n1)) (= (note-category n1) C) (= (relative-pitch n1) 1) (duration>= (duration n2) 4) (not (rest? n2)) (= (note-category n2) C) (= (relative-pitch n2) 7) (pitch>= n1 n2))	(multiply-duration 0.5 (make-rest n1))	(multiply-duration 0.5 (transpose-diatonic 1 n1))	(multiply-duration 0.3333333333333333 (transpose-diatonic #1 n2))	(multiply-duration 0.3333333333333333 (transpose-diatonic 1 n2))	(multiply-duration 0.3333333333333333 (transpose-diatonic #-1 n2))
TR	rel-pitch-1-to-1	1	true	n1 n2	(and (duration>= (duration n1) 4) (not (rest? n1)) (= (note-category n1) C) (= (relative-pitch n1) 1) (duration>= (duration n2) 4) (not (rest? n2)) (= (note-category n2) C) (= (relative-pitch n2) 1) (pitch>= n1 n2))	(multiply-duration 0.5 (transpose-diatonic 1 n1))	(multiply-duration 0.5 (transpose-diatonic b2 n1))	(multiply-duration 0.5 (transpose-diatonic 2 n2))	(multiply-duration 0.5 (transpose-diatonic b2 n2))
TR	rel-pitch-1-to-5	1	true	n1 n2	(and (duration>= (duration n1) 4) (not (rest? n1)) (= (note-category n1) C) (= (relative-pitch n1) 1) (duration>= (duration n2) 4) (not (rest? n2)) (= (note-category n2) C) (= (relative-pitch n2) 5) (pitch< n1 n2))	(multiply-duration 0.5 (transpose-diatonic b3 n1))	(multiply-duration 0.5 (transpose-diatonic 1 n1))	(multiply-duration 0.5 (transpose-diatonic #-1 n2))	(multiply-duration 0.5 (transpose-diatonic #1 n2))
TR	rel-pitch-1-to-5	1	true	n1 n2	(and (duration>= (duration n1) 4) (not (rest? n1)) (= (note-category n1) C) (= (relative-pitch n1) 1) (duration>= (duration n2) 4) (not (rest? n2)) (= (note-category n2) C) (= (relative-pitch n2) 5) (pitch>= n1 n2))	(multiply-duration 0.5 (make-rest n1))	(multiply-duration 0.5 (transpose-diatonic 1 n1))	(multiply-duration 0.5 (transpose-diatonic 3 n2))	(multiply-duration 0.5 (transpose-diatonic #-1 n2))
TR	rel-pitch-1-to-7	1	true	n1 n2	(and (duration>= (duration n1) 4) (not (rest? n1)) (= (note-category n1) C) (= (relative-pitch n1) 1) (duration>= (duration n2) 4) (not (rest? n2)) (= (note-category n2) C) (= (relative-pitch n2) 7) (pitch>= n1 n2))	(multiply-duration 0.5 (transpose-diatonic b2 n1))	(multiply-duration 0.5 (transpose-diatonic -1 n1))	(multiply-duration 0.5 (transpose-diatonic b1 n2))	(multiply-duration 0.5 (transpose-diatonic -1 n2))
TR	rel-pitch-1-to-7	1	true	n1 n2	(and (duration>= (duration n1) 4) (not (rest? n1)) (= (note-category n1) C) (= (relative-pitch n1) 1) (duration>= (duration n2) 4) (not (rest? n2)) (= (note-category n2) C) (= (relative-pitch n2) 7) (pitch>= n1 n2))	(multiply-duration 0.5 (transpose-diatonic 2 n1))	(multiply-duration 0.5 (transpose-diatonic 1 n1))	(multiply-duration 1.0 (transpose-diatonic -1 n2))
TR	rel-pitch-1-to-5	1	true	n1 n2	(and (duration>= (duration n1) 4) (not (rest? n1)) (= (note-category n1) C) (= (relative-pitch n1) 1) (duration>= (duration n2) 4) (not (rest? n2)) (= (note-category n2) C) (= (relative-pitch n2) 5) (pitch>= n1 n2))	(multiply-duration 0.5 (transpose-diatonic b2 n1))	(multiply-duration 0.5 (make-rest n1))	(multiply-duration 0.5 (transpose-diatonic #1 n2))	(multiply-duration 0.5 (transpose-diatonic -2 n2))
TR	rel-pitch-1-to-1	1	true	n1 n2	(and (duration>= (duration n1) 4) (not (rest? n1)) (= (note-category n1) C) (= (relative-pitch n1) 1) (duration>= (duration n2) 4) (not (rest? n2)) (= (note-category n2) C) (= (relative-pitch n2) 1) (pitch>= n1 n2))	(multiply-duration 1.0 (transpose-diatonic 1 n1))	(multiply-duration 0.5 (transpose-diatonic 1 n2))	(multiply-duration 0.5 (transpose-diatonic 3 n2))
TR	rel-pitch-1-to-b2	1	true	n1 n2	(and (duration>= (duration n1) 4) (not (rest? n1)) (= (note-category n1) C) (= (relative-pitch n1) 1) (duration>= (duration n2) 4) (not (rest? n2)) (= (note-category n2) C) (= (relative-pitch n2) b2) (pitch< n1 n2))	(multiply-duration 0.5 (transpose-diatonic b2 n1))	(multiply-duration 0.5 (transpose-diatonic #-1 n1))	(multiply-duration 0.5 (transpose-diatonic #-1 n2))	(multiply-duration 0.5 (transpose-diatonic 2 n2))
TR	rel-pitch-1-to-b2	1	true	n1 n2	(and (duration>= (duration n1) 4) (not (rest? n1)) (= (note-category n1) C) (= (relative-pitch n1) 1) (duration>= (duration n2) 4) (not (rest? n2)) (= (note-category n2) C) (= (relative-pitch n2) b2) (pitch< n1 n2))	(multiply-duration 0.5 (transpose-diatonic #-1 n1))	(multiply-duration 0.5 (transpose-diatonic 1 n1))	(multiply-duration 0.5 (transpose-diatonic 2 n2))	(multiply-duration 0.5 (transpose-diatonic #1 n2))
TR	rel-pitch-1-to-rest	1	true	n1 n2	(and (duration>= (duration n1) 4) (not (rest? n1)) (= (note-category n1) C) (= (relative-pitch n1) 1) (duration>= (duration n2) 4) (rest? n2))	(multiply-duration 1.0 (transpose-diatonic 1 n1))	n2
TR	rel-pitch-1-to-1	1	true	n1 n2	(and (duration>= (duration n1) 4) (not (rest? n1)) (= (note-category n1) C) (= (relative-pitch n1) 1) (duration>= (duration n2) 4) (not (rest? n2)) (= (note-category n2) C) (= (relative-pitch n2) 1) (pitch>= n1 n2))	(multiply-duration 0.3333333333333333 (transpose-diatonic -1 n1))	(multiply-duration 0.3333333333333333 (transpose-diatonic 1 n1))	(multiply-duration 0.3333333333333333 (transpose-diatonic b2 n1))	(multiply-duration 0.5 (transpose-diatonic 2 n2))	(multiply-duration 0.5 (transpose-diatonic -1 n2))
TR	rel-pitch-1-to-b2	1	true	n1 n2	(and (duration>= (duration n1) 4) (not (rest? n1)) (= (note-category n1) C) (= (relative-pitch n1) 1) (duration>= (duration n2) 4) (not (rest? n2)) (= (note-category n2) C) (= (relative-pitch n2) b2) (pitch>= n1 n2))	(multiply-duration 0.5 (transpose-diatonic b2 n1))	(multiply-duration 0.5 (transpose-diatonic -2 n1))	(multiply-duration 0.5 (transpose-diatonic #2 n2))	(multiply-duration 0.5 (transpose-diatonic 1 n2))
TR	rel-pitch-1-to-3	1	true	n1 n2	(and (duration>= (duration n1) 4) (not (rest? n1)) (= (note-category n1) C) (= (relative-pitch n1) 1) (duration>= (duration n2) 4) (not (rest? n2)) (= (note-category n2) C) (= (relative-pitch n2) 3) (pitch< n1 n2))	(multiply-duration 0.5 (make-rest n1))	(multiply-duration 0.5 (transpose-diatonic #-1 n1))	(multiply-duration 0.5 (make-rest n2))	(multiply-duration 0.5 (transpose-diatonic -1 n2))
TR	rel-pitch-1-to-7	1	true	n1 n2	(and (duration>= (duration n1) 4) (not (rest? n1)) (= (note-category n1) C) (= (relative-pitch n1) 1) (duration>= (duration n2) 4) (not (rest? n2)) (= (note-category n2) C) (= (relative-pitch n2) 7) (pitch>= n1 n2))	(multiply-duration 1.0 (transpose-diatonic 1 n1))	(multiply-duration 0.5 (transpose-diatonic 2 n2))	(multiply-duration 0.5 (transpose-diatonic -1 n2))
TR	rel-pitch-1-to-1	1	true	n1 n2	(and (duration>= (duration n1) 4) (not (rest? n1)) (= (note-category n1) C) (= (relative-pitch n1) 1) (duration>= (duration n2) 4) (not (rest? n2)) (= (note-category n2) C) (= (relative-pitch n2) 1) (pitch>= n1 n2))	(multiply-duration 0.5 (transpose-diatonic -1 n1))	(multiply-duration 0.5 (transpose-diatonic b2 n1))	(multiply-duration 0.5 (transpose-diatonic 1 n2))	(multiply-duration 0.5 (transpose-diatonic -1 n2))
TR	rel-pitch-1-to-3	1	true	n1 n2	(and (duration>= (duration n1) 4) (not (rest? n1)) (= (note-category n1) C) (= (relative-pitch n1) 1) (duration>= (duration n2) 4) (not (rest? n2)) (= (note-category n2) C) (= (relative-pitch n2) 3) (pitch< n1 n2))	(multiply-duration 0.5 (transpose-diatonic -1 n1))	(multiply-duration 0.5 (transpose-diatonic 2 n1))	(multiply-duration 0.5 (transpose-diatonic 1 n2))	(multiply-duration 0.5 (transpose-diatonic 3 n2))
TR	rel-pitch-1-to-7	1	true	n1 n2	(and (duration>= (duration n1) 4) (not (rest? n1)) (= (note-category n1) C) (= (relative-pitch n1) 1) (duration>= (duration n2) 4) (not (rest? n2)) (= (note-category n2) C) (= (relative-pitch n2) 7) (pitch< n1 n2))	(multiply-duration 0.5 (transpose-diatonic 1 n1))	(multiply-duration 0.5 (transpose-diatonic 3 n1))	(multiply-duration 0.5 (transpose-diatonic #-2 n2))	(multiply-duration 0.5 (transpose-diatonic 1 n2))
TR	rel-pitch-1-to-1	1	true	n1 n2	(and (duration>= (duration n1) 4) (not (rest? n1)) (= (note-category n1) C) (= (relative-pitch n1) 1) (duration>= (duration n2) 4) (not (rest? n2)) (= (note-category n2) C) (= (relative-pitch n2) 1) (pitch>= n1 n2))	(multiply-duration 0.5 (make-rest n1))	(multiply-duration 0.5 (transpose-diatonic 1 n1))	(multiply-duration 1.0 (transpose-diatonic 1 n2))
TR	rel-pitch-1-to-1	1	true	n1 n2	(and (duration>= (duration n1) 4) (not (rest? n1)) (= (note-category n1) C) (= (relative-pitch n1) 1) (duration>= (duration n2) 4) (not (rest? n2)) (= (note-category n2) C) (= (relative-pitch n2) 1) (pitch>= n1 n2))	(multiply-duration 0.5 (make-rest n1))	(multiply-duration 0.5 (transpose-diatonic 2 n1))	(multiply-duration 0.3333333333333333 (transpose-diatonic -1 n2))	(multiply-duration 0.3333333333333333 (transpose-diatonic 2 n2))	(multiply-duration 0.3333333333333333 (transpose-diatonic 4 n2))
TR	rel-pitch-1-to-#4	1	true	n1 n2	(and (duration>= (duration n1) 4) (not (rest? n1)) (= (note-category n1) C) (= (relative-pitch n1) 1) (duration>= (duration n2) 4) (not (rest? n2)) (= (note-category n2) C) (= (relative-pitch n2) #4) (pitch>= n1 n2))	(multiply-duration 0.5 (transpose-diatonic 2 n1))	(multiply-duration 0.5 (transpose-diatonic #-1 n1))	(multiply-duration 0.5 (transpose-diatonic b2 n2))	(multiply-duration 0.5 (transpose-diatonic 1 n2))
TR	rel-pitch-1-to-1	1	true	n1 n2	(and (duration>= (duration n1) 4) (not (rest? n1)) (= (note-category n1) C) (= (relative-pitch n1) 1) (duration>= (duration n2) 4) (not (rest? n2)) (= (note-category n2) C) (= (relative-pitch n2) 1) (pitch>= n1 n2))	(multiply-duration 0.5 (transpose-diatonic 2 n1))	(multiply-duration 0.5 (transpose-diatonic #-1 n1))	(multiply-duration 0.5 (transpose-diatonic 1 n2))	(multiply-duration 0.5 (transpose-diatonic 2 n2))
TR	rel-pitch-1-to-rest	2	true	n1 n2	(and (duration>= (duration n1) 4) (not (rest? n1)) (= (note-category n1) C) (= (relative-pitch n1) 1) (duration>= (duration n2) 4) (rest? n2))	(multiply-duration 0.5 (make-rest n1))	(multiply-duration 0.5 (transpose-diatonic b2 n1))	n2
TR	rel-pitch-1-to-1	1	true	n1 n2	(and (duration>= (duration n1) 4) (not (rest? n1)) (= (note-category n1) C) (= (relative-pitch n1) 1) (duration>= (duration n2) 4) (not (rest? n2)) (= (note-category n2) C) (= (relative-pitch n2) 1) (pitch>= n1 n2))	(multiply-duration 1.0 (transpose-diatonic 2 n1))	(multiply-duration 0.5 (transpose-diatonic 2 n2))	(multiply-duration 0.5 (make-rest n2))
TR	rel-pitch-1	1	true	n1	(and (duration>= (duration n1) 4) (not (rest? n1)) (= (note-category n1) C) (= (relative-pitch n1) 1))	(multiply-duration 0.5 (transpose-diatonic #2 n1))	(multiply-duration 0.5 (transpose-diatonic 1 n1))
TR	rel-pitch-1	9	true	n1	(and (duration>= (duration n1) 4) (not (rest? n1)) (= (note-category n1) C) (= (relative-pitch n1) 1))	(multiply-duration 0.5 (make-rest n1))	(multiply-duration 0.5 (transpose-diatonic 1 n1))
TR	rel-pitch-1	5	true	n1	(and (duration>= (duration n1) 4) (not (rest? n1)) (= (note-category n1) C) (= (relative-pitch n1) 1))	(multiply-duration 0.5 (transpose-diatonic 2 n1))	(multiply-duration 0.5 (transpose-diatonic 1 n1))
TR	rel-pitch-1	22	true	n1	(and (duration>= (duration n1) 4) (not (rest? n1)) (= (note-category n1) C) (= (relative-pitch n1) 1))	(multiply-duration 0.5 (transpose-diatonic 1 n1))	(multiply-duration 0.5 (transpose-diatonic 2 n1))
TR	rel-pitch-1	4	true	n1	(and (duration>= (duration n1) 4) (not (rest? n1)) (= (note-category n1) C) (= (relative-pitch n1) 1))	(multiply-duration 0.5 (transpose-diatonic b2 n1))	(multiply-duration 0.5 (transpose-diatonic 1 n1))
TR	rel-pitch-1	21	true	n1	(and (duration>= (duration n1) 4) (not (rest? n1)) (= (note-category n1) C) (= (relative-pitch n1) 1))	(multiply-duration 0.5 (transpose-diatonic 2 n1))	(multiply-duration 0.5 (transpose-diatonic -1 n1))
TR	rel-pitch-1	6	true	n1	(and (duration>= (duration n1) 4) (not (rest? n1)) (= (note-category n1) C) (= (relative-pitch n1) 1))	(multiply-duration 0.5 (transpose-diatonic 1 n1))	(multiply-duration 0.5 (transpose-diatonic 3 n1))
TR	rel-pitch-1	17	true	n1	(and (duration>= (duration n1) 4) (not (rest? n1)) (= (note-category n1) C) (= (relative-pitch n1) 1))	(multiply-duration 0.5 (transpose-diatonic -1 n1))	(multiply-duration 0.5 (transpose-diatonic 2 n1))
TR	rel-pitch-1	11	true	n1	(and (duration>= (duration n1) 4) (not (rest? n1)) (= (note-category n1) C) (= (relative-pitch n1) 1))	(multiply-duration 1.0 (transpose-diatonic 1 n1))
TR	rel-pitch-1	3	true	n1	(and (duration>= (duration n1) 4) (not (rest? n1)) (= (note-category n1) C) (= (relative-pitch n1) 1))	(multiply-duration 0.5 (make-rest n1))	(multiply-duration 0.5 (transpose-diatonic b2 n1))
TR	rel-pitch-1	1	true	n1	(and (duration>= (duration n1) 4) (not (rest? n1)) (= (note-category n1) C) (= (relative-pitch n1) 1))	(multiply-duration 0.5 (transpose-diatonic 2 n1))	(multiply-duration 0.5 (transpose-diatonic #2 n1))
TR	rel-pitch-1	5	true	n1	(and (duration>= (duration n1) 4) (not (rest? n1)) (= (note-category n1) C) (= (relative-pitch n1) 1))	(multiply-duration 0.5 (transpose-diatonic 2 n1))	(multiply-duration 0.5 (transpose-diatonic b2 n1))
TR	rel-pitch-1	1	true	n1	(and (duration>= (duration n1) 4) (not (rest? n1)) (= (note-category n1) C) (= (relative-pitch n1) 1))	(multiply-duration 0.5 (transpose-diatonic -2 n1))	(multiply-duration 0.5 (transpose-diatonic #3 n1))
TR	rel-pitch-1	1	true	n1	(and (duration>= (duration n1) 4) (not (rest? n1)) (= (note-category n1) C) (= (relative-pitch n1) 1))	(multiply-duration 0.5 (transpose-diatonic 3 n1))	(multiply-duration 0.5 (transpose-diatonic -1 n1))
TR	rel-pitch-1	1	true	n1	(and (duration>= (duration n1) 4) (not (rest? n1)) (= (note-category n1) C) (= (relative-pitch n1) 1))	(multiply-duration 0.5 (transpose-diatonic 3 n1))	(multiply-duration 0.5 (transpose-diatonic -2 n1))
TR	rel-pitch-1	5	true	n1	(and (duration>= (duration n1) 4) (not (rest? n1)) (= (note-category n1) C) (= (relative-pitch n1) 1))	(multiply-duration 0.5 (transpose-diatonic b2 n1))	(multiply-duration 0.5 (transpose-diatonic -2 n1))
TR	rel-pitch-1	8	true	n1	(and (duration>= (duration n1) 4) (not (rest? n1)) (= (note-category n1) C) (= (relative-pitch n1) 1))	(multiply-duration 0.5 (transpose-diatonic 1 n1))	(multiply-duration 0.5 (transpose-diatonic #-1 n1))
TR	rel-pitch-1	1	true	n1	(and (duration>= (duration n1) 4) (not (rest? n1)) (= (note-category n1) C) (= (relative-pitch n1) 1))	(multiply-duration 0.5 (transpose-diatonic -1 n1))	(multiply-duration 0.25 (transpose-diatonic 1 n1))	(multiply-duration 0.25 (transpose-diatonic b2 n1))
TR	rel-pitch-1	2	true	n1	(and (duration>= (duration n1) 4) (not (rest? n1)) (= (note-category n1) C) (= (relative-pitch n1) 1))	(multiply-duration 0.5 (transpose-diatonic 1 n1))	(multiply-duration 0.5 (transpose-diatonic b3 n1))
TR	rel-pitch-1	9	true	n1	(and (duration>= (duration n1) 4) (not (rest? n1)) (= (note-category n1) C) (= (relative-pitch n1) 1))	(multiply-duration 0.5 (transpose-diatonic b2 n1))	(multiply-duration 0.5 (transpose-diatonic #-1 n1))
TR	rel-pitch-1	5	true	n1	(and (duration>= (duration n1) 4) (not (rest? n1)) (= (note-category n1) C) (= (relative-pitch n1) 1))	(multiply-duration 0.5 (transpose-diatonic 2 n1))	(multiply-duration 0.5 (transpose-diatonic #-1 n1))
TR	rel-pitch-1	1	true	n1	(and (duration>= (duration n1) 4) (not (rest? n1)) (= (note-category n1) C) (= (relative-pitch n1) 1))	(multiply-duration 0.5 (transpose-diatonic 2 n1))	(multiply-duration 0.5 (transpose-diatonic -2 n1))
TR	rel-pitch-1	8	true	n1	(and (duration>= (duration n1) 4) (not (rest? n1)) (= (note-category n1) C) (= (relative-pitch n1) 1))	(multiply-duration 0.5 (transpose-diatonic 1 n1))	(multiply-duration 0.5 (transpose-diatonic -1 n1))
TR	rel-pitch-1	2	true	n1	(and (duration>= (duration n1) 4) (not (rest? n1)) (= (note-category n1) C) (= (relative-pitch n1) 1))	(multiply-duration 0.5 (transpose-diatonic b3 n1))	(multiply-duration 0.5 (transpose-diatonic 1 n1))
TR	rel-pitch-1	1	true	n1	(and (duration>= (duration n1) 4) (not (rest? n1)) (= (note-category n1) C) (= (relative-pitch n1) 1))	(multiply-duration 0.5 (transpose-diatonic #-1 n1))	(multiply-duration 0.5 (transpose-diatonic b2 n1))
TR	rel-pitch-1	5	true	n1	(and (duration>= (duration n1) 4) (not (rest? n1)) (= (note-category n1) C) (= (relative-pitch n1) 1))	(multiply-duration 0.5 (transpose-diatonic -1 n1))	(multiply-duration 0.5 (transpose-diatonic 1 n1))
TR	rel-pitch-1	1	true	n1	(and (duration>= (duration n1) 4) (not (rest? n1)) (= (note-category n1) C) (= (relative-pitch n1) 1))	(multiply-duration 0.5 (transpose-diatonic 5 n1))	(multiply-duration 0.5 (transpose-diatonic #-2 n1))
TR	rel-pitch-1	3	true	n1	(and (duration>= (duration n1) 4) (not (rest? n1)) (= (note-category n1) C) (= (relative-pitch n1) 1))	(multiply-duration 0.5 (transpose-diatonic 1 n1))	(multiply-duration 0.5 (transpose-diatonic #2 n1))
TR	rel-pitch-1	10	true	n1	(and (duration>= (duration n1) 4) (not (rest? n1)) (= (note-category n1) C) (= (relative-pitch n1) 1))	(multiply-duration 0.5 (transpose-diatonic 3 n1))	(multiply-duration 0.5 (transpose-diatonic 1 n1))
TR	rel-pitch-1	2	true	n1	(and (duration>= (duration n1) 4) (not (rest? n1)) (= (note-category n1) C) (= (relative-pitch n1) 1))	(multiply-duration 0.5 (transpose-diatonic b-1 n1))	(multiply-duration 0.5 (transpose-diatonic 2 n1))
TR	rel-pitch-1	3	true	n1	(and (duration>= (duration n1) 4) (not (rest? n1)) (= (note-category n1) C) (= (relative-pitch n1) 1))	(multiply-duration 1.0 (transpose-diatonic b2 n1))
TR	rel-pitch-1	1	true	n1	(and (duration>= (duration n1) 4) (not (rest? n1)) (= (note-category n1) C) (= (relative-pitch n1) 1))	(multiply-duration 0.5 (transpose-diatonic b-1 n1))	(multiply-duration 0.5 (transpose-diatonic b3 n1))
TR	rel-pitch-1	1	true	n1	(and (duration>= (duration n1) 4) (not (rest? n1)) (= (note-category n1) C) (= (relative-pitch n1) 1))	(multiply-duration 0.5 (transpose-diatonic 2 n1))	(multiply-duration 0.5 (transpose-diatonic #-3 n1))
TR	rel-pitch-1	2	true	n1	(and (duration>= (duration n1) 4) (not (rest? n1)) (= (note-category n1) C) (= (relative-pitch n1) 1))	(multiply-duration 0.5 (transpose-diatonic 3 n1))	(multiply-duration 0.5 (transpose-diatonic #-1 n1))
TR	rel-pitch-1	1	true	n1	(and (duration>= (duration n1) 4) (not (rest? n1)) (= (note-category n1) C) (= (relative-pitch n1) 1))	(multiply-duration 0.5 (transpose-diatonic #-1 n1))	(multiply-duration 0.5 (transpose-diatonic b3 n1))
TR	rel-pitch-1	3	true	n1	(and (duration>= (duration n1) 4) (not (rest? n1)) (= (note-category n1) C) (= (relative-pitch n1) 1))	(multiply-duration 0.5 (transpose-diatonic -1 n1))	(multiply-duration 0.5 (transpose-diatonic b2 n1))
TR	rel-pitch-1	2	true	n1	(and (duration>= (duration n1) 4) (not (rest? n1)) (= (note-category n1) C) (= (relative-pitch n1) 1))	(multiply-duration 0.5 (transpose-diatonic #-2 n1))	(multiply-duration 0.5 (transpose-diatonic 2 n1))
TR	rel-pitch-1	3	true	n1	(and (duration>= (duration n1) 4) (not (rest? n1)) (= (note-category n1) C) (= (relative-pitch n1) 1))	(multiply-duration 0.5 (transpose-diatonic 1 n1))	(multiply-duration 0.5 (transpose-diatonic b2 n1))
TR	rel-pitch-1	1	true	n1	(and (duration>= (duration n1) 4) (not (rest? n1)) (= (note-category n1) C) (= (relative-pitch n1) 1))	(multiply-duration 0.5 (transpose-diatonic -1 n1))	(multiply-duration 0.5 (transpose-diatonic 3 n1))
TR	rel-pitch-1	2	true	n1	(and (duration>= (duration n1) 4) (not (rest? n1)) (= (note-category n1) C) (= (relative-pitch n1) 1))	(multiply-duration 0.5 (transpose-diatonic b2 n1))	(multiply-duration 0.5 (transpose-diatonic -1 n1))
TR	rel-pitch-1	1	true	n1	(and (duration>= (duration n1) 4) (not (rest? n1)) (= (note-category n1) C) (= (relative-pitch n1) 1))	(multiply-duration 0.5 (transpose-diatonic b2 n1))	(multiply-duration 0.5 (make-rest n1))
TR	rel-pitch-1	1	true	n1	(and (duration>= (duration n1) 4) (not (rest? n1)) (= (note-category n1) C) (= (relative-pitch n1) 1))	(multiply-duration 0.5 (transpose-diatonic -1 n1))	(multiply-duration 0.5 (transpose-diatonic 4 n1))
TR	rel-pitch-1	2	true	n1	(and (duration>= (duration n1) 4) (not (rest? n1)) (= (note-category n1) C) (= (relative-pitch n1) 1))	(multiply-duration 0.5 (transpose-diatonic #-1 n1))	(multiply-duration 0.5 (transpose-diatonic 1 n1))
TR	rel-pitch-1	1	true	n1	(and (duration>= (duration n1) 4) (not (rest? n1)) (= (note-category n1) C) (= (relative-pitch n1) 1))	(multiply-duration 0.3333333333333333 (transpose-diatonic -1 n1))	(multiply-duration 0.3333333333333333 (transpose-diatonic 1 n1))	(multiply-duration 0.3333333333333333 (transpose-diatonic b2 n1))
TR	rel-pitch-1	1	true	n1	(and (duration>= (duration n1) 4) (not (rest? n1)) (= (note-category n1) C) (= (relative-pitch n1) 1))	(multiply-duration 0.5 (make-rest n1))	(multiply-duration 0.5 (transpose-diatonic #-1 n1))
TR	rel-pitch-1	1	true	n1	(and (duration>= (duration n1) 4) (not (rest? n1)) (= (note-category n1) C) (= (relative-pitch n1) 1))	(multiply-duration 0.3333333333333333 (transpose-diatonic -1 n1))	(multiply-duration 0.3333333333333333 (transpose-diatonic 2 n1))	(multiply-duration 0.3333333333333333 (transpose-diatonic 4 n1))
TR	rel-pitch-1	1	true	n1	(and (duration>= (duration n1) 4) (not (rest? n1)) (= (note-category n1) C) (= (relative-pitch n1) 1))	(multiply-duration 0.5 (make-rest n1))	(multiply-duration 0.5 (transpose-diatonic 2 n1))
TR	rel-pitch-1	1	true	n1	(and (duration>= (duration n1) 4) (not (rest? n1)) (= (note-category n1) C) (= (relative-pitch n1) 1))	(multiply-duration 0.5 (transpose-diatonic 2 n1))	(multiply-duration 0.5 (transpose-diatonic b-1 n1))
TR	rel-pitch-1	1	true	n1	(and (duration>= (duration n1) 4) (not (rest? n1)) (= (note-category n1) C) (= (relative-pitch n1) 1))	(multiply-duration 0.5 (transpose-diatonic 2 n1))	(multiply-duration 0.5 (make-rest n1))
TR	rel-pitch-1	1	true	n1	(and (duration>= (duration n1) 4) (not (rest? n1)) (= (note-category n1) C) (= (relative-pitch n1) 1))	(multiply-duration 1.0 (transpose-diatonic 2 n1))
SUB	quarter-first-rel-pitch-7	motif	1	true
TR	rel-pitch-7-to-5	1	true	n1 n2	(and (duration>= (duration n1) 4) (not (rest? n1)) (= (note-category n1) C) (= (relative-pitch n1) 7) (duration>= (duration n2) 4) (not (rest? n2)) (= (note-category n2) C) (= (relative-pitch n2) 5) (pitch>= n1 n2))	(multiply-duration 0.5 (transpose-diatonic #-2 n1))	(multiply-duration 0.5 (transpose-diatonic 1 n1))	(multiply-duration 0.5 (transpose-diatonic 2 n2))	(multiply-duration 0.5 (transpose-diatonic #1 n2))
TR	rel-pitch-7-to-1	6	true	n1 n2	(and (duration>= (duration n1) 4) (not (rest? n1)) (= (note-category n1) C) (= (relative-pitch n1) 7) (duration>= (duration n2) 4) (not (rest? n2)) (= (note-category n2) C) (= (relative-pitch n2) 1) (pitch>= n1 n2))	(multiply-duration 0.5 (transpose-diatonic 2 n1))	(multiply-duration 0.5 (transpose-diatonic -2 n1))	(multiply-duration 0.5 (transpose-diatonic 3 n2))	(multiply-duration 0.5 (transpose-diatonic 1 n2))
TR	rel-pitch-7-to-1	2	true	n1 n2	(and (duration>= (duration n1) 4) (not (rest? n1)) (= (note-category n1) C) (= (relative-pitch n1) 7) (duration>= (duration n2) 4) (not (rest? n2)) (= (note-category n2) C) (= (relative-pitch n2) 1) (pitch< n1 n2))	(multiply-duration 0.5 (transpose-diatonic 4 n1))	(multiply-duration 0.5 (transpose-diatonic -2 n1))	(multiply-duration 0.5 (transpose-diatonic -1 n2))	(multiply-duration 0.5 (transpose-diatonic 2 n2))
TR	rel-pitch-7-to-b2	2	true	n1 n2	(and (duration>= (duration n1) 4) (not (rest? n1)) (= (note-category n1) C) (= (relative-pitch n1) 7) (duration>= (duration n2) 4) (not (rest? n2)) (= (note-category n2) C) (= (relative-pitch n2) b2) (pitch>= n1 n2))	(multiply-duration 0.5 (transpose-diatonic 2 n1))	(multiply-duration 0.5 (transpose-diatonic #-2 n1))	(multiply-duration 0.5 (transpose-diatonic #2 n2))	(multiply-duration 0.5 (transpose-diatonic #-1 n2))
TR	rel-pitch-7-to-rest	1	true	n1 n2	(and (duration>= (duration n1) 4) (not (rest? n1)) (= (note-category n1) C) (= (relative-pitch n1) 7) (duration>= (duration n2) 4) (rest? n2))	(multiply-duration 0.5 (transpose-diatonic 2 n1))	(multiply-duration 0.5 (transpose-diatonic -1 n1))	n2
TR	rel-pitch-7-to-5	1	true	n1 n2	(and (duration>= (duration n1) 4) (not (rest? n1)) (= (note-category n1) C) (= (relative-pitch n1) 7) (duration>= (duration n2) 4) (not (rest? n2)) (= (note-category n2) C) (= (relative-pitch n2) 5) (pitch>= n1 n2))	(multiply-duration 0.5 (transpose-diatonic -1 n1))	(multiply-duration 0.5 (transpose-diatonic 2 n1))	(multiply-duration 0.5 (transpose-diatonic 2 n2))	(multiply-duration 0.5 (transpose-diatonic 1 n2))
TR	rel-pitch-7-to-5	1	true	n1 n2	(and (duration>= (duration n1) 4) (not (rest? n1)) (= (note-category n1) C) (= (relative-pitch n1) 7) (duration>= (duration n2) 4) (not (rest? n2)) (= (note-category n2) C) (= (relative-pitch n2) 5) (pitch>= n1 n2))	(multiply-duration 0.5 (transpose-diatonic #-1 n1))	(multiply-duration 0.5 (transpose-diatonic #-2 n1))	(multiply-duration 0.5 (transpose-diatonic -1 n2))	(multiply-duration 0.5 (transpose-diatonic #1 n2))
TR	rel-pitch-7-to-7	1	true	n1 n2	(and (duration>= (duration n1) 4) (not (rest? n1)) (= (note-category n1) C) (= (relative-pitch n1) 7) (duration>= (duration n2) 4) (not (rest? n2)) (= (note-category n2) C) (= (relative-pitch n2) 7) (pitch>= n1 n2))	(multiply-duration 0.5 (make-rest n1))	(multiply-duration 0.5 (transpose-diatonic -1 n1))	(multiply-duration 0.5 (transpose-diatonic #-1 n2))	(multiply-duration 0.5 (transpose-diatonic 2 n2))
TR	rel-pitch-7-to-5	1	true	n1 n2	(and (duration>= (duration n1) 4) (not (rest? n1)) (= (note-category n1) C) (= (relative-pitch n1) 7) (duration>= (duration n2) 4) (not (rest? n2)) (= (note-category n2) C) (= (relative-pitch n2) 5) (pitch>= n1 n2))	(multiply-duration 0.5 (make-rest n1))	(multiply-duration 0.5 (transpose-diatonic b1 n1))	(multiply-duration 1.0 (transpose-diatonic 1 n2))
TR	rel-pitch-7-to-3	1	true	n1 n2	(and (duration>= (duration n1) 4) (not (rest? n1)) (= (note-category n1) C) (= (relative-pitch n1) 7) (duration>= (duration n2) 4) (not (rest? n2)) (= (note-category n2) C) (= (relative-pitch n2) 3) (pitch>= n1 n2))	(multiply-duration 0.5 (make-rest n1))	(multiply-duration 0.5 (transpose-diatonic 1 n1))	(multiply-duration 0.5 (transpose-diatonic 3 n2))	(multiply-duration 0.5 (transpose-diatonic 1 n2))
TR	rel-pitch-7-to-5	1	true	n1 n2	(and (duration>= (duration n1) 4) (not (rest? n1)) (= (note-category n1) C) (= (relative-pitch n1) 7) (duration>= (duration n2) 4) (not (rest? n2)) (= (note-category n2) C) (= (relative-pitch n2) 5) (pitch< n1 n2))	(multiply-duration 0.5 (transpose-diatonic -2 n1))	(multiply-duration 0.5 (transpose-diatonic 2 n1))	(multiply-duration 0.5 (transpose-diatonic -2 n2))	(multiply-duration 0.5 (transpose-diatonic 1 n2))
TR	rel-pitch-7-to-7	1	true	n1 n2	(and (duration>= (duration n1) 4) (not (rest? n1)) (= (note-category n1) C) (= (relative-pitch n1) 7) (duration>= (duration n2) 4) (not (rest? n2)) (= (note-category n2) C) (= (relative-pitch n2) 7) (pitch>= n1 n2))	(multiply-duration 1.0 (transpose-diatonic 1 n1))	(multiply-duration 0.5 (transpose-diatonic 1 n2))	(multiply-duration 0.5 (transpose-diatonic -1 n2))
TR	rel-pitch-7-to-7	6	true	n1 n2	(and (duration>= (duration n1) 4) (not (rest? n1)) (= (note-category n1) C) (= (relative-pitch n1) 7) (duration>= (duration n2) 4) (not (rest? n2)) (= (note-category n2) C) (= (relative-pitch n2) 7) (pitch>= n1 n2))	(multiply-duration 1.0 (transpose-diatonic 1 n1))	(multiply-duration 1.0 (transpose-diatonic 1 n2))
TR	rel-pitch-7-to-3	1	true	n1 n2	(and (duration>= (duration n1) 4) (not (rest? n1)) (= (note-category n1) C) (= (relative-pitch n1) 7) (duration>= (duration n2) 4) (not (rest? n2)) (= (note-category n2) C) (= (relative-pitch n2) 3) (pitch>= n1 n2))	(multiply-duration 0.5 (transpose-diatonic 2 n1))	(multiply-duration 0.5 (transpose-diatonic -1 n1))	(multiply-duration 0.5 (transpose-diatonic 2 n2))	(multiply-duration 0.5 (transpose-diatonic -1 n2))
TR	rel-pitch-7-to-3	1	true	n1 n2	(and (duration>= (duration n1) 4) (not (rest? n1)) (= (note-category n1) C) (= (relative-pitch n1) 7) (duration>= (duration n2) 4) (not (rest? n2)) (= (note-category n2) C) (= (relative-pitch n2) 3) (pitch>= n1 n2))	(multiply-duration 0.5 (transpose-diatonic 2 n1))	(multiply-duration 0.5 (transpose-diatonic -2 n1))	(multiply-duration 1.0 (transpose-diatonic 1 n2))
TR	rel-pitch-7-to-rest	2	true	n1 n2	(and (duration>= (duration n1) 4) (not (rest? n1)) (= (note-category n1) C) (= (relative-pitch n1) 7) (duration>= (duration n2) 4) (rest? n2))	(multiply-duration 0.5 (transpose-diatonic 4 n1))	(multiply-duration 0.5 (transpose-diatonic -2 n1))	n2
TR	rel-pitch-7-to-3	1	true	n1 n2	(and (duration>= (duration n1) 4) (not (rest? n1)) (= (note-category n1) C) (= (relative-pitch n1) 7) (duration>= (duration n2) 4) (not (rest? n2)) (= (note-category n2) C) (= (relative-pitch n2) 3) (pitch< n1 n2))	(multiply-duration 0.5 (transpose-diatonic b1 n1))	(multiply-duration 0.5 (transpose-diatonic 2 n1))	(multiply-duration 0.5 (transpose-diatonic -1 n2))	(multiply-duration 0.5 (transpose-diatonic 2 n2))
TR	rel-pitch-7-to-rest	1	true	n1 n2	(and (duration>= (duration n1) 4) (not (rest? n1)) (= (note-category n1) C) (= (relative-pitch n1) 7) (duration>= (duration n2) 4) (rest? n2))	(multiply-duration 0.5 (transpose-diatonic -2 n1))	(multiply-duration 0.5 (transpose-diatonic 2 n1))	n2
TR	rel-pitch-7-to-1	2	true	n1 n2	(and (duration>= (duration n1) 4) (not (rest? n1)) (= (note-category n1) C) (= (relative-pitch n1) 7) (duration>= (duration n2) 4) (not (rest? n2)) (= (note-category n2) C) (= (relative-pitch n2) 1) (pitch< n1 n2))	(multiply-duration 0.5 (transpose-diatonic 2 n1))	(multiply-duration 0.5 (transpose-diatonic -1 n1))	(multiply-duration 0.5 (transpose-diatonic b2 n2))	(multiply-duration 0.5 (transpose-diatonic #-1 n2))
TR	rel-pitch-7-to-5	1	true	n1 n2	(and (duration>= (duration n1) 4) (not (rest? n1)) (= (note-category n1) C) (= (relative-pitch n1) 7) (duration>= (duration n2) 4) (not (rest? n2)) (= (note-category n2) C) (= (relative-pitch n2) 5) (pitch>= n1 n2))	(multiply-duration 0.5 (transpose-diatonic b1 n1))	(multiply-duration 0.5 (transpose-diatonic b-1 n1))	(multiply-duration 0.5 (transpose-diatonic 1 n2))	(multiply-duration 0.5 (transpose-diatonic b1 n2))
TR	rel-pitch-7-to-3	1	true	n1 n2	(and (duration>= (duration n1) 4) (not (rest? n1)) (= (note-category n1) C) (= (relative-pitch n1) 7) (duration>= (duration n2) 4) (not (rest? n2)) (= (note-category n2) C) (= (relative-pitch n2) 3) (pitch< n1 n2))	(multiply-duration 0.5 (transpose-diatonic -1 n1))	(multiply-duration 0.5 (transpose-diatonic #1 n1))	(multiply-duration 0.5 (transpose-diatonic b-1 n2))	(multiply-duration 0.5 (transpose-diatonic 1 n2))
TR	rel-pitch-7-to-1	1	true	n1 n2	(and (duration>= (duration n1) 4) (not (rest? n1)) (= (note-category n1) C) (= (relative-pitch n1) 7) (duration>= (duration n2) 4) (not (rest? n2)) (= (note-category n2) C) (= (relative-pitch n2) 1) (pitch>= n1 n2))	(multiply-duration 0.5 (transpose-diatonic 1 n1))	(multiply-duration 0.5 (transpose-diatonic #-2 n1))	(multiply-duration 0.5 (transpose-diatonic 3 n2))	(multiply-duration 0.5 (transpose-diatonic 1 n2))
TR	rel-pitch-7-to-rest	3	true	n1 n2	(and (duration>= (duration n1) 4) (not (rest? n1)) (= (note-category n1) C) (= (relative-pitch n1) 7) (duration>= (duration n2) 4) (rest? n2))	(multiply-duration 1.0 (transpose-diatonic -1 n1))	n2
TR	rel-pitch-7-to-3	1	true	n1 n2	(and (duration>= (duration n1) 4) (not (rest? n1)) (= (note-category n1) C) (= (relative-pitch n1) 7) (duration>= (duration n2) 4) (not (rest? n2)) (= (note-category n2) C) (= (relative-pitch n2) 3) (pitch>= n1 n2))	(multiply-duration 0.5 (transpose-diatonic 2 n1))	(multiply-duration 0.5 (transpose-diatonic b1 n1))	(multiply-duration 0.5 (transpose-diatonic 2 n2))	(multiply-duration 0.5 (transpose-diatonic -1 n2))
TR	rel-pitch-7-to-1	1	true	n1 n2	(and (duration>= (duration n1) 4) (not (rest? n1)) (= (note-category n1) C) (= (relative-pitch n1) 7) (duration>= (duration n2) 4) (not (rest? n2)) (= (note-category n2) C) (= (relative-pitch n2) 1) (pitch< n1 n2))	(multiply-duration 0.5 (transpose-diatonic #-2 n1))	(multiply-duration 0.5 (transpose-diatonic 1 n1))	(multiply-duration 0.5 (transpose-diatonic #-1 n2))	(multiply-duration 0.5 (transpose-diatonic b2 n2))
TR	rel-pitch-7-to-7	1	true	n1 n2	(and (duration>= (duration n1) 4) (not (rest? n1)) (= (note-category n1) C) (= (relative-pitch n1) 7) (duration>= (duration n2) 4) (not (rest? n2)) (= (note-category n2) C) (= (relative-pitch n2) 7) (pitch>= n1 n2))	(multiply-duration 0.5 (transpose-diatonic 2 n1))	(multiply-duration 0.5 (transpose-diatonic 1 n1))	(multiply-duration 0.5 (transpose-diatonic b1 n2))	(multiply-duration 0.5 (transpose-diatonic -1 n2))
TR	rel-pitch-7-to-7	1	true	n1 n2	(and (duration>= (duration n1) 4) (not (rest? n1)) (= (note-category n1) C) (= (relative-pitch n1) 7) (duration>= (duration n2) 4) (not (rest? n2)) (= (note-category n2) C) (= (relative-pitch n2) 7) (pitch>= n1 n2))	(multiply-duration 0.5 (make-rest n1))	(multiply-duration 0.5 (transpose-diatonic b1 n1))	(multiply-duration 0.5 (make-rest n2))	(multiply-duration 0.5 (transpose-diatonic b1 n2))
TR	rel-pitch-7-to-5	1	true	n1 n2	(and (duration>= (duration n1) 4) (not (rest? n1)) (= (note-category n1) C) (= (relative-pitch n1) 7) (duration>= (duration n2) 4) (not (rest? n2)) (= (note-category n2) C) (= (relative-pitch n2) 5) (pitch< n1 n2))	(multiply-duration 1.0 (transpose-diatonic 1 n1))	(multiply-duration 0.5 (transpose-diatonic #1 n2))	(multiply-duration 0.5 (transpose-diatonic -1 n2))
TR	rel-pitch-7-to-3	1	true	n1 n2	(and (duration>= (duration n1) 4) (not (rest? n1)) (= (note-category n1) C) (= (relative-pitch n1) 7) (duration>= (duration n2) 4) (not (rest? n2)) (= (note-category n2) C) (= (relative-pitch n2) 3) (pitch>= n1 n2))	(multiply-duration 0.5 (transpose-diatonic b3 n1))	(multiply-duration 0.5 (transpose-diatonic #-2 n1))	(multiply-duration 1.0 (transpose-diatonic 1 n2))
TR	rel-pitch-7-to-7	1	true	n1 n2	(and (duration>= (duration n1) 4) (not (rest? n1)) (= (note-category n1) C) (= (relative-pitch n1) 7) (duration>= (duration n2) 4) (not (rest? n2)) (= (note-category n2) C) (= (relative-pitch n2) 7) (pitch>= n1 n2))	(multiply-duration 1.0 (transpose-diatonic -1 n1))	(multiply-duration 0.5 (transpose-diatonic -1 n2))	(multiply-duration 0.25 (transpose-diatonic 1 n2))	(multiply-duration 0.25 (transpose-diatonic -1 n2))
TR	rel-pitch-7-to-7	1	true	n1 n2	(and (duration>= (duration n1) 4) (not (rest? n1)) (= (note-category n1) C) (= (relative-pitch n1) 7) (duration>= (duration n2) 4) (not (rest? n2)) (= (note-category n2) C) (= (relative-pitch n2) 7) (pitch>= n1 n2))	(multiply-duration 1.0 (transpose-diatonic 1 n1))	(multiply-duration 0.5 (transpose-diatonic 3 n2))	(multiply-duration 0.5 (transpose-diatonic -2 n2))
TR	rel-pitch-7-to-7	1	true	n1 n2	(and (duration>= (duration n1) 4) (not (rest? n1)) (= (note-category n1) C) (= (relative-pitch n1) 7) (duration>= (duration n2) 4) (not (rest? n2)) (= (note-category n2) C) (= (relative-pitch n2) 7) (pitch>= n1 n2))	(multiply-duration 1.0 (transpose-diatonic -1 n1))	(multiply-duration 1.0 (transpose-diatonic -1 n2))
TR	rel-pitch-7-to-5	1	true	n1 n2	(and (duration>= (duration n1) 4) (not (rest? n1)) (= (note-category n1) C) (= (relative-pitch n1) 7) (duration>= (duration n2) 4) (not (rest? n2)) (= (note-category n2) C) (= (relative-pitch n2) 5) (pitch< n1 n2))	(multiply-duration 0.5 (transpose-diatonic #-1 n1))	(multiply-duration 0.5 (transpose-diatonic 2 n1))	(multiply-duration 0.5 (transpose-diatonic -2 n2))	(multiply-duration 0.5 (transpose-diatonic #1 n2))
TR	rel-pitch-7-to-1	1	true	n1 n2	(and (duration>= (duration n1) 4) (not (rest? n1)) (= (note-category n1) C) (= (relative-pitch n1) 7) (duration>= (duration n2) 4) (not (rest? n2)) (= (note-category n2) C) (= (relative-pitch n2) 1) (pitch< n1 n2))	(multiply-duration 0.5 (transpose-diatonic 2 n1))	(multiply-duration 0.5 (transpose-diatonic #-2 n1))	(multiply-duration 0.5 (transpose-diatonic 2 n2))	(multiply-duration 0.5 (transpose-diatonic #-3 n2))
TR	rel-pitch-7-to-7	1	true	n1 n2	(and (duration>= (duration n1) 4) (not (rest? n1)) (= (note-category n1) C) (= (relative-pitch n1) 7) (duration>= (duration n2) 4) (not (rest? n2)) (= (note-category n2) C) (= (relative-pitch n2) 7) (pitch>= n1 n2))	(multiply-duration 0.5 (transpose-diatonic b1 n1))	(multiply-duration 0.5 (transpose-diatonic 2 n1))	(multiply-duration 0.5 (transpose-diatonic b1 n2))	(multiply-duration 0.5 (transpose-diatonic #-2 n2))
TR	rel-pitch-7-to-rest	2	true	n1 n2	(and (duration>= (duration n1) 4) (not (rest? n1)) (= (note-category n1) C) (= (relative-pitch n1) 7) (duration>= (duration n2) 4) (rest? n2))	(multiply-duration 0.5 (transpose-diatonic 1 n1))	(multiply-duration 0.5 (transpose-diatonic -2 n1))	n2
TR	rel-pitch-7-to-5	1	true	n1 n2	(and (duration>= (duration n1) 4) (not (rest? n1)) (= (note-category n1) C) (= (relative-pitch n1) 7) (duration>= (duration n2) 4) (not (rest? n2)) (= (note-category n2) C) (= (relative-pitch n2) 5) (pitch>= n1 n2))	(multiply-duration 0.5 (transpose-diatonic b1 n1))	(multiply-duration 0.5 (transpose-diatonic b-1 n1))	(multiply-duration 0.5 (transpose-diatonic 1 n2))	(multiply-duration 0.5 (transpose-diatonic -1 n2))
TR	rel-pitch-7-to-1	1	true	n1 n2	(and (duration>= (duration n1) 4) (not (rest? n1)) (= (note-category n1) C) (= (relative-pitch n1) 7) (duration>= (duration n2) 4) (not (rest? n2)) (= (note-category n2) C) (= (relative-pitch n2) 1) (pitch< n1 n2))	(multiply-duration 0.5 (transpose-diatonic b-1 n1))	(multiply-duration 0.5 (transpose-diatonic b1 n1))	(multiply-duration 0.5 (transpose-diatonic -1 n2))	(multiply-duration 0.5 (transpose-diatonic b2 n2))
TR	rel-pitch-7-to-5	1	true	n1 n2	(and (duration>= (duration n1) 4) (not (rest? n1)) (= (note-category n1) C) (= (relative-pitch n1) 7) (duration>= (duration n2) 4) (not (rest? n2)) (= (note-category n2) C) (= (relative-pitch n2) 5) (pitch>= n1 n2))	(multiply-duration 0.5 (transpose-diatonic 1 n1))	(multiply-duration 0.5 (transpose-diatonic -1 n1))	(multiply-duration 0.5 (transpose-diatonic #1 n2))	(multiply-duration 0.5 (transpose-diatonic #-1 n2))
TR	rel-pitch-7-to-3	2	true	n1 n2	(and (duration>= (duration n1) 4) (not (rest? n1)) (= (note-category n1) C) (= (relative-pitch n1) 7) (duration>= (duration n2) 4) (not (rest? n2)) (= (note-category n2) C) (= (relative-pitch n2) 3) (pitch>= n1 n2))	(multiply-duration 0.5 (transpose-diatonic #-1 n1))	(multiply-duration 0.5 (transpose-diatonic #-2 n1))	(multiply-duration 0.5 (transpose-diatonic 2 n2))	(multiply-duration 0.5 (transpose-diatonic #1 n2))
TR	rel-pitch-7-to-5	1	true	n1 n2	(and (duration>= (duration n1) 4) (not (rest? n1)) (= (note-category n1) C) (= (relative-pitch n1) 7) (duration>= (duration n2) 4) (not (rest? n2)) (= (note-category n2) C) (= (relative-pitch n2) 5) (pitch< n1 n2))	(multiply-duration 0.5 (transpose-diatonic -1 n1))	(multiply-duration 0.5 (transpose-diatonic 2 n1))	(multiply-duration 0.5 (transpose-diatonic -2 n2))	(multiply-duration 0.5 (transpose-diatonic 1 n2))
TR	rel-pitch-7-to-5	2	true	n1 n2	(and (duration>= (duration n1) 4) (not (rest? n1)) (= (note-category n1) C) (= (relative-pitch n1) 7) (duration>= (duration n2) 4) (not (rest? n2)) (= (note-category n2) C) (= (relative-pitch n2) 5) (pitch>= n1 n2))	(multiply-duration 0.5 (transpose-diatonic 1 n1))	(multiply-duration 0.5 (transpose-diatonic -2 n1))	(multiply-duration 0.5 (transpose-diatonic b3 n2))	(multiply-duration 0.5 (transpose-diatonic 1 n2))
TR	rel-pitch-7-to-#4	1	true	n1 n2	(and (duration>= (duration n1) 4) (not (rest? n1)) (= (note-category n1) C) (= (relative-pitch n1) 7) (duration>= (duration n2) 4) (not (rest? n2)) (= (note-category n2) C) (= (relative-pitch n2) #4) (pitch>= n1 n2))	(multiply-duration 0.5 (transpose-diatonic 1 n1))	(multiply-duration 0.5 (transpose-diatonic #-2 n1))	(multiply-duration 0.5 (transpose-diatonic b2 n2))	(multiply-duration 0.5 (transpose-diatonic b1 n2))
TR	rel-pitch-7-to-1	1	true	n1 n2	(and (duration>= (duration n1) 4) (not (rest? n1)) (= (note-category n1) C) (= (relative-pitch n1) 7) (duration>= (duration n2) 4) (not (rest? n2)) (= (note-category n2) C) (= (relative-pitch n2) 1) (pitch< n1 n2))	(multiply-duration 1.0 (transpose-diatonic 1 n1))	(multiply-duration 0.5 (transpose-diatonic 2 n2))	(multiply-duration 0.5 (transpose-diatonic -1 n2))
TR	rel-pitch-7-to-3	1	true	n1 n2	(and (duration>= (duration n1) 4) (not (rest? n1)) (= (note-category n1) C) (= (relative-pitch n1) 7) (duration>= (duration n2) 4) (not (rest? n2)) (= (note-category n2) C) (= (relative-pitch n2) 3) (pitch< n1 n2))	(multiply-duration 0.5 (transpose-diatonic 1 n1))	(multiply-duration 0.5 (transpose-diatonic 2 n1))	(multiply-duration 0.5 (transpose-diatonic 1 n2))	(multiply-duration 0.5 (transpose-diatonic 3 n2))
TR	rel-pitch-7-to-1	1	true	n1 n2	(and (duration>= (duration n1) 4) (not (rest? n1)) (= (note-category n1) C) (= (relative-pitch n1) 7) (duration>= (duration n2) 4) (not (rest? n2)) (= (note-category n2) C) (= (relative-pitch n2) 1) (pitch< n1 n2))	(multiply-duration 1.0 (transpose-diatonic -1 n1))	(multiply-duration 0.5 (transpose-diatonic b2 n2))	(multiply-duration 0.5 (transpose-diatonic #-1 n2))
TR	rel-pitch-7-to-7	1	true	n1 n2	(and (duration>= (duration n1) 4) (not (rest? n1)) (= (note-category n1) C) (= (relative-pitch n1) 7) (duration>= (duration n2) 4) (not (rest? n2)) (= (note-category n2) C) (= (relative-pitch n2) 7) (pitch>= n1 n2))	(multiply-duration 0.5 (transpose-diatonic #-2 n1))	(multiply-duration 0.5 (transpose-diatonic #3 n1))	(multiply-duration 0.5 (transpose-diatonic #1 n2))	(multiply-duration 0.5 (transpose-diatonic #-2 n2))
TR	rel-pitch-7-to-5	1	true	n1 n2	(and (duration>= (duration n1) 4) (not (rest? n1)) (= (note-category n1) C) (= (relative-pitch n1) 7) (duration>= (duration n2) 4) (not (rest? n2)) (= (note-category n2) C) (= (relative-pitch n2) 5) (pitch>= n1 n2))	(multiply-duration 0.5 (transpose-diatonic #-2 n1))	(multiply-duration 0.5 (transpose-diatonic 2 n1))	(multiply-duration 0.5 (transpose-diatonic -2 n2))	(multiply-duration 0.5 (transpose-diatonic #2 n2))
TR	rel-pitch-7-to-5	1	true	n1 n2	(and (duration>= (duration n1) 4) (not (rest? n1)) (= (note-category n1) C) (= (relative-pitch n1) 7) (duration>= (duration n2) 4) (not (rest? n2)) (= (note-category n2) C) (= (relative-pitch n2) 5) (pitch>= n1 n2))	(multiply-duration 0.5 (transpose-diatonic #-2 n1))	(multiply-duration 0.5 (transpose-diatonic #1 n1))	(multiply-duration 0.5 (transpose-diatonic #1 n2))	(multiply-duration 0.5 (transpose-diatonic -2 n2))
TR	rel-pitch-7-to-5	1	true	n1 n2	(and (duration>= (duration n1) 4) (not (rest? n1)) (= (note-category n1) C) (= (relative-pitch n1) 7) (duration>= (duration n2) 4) (not (rest? n2)) (= (note-category n2) C) (= (relative-pitch n2) 5) (pitch>= n1 n2))	(multiply-duration 0.5 (make-rest n1))	(multiply-duration 0.5 (transpose-diatonic 1 n1))	(multiply-duration 1.0 (transpose-diatonic 1 n2))
TR	rel-pitch-7-to-5	1	true	n1 n2	(and (duration>= (duration n1) 4) (not (rest? n1)) (= (note-category n1) C) (= (relative-pitch n1) 7) (duration>= (duration n2) 4) (not (rest? n2)) (= (note-category n2) C) (= (relative-pitch n2) 5) (pitch< n1 n2))	(multiply-duration 0.5 (transpose-diatonic 1 n1))	(multiply-duration 0.5 (transpose-diatonic 2 n1))	(multiply-duration 0.3333333333333333 (transpose-diatonic -2 n2))	(multiply-duration 0.3333333333333333 (transpose-diatonic 1 n2))	(multiply-duration 0.3333333333333333 (transpose-diatonic 3 n2))
TR	rel-pitch-7-to-5	1	true	n1 n2	(and (duration>= (duration n1) 4) (not (rest? n1)) (= (note-category n1) C) (= (relative-pitch n1) 7) (duration>= (duration n2) 4) (not (rest? n2)) (= (note-category n2) C) (= (relative-pitch n2) 5) (pitch>= n1 n2))	(multiply-duration 0.5 (transpose-diatonic #-1 n1))	(multiply-duration 0.5 (transpose-diatonic -1 n1))	(multiply-duration 0.5 (transpose-diatonic #1 n2))	(multiply-duration 0.5 (transpose-diatonic 1 n2))
TR	rel-pitch-7-to-rest	1	true	n1 n2	(and (duration>= (duration n1) 4) (not (rest? n1)) (= (note-category n1) C) (= (relative-pitch n1) 7) (duration>= (duration n2) 4) (rest? n2))	(multiply-duration 0.5 (transpose-diatonic 1 n1))	(multiply-duration 0.5 (transpose-diatonic -1 n1))	n2
TR	rel-pitch-7-to-3	1	true	n1 n2	(and (duration>= (duration n1) 4) (not (rest? n1)) (= (note-category n1) C) (= (relative-pitch n1) 7) (duration>= (duration n2) 4) (not (rest? n2)) (= (note-category n2) C) (= (relative-pitch n2) 3) (pitch>= n1 n2))	(multiply-duration 0.5 (transpose-diatonic 1 n1))	(multiply-duration 0.5 (transpose-diatonic -2 n1))	(multiply-duration 0.5 (transpose-diatonic 1 n2))	(multiply-duration 0.5 (transpose-diatonic -2 n2))
TR	rel-pitch-7-to-3	1	true	n1 n2	(and (duration>= (duration n1) 4) (not (rest? n1)) (= (note-category n1) C) (= (relative-pitch n1) 7) (duration>= (duration n2) 4) (not (rest? n2)) (= (note-category n2) C) (= (relative-pitch n2) 3) (pitch>= n1 n2))	(multiply-duration 0.5 (transpose-diatonic 2 n1))	(multiply-duration 0.5 (transpose-diatonic b1 n1))	(multiply-duration 0.5 (transpose-diatonic b3 n2))	(multiply-duration 0.5 (transpose-diatonic -1 n2))
TR	rel-pitch-7-to-7	1	true	n1 n2	(and (duration>= (duration n1) 4) (not (rest? n1)) (= (note-category n1) C) (= (relative-pitch n1) 7) (duration>= (duration n2) 4) (not (rest? n2)) (= (note-category n2) C) (= (relative-pitch n2) 7) (pitch>= n1 n2))	(multiply-duration 0.5 (transpose-diatonic -2 n1))	(multiply-duration 0.5 (transpose-diatonic 3 n1))	(multiply-duration 0.5 (transpose-diatonic 1 n2))	(multiply-duration 0.5 (transpose-diatonic -2 n2))
TR	rel-pitch-7-to-5	1	true	n1 n2	(and (duration>= (duration n1) 4) (not (rest? n1)) (= (note-category n1) C) (= (relative-pitch n1) 7) (duration>= (duration n2) 4) (not (rest? n2)) (= (note-category n2) C) (= (relative-pitch n2) 5) (pitch>= n1 n2))	(multiply-duration 0.5 (transpose-diatonic 1 n1))	(multiply-duration 0.5 (transpose-diatonic -2 n1))	(multiply-duration 0.5 (transpose-diatonic 2 n2))	(multiply-duration 0.5 (transpose-diatonic -1 n2))
TR	rel-pitch-7-to-7	1	true	n1 n2	(and (duration>= (duration n1) 4) (not (rest? n1)) (= (note-category n1) C) (= (relative-pitch n1) 7) (duration>= (duration n2) 4) (not (rest? n2)) (= (note-category n2) C) (= (relative-pitch n2) 7) (pitch>= n1 n2))	(multiply-duration 0.5 (make-rest n1))	(multiply-duration 0.5 (transpose-diatonic 1 n1))	(multiply-duration 1.0 (transpose-diatonic 1 n2))
TR	rel-pitch-7-to-3	1	true	n1 n2	(and (duration>= (duration n1) 4) (not (rest? n1)) (= (note-category n1) C) (= (relative-pitch n1) 7) (duration>= (duration n2) 4) (not (rest? n2)) (= (note-category n2) C) (= (relative-pitch n2) 3) (pitch>= n1 n2))	(multiply-duration 0.5 (transpose-diatonic 1 n1))	(multiply-duration 0.5 (transpose-diatonic #-2 n1))	(multiply-duration 0.5 (transpose-diatonic 2 n2))	(multiply-duration 0.5 (transpose-diatonic b1 n2))
TR	rel-pitch-7-to-7	1	true	n1 n2	(and (duration>= (duration n1) 4) (not (rest? n1)) (= (note-category n1) C) (= (relative-pitch n1) 7) (duration>= (duration n2) 4) (not (rest? n2)) (= (note-category n2) C) (= (relative-pitch n2) 7) (pitch>= n1 n2))	(multiply-duration 0.5 (transpose-diatonic 2 n1))	(multiply-duration 0.5 (transpose-diatonic b1 n1))	(multiply-duration 0.5 (transpose-diatonic -2 n2))	(multiply-duration 0.5 (transpose-diatonic 3 n2))
TR	rel-pitch-7-to-5	1	true	n1 n2	(and (duration>= (duration n1) 4) (not (rest? n1)) (= (note-category n1) C) (= (relative-pitch n1) 7) (duration>= (duration n2) 4) (not (rest? n2)) (= (note-category n2) C) (= (relative-pitch n2) 5) (pitch>= n1 n2))	(multiply-duration 0.5 (transpose-diatonic #-2 n1))	(multiply-duration 0.5 (transpose-diatonic 1 n1))	(multiply-duration 0.5 (transpose-diatonic #2 n2))	(multiply-duration 0.5 (transpose-diatonic -1 n2))
TR	rel-pitch-7-to-1	1	true	n1 n2	(and (duration>= (duration n1) 4) (not (rest? n1)) (= (note-category n1) C) (= (relative-pitch n1) 7) (duration>= (duration n2) 4) (not (rest? n2)) (= (note-category n2) C) (= (relative-pitch n2) 1) (pitch< n1 n2))	(multiply-duration 0.5 (transpose-diatonic 4 n1))	(multiply-duration 0.5 (transpose-diatonic -2 n1))	(multiply-duration 0.5 (transpose-diatonic 2 n2))	(multiply-duration 0.5 (transpose-diatonic -1 n2))
TR	rel-pitch-7-to-5	1	true	n1 n2	(and (duration>= (duration n1) 4) (not (rest? n1)) (= (note-category n1) C) (= (relative-pitch n1) 7) (duration>= (duration n2) 4) (not (rest? n2)) (= (note-category n2) C) (= (relative-pitch n2) 5) (pitch>= n1 n2))	(multiply-duration 0.3333333333333333 (transpose-diatonic -1 n1))	(multiply-duration 0.3333333333333333 (transpose-diatonic 1 n1))	(multiply-duration 0.3333333333333333 (transpose-diatonic -1 n1))	(multiply-duration 0.5 (transpose-diatonic 1 n2))	(multiply-duration 0.5 (transpose-diatonic -1 n2))
TR	rel-pitch-7-to-1	1	true	n1 n2	(and (duration>= (duration n1) 4) (not (rest? n1)) (= (note-category n1) C) (= (relative-pitch n1) 7) (duration>= (duration n2) 4) (not (rest? n2)) (= (note-category n2) C) (= (relative-pitch n2) 1) (pitch< n1 n2))	(multiply-duration 0.5 (transpose-diatonic -2 n1))	(multiply-duration 0.5 (transpose-diatonic 1 n1))	(multiply-duration 0.5 (transpose-diatonic 2 n2))	(multiply-duration 0.5 (transpose-diatonic -1 n2))
TR	rel-pitch-7-to-5	1	true	n1 n2	(and (duration>= (duration n1) 4) (not (rest? n1)) (= (note-category n1) C) (= (relative-pitch n1) 7) (duration>= (duration n2) 4) (not (rest? n2)) (= (note-category n2) C) (= (relative-pitch n2) 5) (pitch>= n1 n2))	(multiply-duration 0.5 (transpose-diatonic 1 n1))	(multiply-duration 0.5 (transpose-diatonic -2 n1))	(multiply-duration 0.5 (transpose-diatonic 2 n2))	(multiply-duration 0.5 (transpose-diatonic #-1 n2))
TR	rel-pitch-7-to-5	1	true	n1 n2	(and (duration>= (duration n1) 4) (not (rest? n1)) (= (note-category n1) C) (= (relative-pitch n1) 7) (duration>= (duration n2) 4) (not (rest? n2)) (= (note-category n2) C) (= (relative-pitch n2) 5) (pitch>= n1 n2))	(multiply-duration 0.5 (transpose-diatonic b1 n1))	(multiply-duration 0.5 (transpose-diatonic #-2 n1))	(multiply-duration 0.5 (transpose-diatonic 1 n2))	(multiply-duration 0.5 (transpose-diatonic -1 n2))
TR	rel-pitch-7-to-#4	1	true	n1 n2	(and (duration>= (duration n1) 4) (not (rest? n1)) (= (note-category n1) C) (= (relative-pitch n1) 7) (duration>= (duration n2) 4) (not (rest? n2)) (= (note-category n2) C) (= (relative-pitch n2) #4) (pitch>= n1 n2))	(multiply-duration 0.5 (transpose-diatonic 1 n1))	(multiply-duration 0.5 (transpose-diatonic -1 n1))	(multiply-duration 0.5 (transpose-diatonic 2 n2))	(multiply-duration 0.5 (transpose-diatonic b-1 n2))
TR	rel-pitch-7-to-3	1	true	n1 n2	(and (duration>= (duration n1) 4) (not (rest? n1)) (= (note-category n1) C) (= (relative-pitch n1) 7) (duration>= (duration n2) 4) (not (rest? n2)) (= (note-category n2) C) (= (relative-pitch n2) 3) (pitch< n1 n2))	(multiply-duration 0.5 (transpose-diatonic b1 n1))	(multiply-duration 0.5 (transpose-diatonic 2 n1))	(multiply-duration 0.5 (transpose-diatonic -1 n2))	(multiply-duration 0.5 (transpose-diatonic #1 n2))
TR	rel-pitch-7-to-1	1	true	n1 n2	(and (duration>= (duration n1) 4) (not (rest? n1)) (= (note-category n1) C) (= (relative-pitch n1) 7) (duration>= (duration n2) 4) (not (rest? n2)) (= (note-category n2) C) (= (relative-pitch n2) 1) (pitch< n1 n2))	(multiply-duration 0.5 (transpose-diatonic 2 n1))	(multiply-duration 0.5 (transpose-diatonic -1 n1))	(multiply-duration 0.5 (transpose-diatonic b2 n2))	(multiply-duration 0.5 (transpose-diatonic -2 n2))
TR	rel-pitch-7-to-7	1	true	n1 n2	(and (duration>= (duration n1) 4) (not (rest? n1)) (= (note-category n1) C) (= (relative-pitch n1) 7) (duration>= (duration n2) 4) (not (rest? n2)) (= (note-category n2) C) (= (relative-pitch n2) 7) (pitch>= n1 n2))	(multiply-duration 0.5 (transpose-diatonic 2 n1))	(multiply-duration 0.5 (transpose-diatonic -2 n1))	(multiply-duration 0.5 (transpose-diatonic 1 n2))	(multiply-duration 0.5 (transpose-diatonic -1 n2))
TR	rel-pitch-7-to-1	1	true	n1 n2	(and (duration>= (duration n1) 4) (not (rest? n1)) (= (note-category n1) C) (= (relative-pitch n1) 7) (duration>= (duration n2) 4) (not (rest? n2)) (= (note-category n2) C) (= (relative-pitch n2) 1) (pitch< n1 n2))	(multiply-duration 0.5 (make-rest n1))	(multiply-duration 0.5 (transpose-diatonic b1 n1))	(multiply-duration 0.5 (transpose-diatonic -1 n2))	(multiply-duration 0.5 (transpose-diatonic 2 n2))
TR	rel-pitch-7-to-5	1	true	n1 n2	(and (duration>= (duration n1) 4) (not (rest? n1)) (= (note-category n1) C) (= (relative-pitch n1) 7) (duration>= (duration n2) 4) (not (rest? n2)) (= (note-category n2) C) (= (relative-pitch n2) 5) (pitch>= n1 n2))	(multiply-duration 0.5 (transpose-diatonic 4 n1))	(multiply-duration 0.5 (transpose-diatonic -3 n1))	(multiply-duration 0.5 (transpose-diatonic 1 n2))	(multiply-duration 0.5 (transpose-diatonic -1 n2))
TR	rel-pitch-7-to-rest	1	true	n1 n2	(and (duration>= (duration n1) 4) (not (rest? n1)) (= (note-category n1) C) (= (relative-pitch n1) 7) (duration>= (duration n2) 4) (rest? n2))	(multiply-duration 0.5 (transpose-diatonic 2 n1))	(multiply-duration 0.5 (transpose-diatonic -2 n1))	n2
TR	rel-pitch-7-to-1	1	true	n1 n2	(and (duration>= (duration n1) 4) (not (rest? n1)) (= (note-category n1) C) (= (relative-pitch n1) 7) (duration>= (duration n2) 4) (not (rest? n2)) (= (note-category n2) C) (= (relative-pitch n2) 1) (pitch< n1 n2))	(multiply-duration 0.5 (transpose-diatonic b1 n1))	(multiply-duration 0.5 (transpose-diatonic 2 n1))	(multiply-duration 0.5 (transpose-diatonic 2 n2))	(multiply-duration 0.5 (transpose-diatonic b-1 n2))
TR	rel-pitch-7	14	true	n1	(and (duration>= (duration n1) 4) (not (rest? n1)) (= (note-category n1) C) (= (relative-pitch n1) 7))	(multiply-duration 0.5 (transpose-diatonic 2 n1))	(multiply-duration 0.5 (transpose-diatonic -2 n1))
TR	rel-pitch-7	5	true	n1	(and (duration>= (duration n1) 4) (not (rest? n1)) (= (note-category n1) C) (= (relative-pitch n1) 7))	(multiply-duration 0.5 (transpose-diatonic 4 n1))	(multiply-duration 0.5 (transpose-diatonic -2 n1))
TR	rel-pitch-7	5	true	n1	(and (duration>= (duration n1) 4) (not (rest? n1)) (= (note-category n1) C) (= (relative-pitch n1) 7))	(multiply-duration 0.5 (transpose-diatonic 1 n1))	(multiply-duration 0.5 (transpose-diatonic 2 n1))
TR	rel-pitch-7	5	true	n1	(and (duration>= (duration n1) 4) (not (rest? n1)) (= (note-category n1) C) (= (relative-pitch n1) 7))	(multiply-duration 0.5 (transpose-diatonic 2 n1))	(multiply-duration 0.5 (transpose-diatonic #-2 n1))
TR	rel-pitch-7	1	true	n1	(and (duration>= (duration n1) 4) (not (rest? n1)) (= (note-category n1) C) (= (relative-pitch n1) 7))	(multiply-duration 0.5 (transpose-diatonic 2 n1))	(multiply-duration 0.5 (transpose-diatonic b-1 n1))
TR	rel-pitch-7	4	true	n1	(and (duration>= (duration n1) 4) (not (rest? n1)) (= (note-category n1) C) (= (relative-pitch n1) 7))	(multiply-duration 0.5 (transpose-diatonic -1 n1))	(multiply-duration 0.5 (transpose-diatonic 2 n1))
TR	rel-pitch-7	5	true	n1	(and (duration>= (duration n1) 4) (not (rest? n1)) (= (note-category n1) C) (= (relative-pitch n1) 7))	(multiply-duration 0.5 (transpose-diatonic 1 n1))	(multiply-duration 0.5 (transpose-diatonic #-2 n1))
TR	rel-pitch-7	3	true	n1	(and (duration>= (duration n1) 4) (not (rest? n1)) (= (note-category n1) C) (= (relative-pitch n1) 7))	(multiply-duration 0.5 (transpose-diatonic #-1 n1))	(multiply-duration 0.5 (transpose-diatonic #-2 n1))
TR	rel-pitch-7	5	true	n1	(and (duration>= (duration n1) 4) (not (rest? n1)) (= (note-category n1) C) (= (relative-pitch n1) 7))	(multiply-duration 0.5 (transpose-diatonic #-1 n1))	(multiply-duration 0.5 (transpose-diatonic 2 n1))
TR	rel-pitch-7	1	true	n1	(and (duration>= (duration n1) 4) (not (rest? n1)) (= (note-category n1) C) (= (relative-pitch n1) 7))	(multiply-duration 0.5 (make-rest n1))	(multiply-duration 0.5 (transpose-diatonic -1 n1))
TR	rel-pitch-7	4	true	n1	(and (duration>= (duration n1) 4) (not (rest? n1)) (= (note-category n1) C) (= (relative-pitch n1) 7))	(multiply-duration 0.5 (make-rest n1))	(multiply-duration 0.5 (transpose-diatonic b1 n1))
TR	rel-pitch-7	5	true	n1	(and (duration>= (duration n1) 4) (not (rest? n1)) (= (note-category n1) C) (= (relative-pitch n1) 7))	(multiply-duration 0.5 (transpose-diatonic 2 n1))	(multiply-duration 0.5 (transpose-diatonic b1 n1))
TR	rel-pitch-7	15	true	n1	(and (duration>= (duration n1) 4) (not (rest? n1)) (= (note-category n1) C) (= (relative-pitch n1) 7))	(multiply-duration 0.5 (transpose-diatonic 2 n1))	(multiply-duration 0.5 (transpose-diatonic -1 n1))
TR	rel-pitch-7	3	true	n1	(and (duration>= (duration n1) 4) (not (rest? n1)) (= (note-category n1) C) (= (relative-pitch n1) 7))	(multiply-duration 0.5 (make-rest n1))	(multiply-duration 0.5 (transpose-diatonic 1 n1))
TR	rel-pitch-7	3	true	n1	(and (duration>= (duration n1) 4) (not (rest? n1)) (= (note-category n1) C) (= (relative-pitch n1) 7))	(multiply-duration 0.5 (transpose-diatonic -2 n1))	(multiply-duration 0.5 (transpose-diatonic 2 n1))
TR	rel-pitch-7	8	true	n1	(and (duration>= (duration n1) 4) (not (rest? n1)) (= (note-category n1) C) (= (relative-pitch n1) 7))	(multiply-duration 0.5 (transpose-diatonic 1 n1))	(multiply-duration 0.5 (transpose-diatonic -1 n1))
TR	rel-pitch-7	19	true	n1	(and (duration>= (duration n1) 4) (not (rest? n1)) (= (note-category n1) C) (= (relative-pitch n1) 7))	(multiply-duration 1.0 (transpose-diatonic 1 n1))
TR	rel-pitch-7	2	true	n1	(and (duration>= (duration n1) 4) (not (rest? n1)) (= (note-category n1) C) (= (relative-pitch n1) 7))	(multiply-duration 0.5 (transpose-diatonic #1 n1))	(multiply-duration 0.5 (transpose-diatonic -1 n1))
TR	rel-pitch-7	2	true	n1	(and (duration>= (duration n1) 4) (not (rest? n1)) (= (note-category n1) C) (= (relative-pitch n1) 7))	(multiply-duration 0.5 (transpose-diatonic 1 n1))	(multiply-duration 0.5 (transpose-diatonic #-1 n1))
TR	rel-pitch-7	2	true	n1	(and (duration>= (duration n1) 4) (not (rest? n1)) (= (note-category n1) C) (= (relative-pitch n1) 7))	(multiply-duration 0.5 (transpose-diatonic -1 n1))	(multiply-duration 0.5 (transpose-diatonic 1 n1))
TR	rel-pitch-7	4	true	n1	(and (duration>= (duration n1) 4) (not (rest? n1)) (= (note-category n1) C) (= (relative-pitch n1) 7))	(multiply-duration 0.5 (transpose-diatonic b1 n1))	(multiply-duration 0.5 (transpose-diatonic 2 n1))
TR	rel-pitch-7	1	true	n1	(and (duration>= (duration n1) 4) (not (rest? n1)) (= (note-category n1) C) (= (relative-pitch n1) 7))	(multiply-duration 0.5 (transpose-diatonic 2 n1))	(multiply-duration 0.5 (transpose-diatonic #-1 n1))
TR	rel-pitch-7	2	true	n1	(and (duration>= (duration n1) 4) (not (rest? n1)) (= (note-category n1) C) (= (relative-pitch n1) 7))	(multiply-duration 0.5 (transpose-diatonic b1 n1))	(multiply-duration 0.5 (transpose-diatonic b-1 n1))
TR	rel-pitch-7	8	true	n1	(and (duration>= (duration n1) 4) (not (rest? n1)) (= (note-category n1) C) (= (relative-pitch n1) 7))	(multiply-duration 1.0 (transpose-diatonic -1 n1))
TR	rel-pitch-7	4	true	n1	(and (duration>= (duration n1) 4) (not (rest? n1)) (= (note-category n1) C) (= (relative-pitch n1) 7))	(multiply-duration 0.5 (transpose-diatonic #-2 n1))	(multiply-duration 0.5 (transpose-diatonic 1 n1))
TR	rel-pitch-7	2	true	n1	(and (duration>= (duration n1) 4) (not (rest? n1)) (= (note-category n1) C) (= (relative-pitch n1) 7))	(multiply-duration 0.5 (transpose-diatonic b1 n1))	(multiply-duration 0.5 (transpose-diatonic -1 n1))
TR	rel-pitch-7	2	true	n1	(and (duration>= (duration n1) 4) (not (rest? n1)) (= (note-category n1) C) (= (relative-pitch n1) 7))	(multiply-duration 0.5 (transpose-diatonic 2 n1))	(multiply-duration 0.5 (transpose-diatonic 1 n1))
TR	rel-pitch-7	4	true	n1	(and (duration>= (duration n1) 4) (not (rest? n1)) (= (note-category n1) C) (= (relative-pitch n1) 7))	(multiply-duration 0.5 (transpose-diatonic -1 n1))	(multiply-duration 0.5 (transpose-diatonic #1 n1))
TR	rel-pitch-7	1	true	n1	(and (duration>= (duration n1) 4) (not (rest? n1)) (= (note-category n1) C) (= (relative-pitch n1) 7))	(multiply-duration 0.5 (transpose-diatonic -1 n1))	(multiply-duration 0.25 (transpose-diatonic 1 n1))	(multiply-duration 0.25 (transpose-diatonic -1 n1))
TR	rel-pitch-7	1	true	n1	(and (duration>= (duration n1) 4) (not (rest? n1)) (= (note-category n1) C) (= (relative-pitch n1) 7))	(multiply-duration 0.5 (transpose-diatonic 3 n1))	(multiply-duration 0.5 (transpose-diatonic -2 n1))
TR	rel-pitch-7	2	true	n1	(and (duration>= (duration n1) 4) (not (rest? n1)) (= (note-category n1) C) (= (relative-pitch n1) 7))	(multiply-duration 0.5 (transpose-diatonic b1 n1))	(multiply-duration 0.5 (transpose-diatonic #-2 n1))
TR	rel-pitch-7	14	true	n1	(and (duration>= (duration n1) 4) (not (rest? n1)) (= (note-category n1) C) (= (relative-pitch n1) 7))	(multiply-duration 0.5 (transpose-diatonic 1 n1))	(multiply-duration 0.5 (transpose-diatonic -2 n1))
TR	rel-pitch-7	1	true	n1	(and (duration>= (duration n1) 4) (not (rest? n1)) (= (note-category n1) C) (= (relative-pitch n1) 7))	(multiply-duration 0.5 (transpose-diatonic b-1 n1))	(multiply-duration 0.5 (transpose-diatonic b1 n1))
TR	rel-pitch-7	1	true	n1	(and (duration>= (duration n1) 4) (not (rest? n1)) (= (note-category n1) C) (= (relative-pitch n1) 7))	(multiply-duration 0.3333333333333333 (transpose-diatonic -1 n1))	(multiply-duration 0.3333333333333333 (transpose-diatonic 1 n1))	(multiply-duration 0.3333333333333333 (transpose-diatonic 3 n1))
TR	rel-pitch-7	1	true	n1	(and (duration>= (duration n1) 4) (not (rest? n1)) (= (note-category n1) C) (= (relative-pitch n1) 7))	(multiply-duration 0.5 (transpose-diatonic b1 n1))	(multiply-duration 0.5 (transpose-diatonic 1 n1))
TR	rel-pitch-7	1	true	n1	(and (duration>= (duration n1) 4) (not (rest? n1)) (= (note-category n1) C) (= (relative-pitch n1) 7))	(multiply-duration 0.5 (transpose-diatonic #1 n1))	(multiply-duration 0.5 (transpose-diatonic #-2 n1))
TR	rel-pitch-7	1	true	n1	(and (duration>= (duration n1) 4) (not (rest? n1)) (= (note-category n1) C) (= (relative-pitch n1) 7))	(multiply-duration 0.5 (transpose-diatonic #-2 n1))	(multiply-duration 0.5 (transpose-diatonic #3 n1))
TR	rel-pitch-7	4	true	n1	(and (duration>= (duration n1) 4) (not (rest? n1)) (= (note-category n1) C) (= (relative-pitch n1) 7))	(multiply-duration 0.5 (transpose-diatonic -2 n1))	(multiply-duration 0.5 (transpose-diatonic 3 n1))
TR	rel-pitch-7	2	true	n1	(and (duration>= (duration n1) 4) (not (rest? n1)) (= (note-category n1) C) (= (relative-pitch n1) 7))	(multiply-duration 0.5 (transpose-diatonic #-2 n1))	(multiply-duration 0.5 (transpose-diatonic 2 n1))
TR	rel-pitch-7	2	true	n1	(and (duration>= (duration n1) 4) (not (rest? n1)) (= (note-category n1) C) (= (relative-pitch n1) 7))	(multiply-duration 0.5 (transpose-diatonic #-2 n1))	(multiply-duration 0.5 (transpose-diatonic #1 n1))
TR	rel-pitch-7	1	true	n1	(and (duration>= (duration n1) 4) (not (rest? n1)) (= (note-category n1) C) (= (relative-pitch n1) 7))	(multiply-duration 0.5 (transpose-diatonic #-1 n1))	(multiply-duration 0.5 (transpose-diatonic -1 n1))
TR	rel-pitch-7	1	true	n1	(and (duration>= (duration n1) 4) (not (rest? n1)) (= (note-category n1) C) (= (relative-pitch n1) 7))	(multiply-duration 0.5 (transpose-diatonic #-1 n1))	(multiply-duration 0.5 (transpose-diatonic 1 n1))
TR	rel-pitch-7	1	true	n1	(and (duration>= (duration n1) 4) (not (rest? n1)) (= (note-category n1) C) (= (relative-pitch n1) 7))	(multiply-duration 0.3333333333333333 (transpose-diatonic #1 n1))	(multiply-duration 0.3333333333333333 (transpose-diatonic 1 n1))	(multiply-duration 0.3333333333333333 (transpose-diatonic #-1 n1))
TR	rel-pitch-7	1	true	n1	(and (duration>= (duration n1) 4) (not (rest? n1)) (= (note-category n1) C) (= (relative-pitch n1) 7))	(multiply-duration 0.5 (transpose-diatonic 1 n1))	(multiply-duration 0.5 (transpose-diatonic #1 n1))
TR	rel-pitch-7	1	true	n1	(and (duration>= (duration n1) 4) (not (rest? n1)) (= (note-category n1) C) (= (relative-pitch n1) 7))	(multiply-duration 0.3333333333333333 (transpose-diatonic -1 n1))	(multiply-duration 0.3333333333333333 (transpose-diatonic 1 n1))	(multiply-duration 0.3333333333333333 (transpose-diatonic -1 n1))
TR	rel-pitch-7	1	true	n1	(and (duration>= (duration n1) 4) (not (rest? n1)) (= (note-category n1) C) (= (relative-pitch n1) 7))	(multiply-duration 0.5 (transpose-diatonic -2 n1))	(multiply-duration 0.5 (transpose-diatonic 1 n1))
TR	rel-pitch-7	1	true	n1	(and (duration>= (duration n1) 4) (not (rest? n1)) (= (note-category n1) C) (= (relative-pitch n1) 7))	(multiply-duration 0.5 (transpose-diatonic #1 n1))	(multiply-duration 0.5 (transpose-diatonic -2 n1))
TR	rel-pitch-7	1	true	n1	(and (duration>= (duration n1) 4) (not (rest? n1)) (= (note-category n1) C) (= (relative-pitch n1) 7))	(multiply-duration 0.5 (transpose-diatonic 4 n1))	(multiply-duration 0.5 (transpose-diatonic -3 n1))
TR	rel-pitch-7	3	true	n1	(and (duration>= (duration n1) 4) (not (rest? n1)) (= (note-category n1) C) (= (relative-pitch n1) 7))	(multiply-duration 0.5 (transpose-diatonic b3 n1))	(multiply-duration 0.5 (transpose-diatonic #-2 n1))
SUB	quarter-first-rel-pitch-5	motif	1	true
TR	rel-pitch-5-to-3	1	true	n1 n2	(and (duration>= (duration n1) 4) (not (rest? n1)) (= (note-category n1) C) (= (relative-pitch n1) 5) (duration>= (duration n2) 4) (not (rest? n2)) (= (note-category n2) C) (= (relative-pitch n2) 3) (pitch>= n1 n2))	(multiply-duration 0.5 (transpose-diatonic #1 n1))	(multiply-duration 0.5 (transpose-diatonic #-1 n1))	(multiply-duration 1.0 (transpose-diatonic 2 n2))
TR	rel-pitch-5-to-5	1	true	n1 n2	(and (duration>= (duration n1) 4) (not (rest? n1)) (= (note-category n1) C) (= (relative-pitch n1) 5) (duration>= (duration n2) 4) (not (rest? n2)) (= (note-category n2) C) (= (relative-pitch n2) 5) (pitch>= n1 n2))	(multiply-duration 1.0 (transpose-diatonic -1 n1))	(multiply-duration 1.0 (transpose-diatonic -1 n2))
TR	rel-pitch-5-to-5	1	true	n1 n2	(and (duration>= (duration n1) 4) (not (rest? n1)) (= (note-category n1) C) (= (relative-pitch n1) 5) (duration>= (duration n2) 4) (not (rest? n2)) (= (note-category n2) C) (= (relative-pitch n2) 5) (pitch>= n1 n2))	(multiply-duration 0.5 (make-rest n1))	(multiply-duration 0.5 (transpose-diatonic -1 n1))	(multiply-duration 1.0 (transpose-diatonic -1 n2))
TR	rel-pitch-5-to-5	1	true	n1 n2	(and (duration>= (duration n1) 4) (not (rest? n1)) (= (note-category n1) C) (= (relative-pitch n1) 5) (duration>= (duration n2) 4) (not (rest? n2)) (= (note-category n2) C) (= (relative-pitch n2) 5) (pitch>= n1 n2))	(multiply-duration 1.0 (transpose-diatonic -1 n1))	(multiply-duration 0.5 (transpose-diatonic -1 n2))	(multiply-duration 0.5 (make-rest n2))
TR	rel-pitch-5-to-1	1	true	n1 n2	(and (duration>= (duration n1) 4) (not (rest? n1)) (= (note-category n1) C) (= (relative-pitch n1) 5) (duration>= (duration n2) 4) (not (rest? n2)) (= (note-category n2) C) (= (relative-pitch n2) 1) (pitch>= n1 n2))	(multiply-duration 0.5 (transpose-diatonic #1 n1))	(multiply-duration 0.5 (transpose-diatonic -2 n1))	(multiply-duration 0.5 (transpose-diatonic #2 n2))	(multiply-duration 0.5 (transpose-diatonic 1 n2))
TR	rel-pitch-5-to-5	1	true	n1 n2	(and (duration>= (duration n1) 4) (not (rest? n1)) (= (note-category n1) C) (= (relative-pitch n1) 5) (duration>= (duration n2) 4) (not (rest? n2)) (= (note-category n2) C) (= (relative-pitch n2) 5) (pitch>= n1 n2))	(multiply-duration 0.5 (transpose-diatonic -1 n1))	(multiply-duration 0.5 (transpose-diatonic 1 n1))	(multiply-duration 0.5 (transpose-diatonic b2 n2))	(multiply-duration 0.5 (transpose-diatonic 2 n2))
TR	rel-pitch-5-to-1	1	true	n1 n2	(and (duration>= (duration n1) 4) (not (rest? n1)) (= (note-category n1) C) (= (relative-pitch n1) 5) (duration>= (duration n2) 4) (not (rest? n2)) (= (note-category n2) C) (= (relative-pitch n2) 1) (pitch>= n1 n2))	(multiply-duration 0.5 (transpose-diatonic 2 n1))	(multiply-duration 0.5 (transpose-diatonic -1 n1))	(multiply-duration 0.5 (transpose-diatonic 2 n2))	(multiply-duration 0.5 (transpose-diatonic -1 n2))
TR	rel-pitch-5-to-5	1	true	n1 n2	(and (duration>= (duration n1) 4) (not (rest? n1)) (= (note-category n1) C) (= (relative-pitch n1) 5) (duration>= (duration n2) 4) (not (rest? n2)) (= (note-category n2) C) (= (relative-pitch n2) 5) (pitch>= n1 n2))	(multiply-duration 0.5 (transpose-diatonic 1 n1))	(multiply-duration 0.5 (transpose-diatonic b2 n1))	(multiply-duration 0.5 (transpose-diatonic 2 n2))	(multiply-duration 0.5 (transpose-diatonic 1 n2))
TR	rel-pitch-5-to-5	1	true	n1 n2	(and (duration>= (duration n1) 4) (not (rest? n1)) (= (note-category n1) C) (= (relative-pitch n1) 5) (duration>= (duration n2) 4) (not (rest? n2)) (= (note-category n2) C) (= (relative-pitch n2) 5) (pitch>= n1 n2))	(multiply-duration 0.5 (transpose-diatonic -1 n1))	(multiply-duration 0.5 (transpose-diatonic 1 n1))	(multiply-duration 0.5 (make-rest n2))	(multiply-duration 0.5 (transpose-diatonic -1 n2))
TR	rel-pitch-5-to-5	1	true	n1 n2	(and (duration>= (duration n1) 4) (not (rest? n1)) (= (note-category n1) C) (= (relative-pitch n1) 5) (duration>= (duration n2) 4) (not (rest? n2)) (= (note-category n2) C) (= (relative-pitch n2) 5) (pitch>= n1 n2))	(multiply-duration 0.5 (make-rest n1))	(multiply-duration 0.5 (transpose-diatonic 1 n1))	(multiply-duration 1.0 (transpose-diatonic 1 n2))
TR	rel-pitch-5-to-3	1	true	n1 n2	(and (duration>= (duration n1) 4) (not (rest? n1)) (= (note-category n1) C) (= (relative-pitch n1) 5) (duration>= (duration n2) 4) (not (rest? n2)) (= (note-category n2) C) (= (relative-pitch n2) 3) (pitch>= n1 n2))	(multiply-duration 0.5 (transpose-diatonic -1 n1))	(multiply-duration 0.5 (transpose-diatonic #1 n1))	(multiply-duration 0.5 (transpose-diatonic 2 n2))	(multiply-duration 0.5 (transpose-diatonic #2 n2))
TR	rel-pitch-5-to-3	1	true	n1 n2	(and (duration>= (duration n1) 4) (not (rest? n1)) (= (note-category n1) C) (= (relative-pitch n1) 5) (duration>= (duration n2) 4) (not (rest? n2)) (= (note-category n2) C) (= (relative-pitch n2) 3) (pitch>= n1 n2))	(multiply-duration 0.5 (transpose-diatonic -1 n1))	(multiply-duration 0.5 (transpose-diatonic 2 n1))	(multiply-duration 0.5 (transpose-diatonic 3 n2))	(multiply-duration 0.5 (transpose-diatonic 1 n2))
TR	rel-pitch-5-to-5	1	true	n1 n2	(and (duration>= (duration n1) 4) (not (rest? n1)) (= (note-category n1) C) (= (relative-pitch n1) 5) (duration>= (duration n2) 4) (not (rest? n2)) (= (note-category n2) C) (= (relative-pitch n2) 5) (pitch>= n1 n2))	(multiply-duration 0.5 (transpose-diatonic 2 n1))	(multiply-duration 0.5 (transpose-diatonic -1 n1))	(multiply-duration 0.25 (transpose-diatonic 1 n2))	(multiply-duration 0.25 (transpose-diatonic 2 n2))	(multiply-duration 0.25 (transpose-diatonic 1 n2))	(multiply-duration 0.25 (transpose-diatonic -2 n2))
TR	rel-pitch-5-to-5	1	true	n1 n2	(and (duration>= (duration n1) 4) (not (rest? n1)) (= (note-category n1) C) (= (relative-pitch n1) 5) (duration>= (duration n2) 4) (not (rest? n2)) (= (note-category n2) C) (= (relative-pitch n2) 5) (pitch>= n1 n2))	(multiply-duration 0.5 (transpose-diatonic 1 n1))	(multiply-duration 0.5 (transpose-diatonic b3 n1))	(multiply-duration 0.5 (transpose-diatonic 1 n2))	(multiply-duration 0.5 (transpose-diatonic b2 n2))
TR	rel-pitch-5-to-3	1	true	n1 n2	(and (duration>= (duration n1) 4) (not (rest? n1)) (= (note-category n1) C) (= (relative-pitch n1) 5) (duration>= (duration n2) 4) (not (rest? n2)) (= (note-category n2) C) (= (relative-pitch n2) 3) (pitch< n1 n2))	(multiply-duration 0.5 (transpose-diatonic 1 n1))	(multiply-duration 0.5 (transpose-diatonic 3 n1))	(multiply-duration 0.5 (transpose-diatonic b-1 n2))	(multiply-duration 0.5 (transpose-diatonic 1 n2))
TR	rel-pitch-5-to-7	1	true	n1 n2	(and (duration>= (duration n1) 4) (not (rest? n1)) (= (note-category n1) C) (= (relative-pitch n1) 5) (duration>= (duration n2) 4) (not (rest? n2)) (= (note-category n2) C) (= (relative-pitch n2) 7) (pitch< n1 n2))	(multiply-duration 0.5 (make-rest n1))	(multiply-duration 0.5 (transpose-diatonic 1 n1))	(multiply-duration 0.5 (transpose-diatonic -1 n2))	(multiply-duration 0.5 (transpose-diatonic 1 n2))
TR	rel-pitch-5-to-3	1	true	n1 n2	(and (duration>= (duration n1) 4) (not (rest? n1)) (= (note-category n1) C) (= (relative-pitch n1) 5) (duration>= (duration n2) 4) (not (rest? n2)) (= (note-category n2) C) (= (relative-pitch n2) 3) (pitch< n1 n2))	(multiply-duration 1.0 (transpose-diatonic #1 n1))	(multiply-duration 1.0 (transpose-diatonic 1 n2))
TR	rel-pitch-5-to-1	2	true	n1 n2	(and (duration>= (duration n1) 4) (not (rest? n1)) (= (note-category n1) C) (= (relative-pitch n1) 5) (duration>= (duration n2) 4) (not (rest? n2)) (= (note-category n2) C) (= (relative-pitch n2) 1) (pitch< n1 n2))	(multiply-duration 0.5 (transpose-diatonic 1 n1))	(multiply-duration 0.5 (transpose-diatonic 2 n1))	(multiply-duration 0.5 (transpose-diatonic 1 n2))	(multiply-duration 0.5 (transpose-diatonic b3 n2))
TR	rel-pitch-5-to-5	1	true	n1 n2	(and (duration>= (duration n1) 4) (not (rest? n1)) (= (note-category n1) C) (= (relative-pitch n1) 5) (duration>= (duration n2) 4) (not (rest? n2)) (= (note-category n2) C) (= (relative-pitch n2) 5) (pitch>= n1 n2))	(multiply-duration 1.0 (transpose-diatonic -1 n1))	(multiply-duration 0.5 (transpose-diatonic #-2 n2))	(multiply-duration 0.5 (transpose-diatonic 1 n2))
TR	rel-pitch-5-to-7	2	true	n1 n2	(and (duration>= (duration n1) 4) (not (rest? n1)) (= (note-category n1) C) (= (relative-pitch n1) 5) (duration>= (duration n2) 4) (not (rest? n2)) (= (note-category n2) C) (= (relative-pitch n2) 7) (pitch< n1 n2))	(multiply-duration 0.5 (transpose-diatonic -1 n1))	(multiply-duration 0.5 (transpose-diatonic #1 n1))	(multiply-duration 0.5 (transpose-diatonic #-1 n2))	(multiply-duration 0.5 (transpose-diatonic 2 n2))
TR	rel-pitch-5-to-5	2	true	n1 n2	(and (duration>= (duration n1) 4) (not (rest? n1)) (= (note-category n1) C) (= (relative-pitch n1) 5) (duration>= (duration n2) 4) (not (rest? n2)) (= (note-category n2) C) (= (relative-pitch n2) 5) (pitch>= n1 n2))	(multiply-duration 0.5 (transpose-diatonic 2 n1))	(multiply-duration 0.5 (transpose-diatonic b1 n1))	(multiply-duration 0.5 (transpose-diatonic 1 n2))	(multiply-duration 0.5 (transpose-diatonic 2 n2))
TR	rel-pitch-5-to-1	1	true	n1 n2	(and (duration>= (duration n1) 4) (not (rest? n1)) (= (note-category n1) C) (= (relative-pitch n1) 5) (duration>= (duration n2) 4) (not (rest? n2)) (= (note-category n2) C) (= (relative-pitch n2) 1) (pitch>= n1 n2))	(multiply-duration 1.0 (transpose-diatonic -1 n1))	(multiply-duration 0.5 (transpose-diatonic 2 n2))	(multiply-duration 0.5 (transpose-diatonic #-1 n2))
TR	rel-pitch-5-to-5	1	true	n1 n2	(and (duration>= (duration n1) 4) (not (rest? n1)) (= (note-category n1) C) (= (relative-pitch n1) 5) (duration>= (duration n2) 4) (not (rest? n2)) (= (note-category n2) C) (= (relative-pitch n2) 5) (pitch>= n1 n2))	(multiply-duration 0.5 (make-rest n1))	(multiply-duration 0.5 (transpose-diatonic 1 n1))	(multiply-duration 0.5 (transpose-diatonic #1 n2))	(multiply-duration 0.5 (transpose-diatonic #-1 n2))
TR	rel-pitch-5-to-1	1	true	n1 n2	(and (duration>= (duration n1) 4) (not (rest? n1)) (= (note-category n1) C) (= (relative-pitch n1) 5) (duration>= (duration n2) 4) (not (rest? n2)) (= (note-category n2) C) (= (relative-pitch n2) 1) (pitch>= n1 n2))	(multiply-duration 0.5 (transpose-diatonic 3 n1))	(multiply-duration 0.5 (transpose-diatonic -3 n1))	(multiply-duration 0.5 (transpose-diatonic 1 n2))	(multiply-duration 0.5 (transpose-diatonic 2 n2))
TR	rel-pitch-5-to-6	1	true	n1 n2	(and (duration>= (duration n1) 4) (not (rest? n1)) (= (note-category n1) C) (= (relative-pitch n1) 5) (duration>= (duration n2) 4) (not (rest? n2)) (= (note-category n2) C) (= (relative-pitch n2) 6) (pitch< n1 n2))	(multiply-duration 0.5 (make-rest n1))	(multiply-duration 0.5 (transpose-diatonic 1 n1))	(multiply-duration 0.5 (transpose-diatonic #-1 n2))	(multiply-duration 0.5 (transpose-diatonic 1 n2))
TR	rel-pitch-5-to-5	1	true	n1 n2	(and (duration>= (duration n1) 4) (not (rest? n1)) (= (note-category n1) C) (= (relative-pitch n1) 5) (duration>= (duration n2) 4) (not (rest? n2)) (= (note-category n2) C) (= (relative-pitch n2) 5) (pitch>= n1 n2))	(multiply-duration 0.5 (transpose-diatonic b2 n1))	(multiply-duration 0.5 (transpose-diatonic -1 n1))	(multiply-duration 0.5 (transpose-diatonic b1 n2))	(multiply-duration 0.5 (transpose-diatonic b2 n2))
TR	rel-pitch-5-to-rest	2	true	n1 n2	(and (duration>= (duration n1) 4) (not (rest? n1)) (= (note-category n1) C) (= (relative-pitch n1) 5) (duration>= (duration n2) 4) (rest? n2))	(multiply-duration 1.0 (transpose-diatonic 1 n1))	n2
TR	rel-pitch-5-to-3	1	true	n1 n2	(and (duration>= (duration n1) 4) (not (rest? n1)) (= (note-category n1) C) (= (relative-pitch n1) 5) (duration>= (duration n2) 4) (not (rest? n2)) (= (note-category n2) C) (= (relative-pitch n2) 3) (pitch>= n1 n2))	(multiply-duration 0.5 (transpose-diatonic -2 n1))	(multiply-duration 0.5 (transpose-diatonic 2 n1))	(multiply-duration 1.0 (transpose-diatonic 1 n2))
TR	rel-pitch-5-to-5	1	true	n1 n2	(and (duration>= (duration n1) 4) (not (rest? n1)) (= (note-category n1) C) (= (relative-pitch n1) 5) (duration>= (duration n2) 4) (not (rest? n2)) (= (note-category n2) C) (= (relative-pitch n2) 5) (pitch>= n1 n2))	(multiply-duration 0.5 (transpose-diatonic #1 n1))	(multiply-duration 0.5 (transpose-diatonic 1 n1))	(multiply-duration 0.5 (transpose-diatonic 2 n2))	(multiply-duration 0.5 (transpose-diatonic #-1 n2))
TR	rel-pitch-5-to-7	1	true	n1 n2	(and (duration>= (duration n1) 4) (not (rest? n1)) (= (note-category n1) C) (= (relative-pitch n1) 5) (duration>= (duration n2) 4) (not (rest? n2)) (= (note-category n2) C) (= (relative-pitch n2) 7) (pitch< n1 n2))	(multiply-duration 0.5 (transpose-diatonic #2 n1))	(multiply-duration 0.5 (transpose-diatonic -1 n1))	(multiply-duration 0.5 (transpose-diatonic #-1 n2))	(multiply-duration 0.5 (transpose-diatonic 2 n2))
TR	rel-pitch-5-to-7	1	true	n1 n2	(and (duration>= (duration n1) 4) (not (rest? n1)) (= (note-category n1) C) (= (relative-pitch n1) 5) (duration>= (duration n2) 4) (not (rest? n2)) (= (note-category n2) C) (= (relative-pitch n2) 7) (pitch< n1 n2))	(multiply-duration 0.5 (transpose-diatonic 2 n1))	(multiply-duration 0.5 (transpose-diatonic #-2 n1))	(multiply-duration 0.5 (transpose-diatonic -1 n2))	(multiply-duration 0.5 (transpose-diatonic #1 n2))
TR	rel-pitch-5-to-1	1	true	n1 n2	(and (duration>= (duration n1) 4) (not (rest? n1)) (= (note-category n1) C) (= (relative-pitch n1) 5) (duration>= (duration n2) 4) (not (rest? n2)) (= (note-category n2) C) (= (relative-pitch n2) 1) (pitch< n1 n2))	(multiply-duration 0.5 (make-rest n1))	(multiply-duration 0.5 (transpose-diatonic 1 n1))	(multiply-duration 0.5 (transpose-diatonic b-1 n2))	(multiply-duration 0.5 (transpose-diatonic 2 n2))
TR	rel-pitch-5-to-3	1	true	n1 n2	(and (duration>= (duration n1) 4) (not (rest? n1)) (= (note-category n1) C) (= (relative-pitch n1) 5) (duration>= (duration n2) 4) (not (rest? n2)) (= (note-category n2) C) (= (relative-pitch n2) 3) (pitch>= n1 n2))	(multiply-duration 1.0 (transpose-diatonic 1 n1))	(multiply-duration 0.5 (transpose-diatonic 2 n2))	(multiply-duration 0.5 (transpose-diatonic 1 n2))
TR	rel-pitch-5-to-5	2	true	n1 n2	(and (duration>= (duration n1) 4) (not (rest? n1)) (= (note-category n1) C) (= (relative-pitch n1) 5) (duration>= (duration n2) 4) (not (rest? n2)) (= (note-category n2) C) (= (relative-pitch n2) 5) (pitch>= n1 n2))	(multiply-duration 1.0 (transpose-diatonic 1 n1))	(multiply-duration 1.0 (transpose-diatonic 1 n2))
TR	rel-pitch-5-to-3	1	true	n1 n2	(and (duration>= (duration n1) 4) (not (rest? n1)) (= (note-category n1) C) (= (relative-pitch n1) 5) (duration>= (duration n2) 4) (not (rest? n2)) (= (note-category n2) C) (= (relative-pitch n2) 3) (pitch< n1 n2))	(multiply-duration 0.5 (transpose-diatonic 1 n1))	(multiply-duration 0.5 (transpose-diatonic 2 n1))	(multiply-duration 0.5 (transpose-diatonic -2 n2))	(multiply-duration 0.5 (transpose-diatonic 1 n2))
TR	rel-pitch-5-to-rest	1	true	n1 n2	(and (duration>= (duration n1) 4) (not (rest? n1)) (= (note-category n1) C) (= (relative-pitch n1) 5) (duration>= (duration n2) 4) (rest? n2))	(multiply-duration 0.5 (transpose-diatonic 3 n1))	(multiply-duration 0.5 (transpose-diatonic 1 n1))	n2
TR	rel-pitch-5-to-3	1	true	n1 n2	(and (duration>= (duration n1) 4) (not (rest? n1)) (= (note-category n1) C) (= (relative-pitch n1) 5) (duration>= (duration n2) 4) (not (rest? n2)) (= (note-category n2) C) (= (relative-pitch n2) 3) (pitch>= n1 n2))	(multiply-duration 0.5 (transpose-diatonic 1 n1))	(multiply-duration 0.5 (transpose-diatonic b1 n1))	(multiply-duration 0.5 (transpose-diatonic 2 n2))	(multiply-duration 0.5 (transpose-diatonic #1 n2))
TR	rel-pitch-5-to-#4	1	true	n1 n2	(and (duration>= (duration n1) 4) (not (rest? n1)) (= (note-category n1) C) (= (relative-pitch n1) 5) (duration>= (duration n2) 4) (not (rest? n2)) (= (note-category n2) C) (= (relative-pitch n2) #4) (pitch>= n1 n2))	(multiply-duration 0.5 (transpose-diatonic #-1 n1))	(multiply-duration 0.5 (transpose-diatonic 3 n1))	(multiply-duration 0.5 (transpose-diatonic 2 n2))	(multiply-duration 0.5 (transpose-diatonic b-1 n2))
TR	rel-pitch-5-to-3	1	true	n1 n2	(and (duration>= (duration n1) 4) (not (rest? n1)) (= (note-category n1) C) (= (relative-pitch n1) 5) (duration>= (duration n2) 4) (not (rest? n2)) (= (note-category n2) C) (= (relative-pitch n2) 3) (pitch>= n1 n2))	(multiply-duration 0.5 (transpose-diatonic #2 n1))	(multiply-duration 0.5 (transpose-diatonic -1 n1))	(multiply-duration 0.5 (transpose-diatonic -1 n2))	(multiply-duration 0.5 (transpose-diatonic 2 n2))
TR	rel-pitch-5-to-3	1	true	n1 n2	(and (duration>= (duration n1) 4) (not (rest? n1)) (= (note-category n1) C) (= (relative-pitch n1) 5) (duration>= (duration n2) 4) (not (rest? n2)) (= (note-category n2) C) (= (relative-pitch n2) 3) (pitch>= n1 n2))	(multiply-duration 0.5 (transpose-diatonic 1 n1))	(multiply-duration 0.5 (transpose-diatonic -1 n1))	(multiply-duration 1.0 (transpose-diatonic 1 n2))
TR	rel-pitch-5-to-1	2	true	n1 n2	(and (duration>= (duration n1) 4) (not (rest? n1)) (= (note-category n1) C) (= (relative-pitch n1) 5) (duration>= (duration n2) 4) (not (rest? n2)) (= (note-category n2) C) (= (relative-pitch n2) 1) (pitch< n1 n2))	(multiply-duration 0.5 (transpose-diatonic 1 n1))	(multiply-duration 0.5 (transpose-diatonic 2 n1))	(multiply-duration 0.5 (transpose-diatonic -1 n2))	(multiply-duration 0.5 (transpose-diatonic 1 n2))
TR	rel-pitch-5-to-3	1	true	n1 n2	(and (duration>= (duration n1) 4) (not (rest? n1)) (= (note-category n1) C) (= (relative-pitch n1) 5) (duration>= (duration n2) 4) (not (rest? n2)) (= (note-category n2) C) (= (relative-pitch n2) 3) (pitch>= n1 n2))	(multiply-duration 0.3333333333333333 (transpose-diatonic 1 n1))	(multiply-duration 0.3333333333333333 (transpose-diatonic #1 n1))	(multiply-duration 0.3333333333333333 (transpose-diatonic 1 n1))	(multiply-duration 0.5 (transpose-diatonic 2 n2))	(multiply-duration 0.5 (transpose-diatonic #1 n2))
TR	rel-pitch-5-to-3	1	true	n1 n2	(and (duration>= (duration n1) 4) (not (rest? n1)) (= (note-category n1) C) (= (relative-pitch n1) 5) (duration>= (duration n2) 4) (not (rest? n2)) (= (note-category n2) C) (= (relative-pitch n2) 3) (pitch>= n1 n2))	(multiply-duration 0.5 (make-rest n1))	(multiply-duration 0.5 (transpose-diatonic 1 n1))	(multiply-duration 1.0 (transpose-diatonic 1 n2))
TR	rel-pitch-5-to-7	1	true	n1 n2	(and (duration>= (duration n1) 4) (not (rest? n1)) (= (note-category n1) C) (= (relative-pitch n1) 5) (duration>= (duration n2) 4) (not (rest? n2)) (= (note-category n2) C) (= (relative-pitch n2) 7) (pitch< n1 n2))	(multiply-duration 0.5 (make-rest n1))	(multiply-duration 0.5 (transpose-diatonic 1 n1))	(multiply-duration 0.3333333333333333 (transpose-diatonic -1 n2))	(multiply-duration 0.3333333333333333 (transpose-diatonic 1 n2))	(multiply-duration 0.3333333333333333 (transpose-diatonic 3 n2))
TR	rel-pitch-5-to-7	1	true	n1 n2	(and (duration>= (duration n1) 4) (not (rest? n1)) (= (note-category n1) C) (= (relative-pitch n1) 5) (duration>= (duration n2) 4) (not (rest? n2)) (= (note-category n2) C) (= (relative-pitch n2) 7) (pitch>= n1 n2))	(multiply-duration 0.5 (transpose-diatonic 1 n1))	(multiply-duration 0.5 (transpose-diatonic -2 n1))	(multiply-duration 0.5 (transpose-diatonic 2 n2))	(multiply-duration 0.5 (transpose-diatonic -2 n2))
TR	rel-pitch-5-to-7	1	true	n1 n2	(and (duration>= (duration n1) 4) (not (rest? n1)) (= (note-category n1) C) (= (relative-pitch n1) 5) (duration>= (duration n2) 4) (not (rest? n2)) (= (note-category n2) C) (= (relative-pitch n2) 7) (pitch< n1 n2))	(multiply-duration 0.5 (transpose-diatonic #1 n1))	(multiply-duration 0.5 (transpose-diatonic 2 n1))	(multiply-duration 0.5 (transpose-diatonic b1 n2))	(multiply-duration 0.5 (transpose-diatonic 1 n2))
TR	rel-pitch-5-to-1	2	true	n1 n2	(and (duration>= (duration n1) 4) (not (rest? n1)) (= (note-category n1) C) (= (relative-pitch n1) 5) (duration>= (duration n2) 4) (not (rest? n2)) (= (note-category n2) C) (= (relative-pitch n2) 1) (pitch< n1 n2))	(multiply-duration 0.5 (transpose-diatonic 1 n1))	(multiply-duration 0.5 (transpose-diatonic 2 n1))	(multiply-duration 0.5 (transpose-diatonic -1 n2))	(multiply-duration 0.5 (transpose-diatonic 2 n2))
TR	rel-pitch-5-to-rest	1	true	n1 n2	(and (duration>= (duration n1) 4) (not (rest? n1)) (= (note-category n1) C) (= (relative-pitch n1) 5) (duration>= (duration n2) 4) (rest? n2))	(multiply-duration 1.0 (transpose-diatonic -1 n1))	n2
TR	rel-pitch-5-to-1	2	true	n1 n2	(and (duration>= (duration n1) 4) (not (rest? n1)) (= (note-category n1) C) (= (relative-pitch n1) 5) (duration>= (duration n2) 4) (not (rest? n2)) (= (note-category n2) C) (= (relative-pitch n2) 1) (pitch>= n1 n2))	(multiply-duration 0.5 (transpose-diatonic 3 n1))	(multiply-duration 0.5 (transpose-diatonic 1 n1))	(multiply-duration 0.5 (transpose-diatonic 3 n2))	(multiply-duration 0.5 (transpose-diatonic 1 n2))
TR	rel-pitch-5-to-7	1	true	n1 n2	(and (duration>= (duration n1) 4) (not (rest? n1)) (= (note-category n1) C) (= (relative-pitch n1) 5) (duration>= (duration n2) 4) (not (rest? n2)) (= (note-category n2) C) (= (relative-pitch n2) 7) (pitch< n1 n2))	(multiply-duration 0.5 (transpose-diatonic #1 n1))	(multiply-duration 0.5 (transpose-diatonic 2 n1))	(multiply-duration 0.5 (transpose-diatonic 2 n2))	(multiply-duration 0.5 (transpose-diatonic -1 n2))
TR	rel-pitch-5-to-5	2	true	n1 n2	(and (duration>= (duration n1) 4) (not (rest? n1)) (= (note-category n1) C) (= (relative-pitch n1) 5) (duration>= (duration n2) 4) (not (rest? n2)) (= (note-category n2) C) (= (relative-pitch n2) 5) (pitch>= n1 n2))	(multiply-duration 0.5 (transpose-diatonic 2 n1))	(multiply-duration 0.5 (transpose-diatonic #1 n1))	(multiply-duration 0.5 (transpose-diatonic 1 n2))	(multiply-duration 0.5 (transpose-diatonic 2 n2))
TR	rel-pitch-5-to-rest	1	true	n1 n2	(and (duration>= (duration n1) 4) (not (rest? n1)) (= (note-category n1) C) (= (relative-pitch n1) 5) (duration>= (duration n2) 4) (rest? n2))	(multiply-duration 0.5 (transpose-diatonic #2 n1))	(multiply-duration 0.5 (transpose-diatonic -3 n1))	n2
TR	rel-pitch-5-to-5	1	true	n1 n2	(and (duration>= (duration n1) 4) (not (rest? n1)) (= (note-category n1) C) (= (relative-pitch n1) 5) (duration>= (duration n2) 4) (not (rest? n2)) (= (note-category n2) C) (= (relative-pitch n2) 5) (pitch>= n1 n2))	(multiply-duration 0.5 (transpose-diatonic #1 n1))	(multiply-duration 0.5 (transpose-diatonic #-1 n1))	(multiply-duration 0.5 (transpose-diatonic 1 n2))	(multiply-duration 0.5 (transpose-diatonic 2 n2))
TR	rel-pitch-5-to-3	1	true	n1 n2	(and (duration>= (duration n1) 4) (not (rest? n1)) (= (note-category n1) C) (= (relative-pitch n1) 5) (duration>= (duration n2) 4) (not (rest? n2)) (= (note-category n2) C) (= (relative-pitch n2) 3) (pitch< n1 n2))	(multiply-duration 1.0 (transpose-diatonic #1 n1))	(multiply-duration 0.5 (transpose-diatonic -2 n2))	(multiply-duration 0.5 (transpose-diatonic 1 n2))
TR	rel-pitch-5-to-5	1	true	n1 n2	(and (duration>= (duration n1) 4) (not (rest? n1)) (= (note-category n1) C) (= (relative-pitch n1) 5) (duration>= (duration n2) 4) (not (rest? n2)) (= (note-category n2) C) (= (relative-pitch n2) 5) (pitch>= n1 n2))	(multiply-duration 0.5 (transpose-diatonic -1 n1))	(multiply-duration 0.5 (transpose-diatonic 2 n1))	(multiply-duration 0.5 (transpose-diatonic 1 n2))	(multiply-duration 0.5 (transpose-diatonic -1 n2))
TR	rel-pitch-5-to-7	1	true	n1 n2	(and (duration>= (duration n1) 4) (not (rest? n1)) (= (note-category n1) C) (= (relative-pitch n1) 5) (duration>= (duration n2) 4) (not (rest? n2)) (= (note-category n2) C) (= (relative-pitch n2) 7) (pitch>= n1 n2))	(multiply-duration 0.5 (transpose-diatonic 1 n1))	(multiply-duration 0.5 (transpose-diatonic -2 n1))	(multiply-duration 0.5 (transpose-diatonic 1 n2))	(multiply-duration 0.5 (transpose-diatonic -2 n2))
TR	rel-pitch-5-to-1	1	true	n1 n2	(and (duration>= (duration n1) 4) (not (rest? n1)) (= (note-category n1) C) (= (relative-pitch n1) 5) (duration>= (duration n2) 4) (not (rest? n2)) (= (note-category n2) C) (= (relative-pitch n2) 1) (pitch< n1 n2))	(multiply-duration 1.0 (transpose-diatonic 1 n1))	(multiply-duration 0.5 (transpose-diatonic -1 n2))	(multiply-duration 0.5 (transpose-diatonic 1 n2))
TR	rel-pitch-5-to-5	1	true	n1 n2	(and (duration>= (duration n1) 4) (not (rest? n1)) (= (note-category n1) C) (= (relative-pitch n1) 5) (duration>= (duration n2) 4) (not (rest? n2)) (= (note-category n2) C) (= (relative-pitch n2) 5) (pitch>= n1 n2))	(multiply-duration 1.0 (transpose-diatonic #1 n1))	(multiply-duration 0.5 (transpose-diatonic #1 n2))	(multiply-duration 0.5 (make-rest n2))
TR	rel-pitch-5-to-1	1	true	n1 n2	(and (duration>= (duration n1) 4) (not (rest? n1)) (= (note-category n1) C) (= (relative-pitch n1) 5) (duration>= (duration n2) 4) (not (rest? n2)) (= (note-category n2) C) (= (relative-pitch n2) 1) (pitch>= n1 n2))	(multiply-duration 0.5 (transpose-diatonic 2 n1))	(multiply-duration 0.5 (transpose-diatonic #-1 n1))	(multiply-duration 0.5 (transpose-diatonic 2 n2))	(multiply-duration 0.5 (transpose-diatonic -1 n2))
TR	rel-pitch-5-to-3	1	true	n1 n2	(and (duration>= (duration n1) 4) (not (rest? n1)) (= (note-category n1) C) (= (relative-pitch n1) 5) (duration>= (duration n2) 4) (not (rest? n2)) (= (note-category n2) C) (= (relative-pitch n2) 3) (pitch>= n1 n2))	(multiply-duration 0.5 (transpose-diatonic 1 n1))	(multiply-duration 0.5 (transpose-diatonic -1 n1))	(multiply-duration 0.5 (transpose-diatonic 1 n2))	(multiply-duration 0.5 (transpose-diatonic 3 n2))
TR	rel-pitch-5-to-#4	1	true	n1 n2	(and (duration>= (duration n1) 4) (not (rest? n1)) (= (note-category n1) C) (= (relative-pitch n1) 5) (duration>= (duration n2) 4) (not (rest? n2)) (= (note-category n2) C) (= (relative-pitch n2) #4) (pitch>= n1 n2))	(multiply-duration 0.5 (transpose-diatonic 3 n1))	(multiply-duration 0.5 (transpose-diatonic #-1 n1))	(multiply-duration 0.5 (transpose-diatonic b2 n2))	(multiply-duration 0.5 (transpose-diatonic bb-1 n2))
TR	rel-pitch-5-to-3	1	true	n1 n2	(and (duration>= (duration n1) 4) (not (rest? n1)) (= (note-category n1) C) (= (relative-pitch n1) 5) (duration>= (duration n2) 4) (not (rest? n2)) (= (note-category n2) C) (= (relative-pitch n2) 3) (pitch>= n1 n2))	(multiply-duration 0.5 (transpose-diatonic -2 n1))	(multiply-duration 0.5 (transpose-diatonic #1 n1))	(multiply-duration 0.5 (transpose-diatonic b1 n2))	(multiply-duration 0.5 (transpose-diatonic -1 n2))
TR	rel-pitch-5-to-1	2	true	n1 n2	(and (duration>= (duration n1) 4) (not (rest? n1)) (= (note-category n1) C) (= (relative-pitch n1) 5) (duration>= (duration n2) 4) (not (rest? n2)) (= (note-category n2) C) (= (relative-pitch n2) 1) (pitch< n1 n2))	(multiply-duration 0.5 (transpose-diatonic 1 n1))	(multiply-duration 0.5 (transpose-diatonic 2 n1))	(multiply-duration 0.5 (transpose-diatonic #-2 n2))	(multiply-duration 0.5 (transpose-diatonic 2 n2))
TR	rel-pitch-5-to-3	1	true	n1 n2	(and (duration>= (duration n1) 4) (not (rest? n1)) (= (note-category n1) C) (= (relative-pitch n1) 5) (duration>= (duration n2) 4) (not (rest? n2)) (= (note-category n2) C) (= (relative-pitch n2) 3) (pitch>= n1 n2))	(multiply-duration 0.5 (transpose-diatonic 2 n1))	(multiply-duration 0.5 (transpose-diatonic 1 n1))	(multiply-duration 0.5 (transpose-diatonic b1 n2))	(multiply-duration 0.5 (transpose-diatonic 1 n2))
TR	rel-pitch-5-to-5	1	true	n1 n2	(and (duration>= (duration n1) 4) (not (rest? n1)) (= (note-category n1) C) (= (relative-pitch n1) 5) (duration>= (duration n2) 4) (not (rest? n2)) (= (note-category n2) C) (= (relative-pitch n2) 5) (pitch>= n1 n2))	(multiply-duration 0.5 (transpose-diatonic 2 n1))	(multiply-duration 0.5 (transpose-diatonic 1 n1))	(multiply-duration 0.5 (transpose-diatonic 2 n2))	(multiply-duration 0.5 (transpose-diatonic 1 n2))
TR	rel-pitch-5-to-5	1	true	n1 n2	(and (duration>= (duration n1) 4) (not (rest? n1)) (= (note-category n1) C) (= (relative-pitch n1) 5) (duration>= (duration n2) 4) (not (rest? n2)) (= (note-category n2) C) (= (relative-pitch n2) 5) (pitch>= n1 n2))	(multiply-duration 0.5 (transpose-diatonic 1 n1))	(multiply-duration 0.5 (transpose-diatonic -2 n1))	(multiply-duration 0.5 (transpose-diatonic b3 n2))	(multiply-duration 0.5 (transpose-diatonic 1 n2))
TR	rel-pitch-5-to-#4	1	true	n1 n2	(and (duration>= (duration n1) 4) (not (rest? n1)) (= (note-category n1) C) (= (relative-pitch n1) 5) (duration>= (duration n2) 4) (not (rest? n2)) (= (note-category n2) C) (= (relative-pitch n2) #4) (pitch>= n1 n2))	(multiply-duration 0.5 (transpose-diatonic 2 n1))	(multiply-duration 0.5 (transpose-diatonic 1 n1))	(multiply-duration 0.5 (transpose-diatonic 1 n2))	(multiply-duration 0.5 (transpose-diatonic b-1 n2))
TR	rel-pitch-5-to-3	1	true	n1 n2	(and (duration>= (duration n1) 4) (not (rest? n1)) (= (note-category n1) C) (= (relative-pitch n1) 5) (duration>= (duration n2) 4) (not (rest? n2)) (= (note-category n2) C) (= (relative-pitch n2) 3) (pitch>= n1 n2))	(multiply-duration 0.5 (make-rest n1))	(multiply-duration 0.5 (transpose-diatonic 1 n1))	(multiply-duration 0.5 (transpose-diatonic 2 n2))	(multiply-duration 0.5 (transpose-diatonic 1 n2))
TR	rel-pitch-5-to-7	1	true	n1 n2	(and (duration>= (duration n1) 4) (not (rest? n1)) (= (note-category n1) C) (= (relative-pitch n1) 5) (duration>= (duration n2) 4) (not (rest? n2)) (= (note-category n2) C) (= (relative-pitch n2) 7) (pitch< n1 n2))	(multiply-duration 0.5 (transpose-diatonic #-1 n1))	(multiply-duration 0.5 (transpose-diatonic #1 n1))	(multiply-duration 0.5 (transpose-diatonic -1 n2))	(multiply-duration 0.5 (transpose-diatonic #1 n2))
TR	rel-pitch-5-to-7	1	true	n1 n2	(and (duration>= (duration n1) 4) (not (rest? n1)) (= (note-category n1) C) (= (relative-pitch n1) 5) (duration>= (duration n2) 4) (not (rest? n2)) (= (note-category n2) C) (= (relative-pitch n2) 7) (pitch< n1 n2))	(multiply-duration 0.5 (make-rest n1))	(multiply-duration 0.5 (transpose-diatonic #1 n1))	(multiply-duration 0.5 (transpose-diatonic -1 n2))	(multiply-duration 0.5 (transpose-diatonic 2 n2))
TR	rel-pitch-5-to-3	1	true	n1 n2	(and (duration>= (duration n1) 4) (not (rest? n1)) (= (note-category n1) C) (= (relative-pitch n1) 5) (duration>= (duration n2) 4) (not (rest? n2)) (= (note-category n2) C) (= (relative-pitch n2) 3) (pitch>= n1 n2))	(multiply-duration 0.5 (transpose-diatonic 2 n1))	(multiply-duration 0.5 (transpose-diatonic 1 n1))	(multiply-duration 0.5 (transpose-diatonic 2 n2))	(multiply-duration 0.5 (transpose-diatonic #1 n2))
TR	rel-pitch-5-to-5	1	true	n1 n2	(and (duration>= (duration n1) 4) (not (rest? n1)) (= (note-category n1) C) (= (relative-pitch n1) 5) (duration>= (duration n2) 4) (not (rest? n2)) (= (note-category n2) C) (= (relative-pitch n2) 5) (pitch>= n1 n2))	(multiply-duration 0.5 (transpose-diatonic b2 n1))	(multiply-duration 0.5 (transpose-diatonic b1 n1))	(multiply-duration 0.5 (transpose-diatonic 1 n2))	(multiply-duration 0.5 (transpose-diatonic b1 n2))
TR	rel-pitch-5	2	true	n1	(and (duration>= (duration n1) 4) (not (rest? n1)) (= (note-category n1) C) (= (relative-pitch n1) 5))	(multiply-duration 0.5 (transpose-diatonic 1 n1))	(multiply-duration 0.5 (transpose-diatonic 3 n1))
TR	rel-pitch-5	1	true	n1	(and (duration>= (duration n1) 4) (not (rest? n1)) (= (note-category n1) C) (= (relative-pitch n1) 5))	(multiply-duration 0.5 (transpose-diatonic -1 n1))	(multiply-duration 0.5 (make-rest n1))
TR	rel-pitch-5	10	true	n1	(and (duration>= (duration n1) 4) (not (rest? n1)) (= (note-category n1) C) (= (relative-pitch n1) 5))	(multiply-duration 1.0 (transpose-diatonic -1 n1))
TR	rel-pitch-5	3	true	n1	(and (duration>= (duration n1) 4) (not (rest? n1)) (= (note-category n1) C) (= (relative-pitch n1) 5))	(multiply-duration 0.5 (transpose-diatonic #1 n1))	(multiply-duration 0.5 (transpose-diatonic -2 n1))
TR	rel-pitch-5	1	true	n1	(and (duration>= (duration n1) 4) (not (rest? n1)) (= (note-category n1) C) (= (relative-pitch n1) 5))	(multiply-duration 0.5 (transpose-diatonic b2 n1))	(multiply-duration 0.5 (transpose-diatonic 2 n1))
TR	rel-pitch-5	6	true	n1	(and (duration>= (duration n1) 4) (not (rest? n1)) (= (note-category n1) C) (= (relative-pitch n1) 5))	(multiply-duration 0.5 (transpose-diatonic 2 n1))	(multiply-duration 0.5 (transpose-diatonic #1 n1))
TR	rel-pitch-5	9	true	n1	(and (duration>= (duration n1) 4) (not (rest? n1)) (= (note-category n1) C) (= (relative-pitch n1) 5))	(multiply-duration 0.5 (transpose-diatonic 2 n1))	(multiply-duration 0.5 (transpose-diatonic -1 n1))
TR	rel-pitch-5	10	true	n1	(and (duration>= (duration n1) 4) (not (rest? n1)) (= (note-category n1) C) (= (relative-pitch n1) 5))	(multiply-duration 0.5 (transpose-diatonic 2 n1))	(multiply-duration 0.5 (transpose-diatonic 1 n1))
TR	rel-pitch-5	2	true	n1	(and (duration>= (duration n1) 4) (not (rest? n1)) (= (note-category n1) C) (= (relative-pitch n1) 5))	(multiply-duration 0.5 (transpose-diatonic 1 n1))	(multiply-duration 0.5 (transpose-diatonic b2 n1))
TR	rel-pitch-5	9	true	n1	(and (duration>= (duration n1) 4) (not (rest? n1)) (= (note-category n1) C) (= (relative-pitch n1) 5))	(multiply-duration 0.5 (transpose-diatonic 1 n1))	(multiply-duration 0.5 (transpose-diatonic b3 n1))
TR	rel-pitch-5	6	true	n1	(and (duration>= (duration n1) 4) (not (rest? n1)) (= (note-category n1) C) (= (relative-pitch n1) 5))	(multiply-duration 0.5 (transpose-diatonic -1 n1))	(multiply-duration 0.5 (transpose-diatonic #1 n1))
TR	rel-pitch-5	3	true	n1	(and (duration>= (duration n1) 4) (not (rest? n1)) (= (note-category n1) C) (= (relative-pitch n1) 5))	(multiply-duration 0.5 (transpose-diatonic #1 n1))	(multiply-duration 0.5 (transpose-diatonic -1 n1))
TR	rel-pitch-5	2	true	n1	(and (duration>= (duration n1) 4) (not (rest? n1)) (= (note-category n1) C) (= (relative-pitch n1) 5))	(multiply-duration 0.5 (make-rest n1))	(multiply-duration 0.5 (transpose-diatonic -1 n1))
TR	rel-pitch-5	2	true	n1	(and (duration>= (duration n1) 4) (not (rest? n1)) (= (note-category n1) C) (= (relative-pitch n1) 5))	(multiply-duration 0.5 (transpose-diatonic -1 n1))	(multiply-duration 0.5 (transpose-diatonic 1 n1))
TR	rel-pitch-5	12	true	n1	(and (duration>= (duration n1) 4) (not (rest? n1)) (= (note-category n1) C) (= (relative-pitch n1) 5))	(multiply-duration 1.0 (transpose-diatonic 1 n1))
TR	rel-pitch-5	8	true	n1	(and (duration>= (duration n1) 4) (not (rest? n1)) (= (note-category n1) C) (= (relative-pitch n1) 5))	(multiply-duration 0.5 (make-rest n1))	(multiply-duration 0.5 (transpose-diatonic 1 n1))
TR	rel-pitch-5	4	true	n1	(and (duration>= (duration n1) 4) (not (rest? n1)) (= (note-category n1) C) (= (relative-pitch n1) 5))	(multiply-duration 0.5 (transpose-diatonic -2 n1))	(multiply-duration 0.5 (transpose-diatonic 1 n1))
TR	rel-pitch-5	4	true	n1	(and (duration>= (duration n1) 4) (not (rest? n1)) (= (note-category n1) C) (= (relative-pitch n1) 5))	(multiply-duration 0.5 (transpose-diatonic b3 n1))	(multiply-duration 0.5 (transpose-diatonic 1 n1))
TR	rel-pitch-5	1	true	n1	(and (duration>= (duration n1) 4) (not (rest? n1)) (= (note-category n1) C) (= (relative-pitch n1) 5))	(multiply-duration 0.25 (transpose-diatonic 1 n1))	(multiply-duration 0.25 (transpose-diatonic 2 n1))	(multiply-duration 0.25 (transpose-diatonic 1 n1))	(multiply-duration 0.25 (transpose-diatonic -2 n1))
TR	rel-pitch-5	2	true	n1	(and (duration>= (duration n1) 4) (not (rest? n1)) (= (note-category n1) C) (= (relative-pitch n1) 5))	(multiply-duration 0.5 (transpose-diatonic 1 n1))	(multiply-duration 0.5 (transpose-diatonic #2 n1))
TR	rel-pitch-5	4	true	n1	(and (duration>= (duration n1) 4) (not (rest? n1)) (= (note-category n1) C) (= (relative-pitch n1) 5))	(multiply-duration 0.5 (transpose-diatonic 3 n1))	(multiply-duration 0.5 (transpose-diatonic 1 n1))
TR	rel-pitch-5	3	true	n1	(and (duration>= (duration n1) 4) (not (rest? n1)) (= (note-category n1) C) (= (relative-pitch n1) 5))	(multiply-duration 1.0 (transpose-diatonic #1 n1))
TR	rel-pitch-5	1	true	n1	(and (duration>= (duration n1) 4) (not (rest? n1)) (= (note-category n1) C) (= (relative-pitch n1) 5))	(multiply-duration 0.5 (transpose-diatonic #-2 n1))	(multiply-duration 0.5 (transpose-diatonic 1 n1))
TR	rel-pitch-5	17	true	n1	(and (duration>= (duration n1) 4) (not (rest? n1)) (= (note-category n1) C) (= (relative-pitch n1) 5))	(multiply-duration 0.5 (transpose-diatonic 1 n1))	(multiply-duration 0.5 (transpose-diatonic 2 n1))
TR	rel-pitch-5	2	true	n1	(and (duration>= (duration n1) 4) (not (rest? n1)) (= (note-category n1) C) (= (relative-pitch n1) 5))	(multiply-duration 0.5 (transpose-diatonic 2 n1))	(multiply-duration 0.5 (transpose-diatonic b1 n1))
TR	rel-pitch-5	1	true	n1	(and (duration>= (duration n1) 4) (not (rest? n1)) (= (note-category n1) C) (= (relative-pitch n1) 5))	(multiply-duration 0.5 (transpose-diatonic 1 n1))	(multiply-duration 0.5 (transpose-diatonic #-2 n1))
TR	rel-pitch-5	1	true	n1	(and (duration>= (duration n1) 4) (not (rest? n1)) (= (note-category n1) C) (= (relative-pitch n1) 5))	(multiply-duration 0.5 (transpose-diatonic 3 n1))	(multiply-duration 0.5 (transpose-diatonic -3 n1))
TR	rel-pitch-5	1	true	n1	(and (duration>= (duration n1) 4) (not (rest? n1)) (= (note-category n1) C) (= (relative-pitch n1) 5))	(multiply-duration 0.5 (transpose-diatonic -2 n1))	(multiply-duration 0.5 (transpose-diatonic b3 n1))
TR	rel-pitch-5	3	true	n1	(and (duration>= (duration n1) 4) (not (rest? n1)) (= (note-category n1) C) (= (relative-pitch n1) 5))	(multiply-duration 0.5 (transpose-diatonic 1 n1))	(multiply-duration 0.5 (transpose-diatonic b1 n1))
TR	rel-pitch-5	1	true	n1	(and (duration>= (duration n1) 4) (not (rest? n1)) (= (note-category n1) C) (= (relative-pitch n1) 5))	(multiply-duration 0.5 (transpose-diatonic b1 n1))	(multiply-duration 0.5 (transpose-diatonic b2 n1))
TR	rel-pitch-5	1	true	n1	(and (duration>= (duration n1) 4) (not (rest? n1)) (= (note-category n1) C) (= (relative-pitch n1) 5))	(multiply-duration 0.5 (transpose-diatonic b2 n1))	(multiply-duration 0.5 (transpose-diatonic -1 n1))
TR	rel-pitch-5	1	true	n1	(and (duration>= (duration n1) 4) (not (rest? n1)) (= (note-category n1) C) (= (relative-pitch n1) 5))	(multiply-duration 0.5 (transpose-diatonic -2 n1))	(multiply-duration 0.5 (transpose-diatonic 2 n1))
TR	rel-pitch-5	4	true	n1	(and (duration>= (duration n1) 4) (not (rest? n1)) (= (note-category n1) C) (= (relative-pitch n1) 5))	(multiply-duration 0.5 (transpose-diatonic 2 n1))	(multiply-duration 0.5 (transpose-diatonic #-1 n1))
TR	rel-pitch-5	2	true	n1	(and (duration>= (duration n1) 4) (not (rest? n1)) (= (note-category n1) C) (= (relative-pitch n1) 5))	(multiply-duration 0.5 (transpose-diatonic #1 n1))	(multiply-duration 0.5 (transpose-diatonic 1 n1))
TR	rel-pitch-5	3	true	n1	(and (duration>= (duration n1) 4) (not (rest? n1)) (= (note-category n1) C) (= (relative-pitch n1) 5))	(multiply-duration 0.5 (transpose-diatonic #2 n1))	(multiply-duration 0.5 (transpose-diatonic -1 n1))
TR	rel-pitch-5	2	true	n1	(and (duration>= (duration n1) 4) (not (rest? n1)) (= (note-category n1) C) (= (relative-pitch n1) 5))	(multiply-duration 0.5 (transpose-diatonic 2 n1))	(multiply-duration 0.5 (transpose-diatonic #-2 n1))
TR	rel-pitch-5	3	true	n1	(and (duration>= (duration n1) 4) (not (rest? n1)) (= (note-category n1) C) (= (relative-pitch n1) 5))	(multiply-duration 0.5 (transpose-diatonic -2 n1))	(multiply-duration 0.5 (transpose-diatonic #1 n1))
TR	rel-pitch-5	1	true	n1	(and (duration>= (duration n1) 4) (not (rest? n1)) (= (note-category n1) C) (= (relative-pitch n1) 5))	(multiply-duration 0.3333333333333333 (transpose-diatonic 2 n1))	(multiply-duration 0.3333333333333333 (transpose-diatonic -1 n1))	(multiply-duration 0.3333333333333333 (transpose-diatonic 2 n1))
TR	rel-pitch-5	1	true	n1	(and (duration>= (duration n1) 4) (not (rest? n1)) (= (note-category n1) C) (= (relative-pitch n1) 5))	(multiply-duration 0.3333333333333333 (transpose-diatonic 1 n1))	(multiply-duration 0.3333333333333333 (transpose-diatonic -2 n1))	(multiply-duration 0.3333333333333333 (transpose-diatonic 1 n1))
TR	rel-pitch-5	1	true	n1	(and (duration>= (duration n1) 4) (not (rest? n1)) (= (note-category n1) C) (= (relative-pitch n1) 5))	(multiply-duration 0.5 (transpose-diatonic #-1 n1))	(multiply-duration 0.5 (transpose-diatonic 3 n1))
TR	rel-pitch-5	9	true	n1	(and (duration>= (duration n1) 4) (not (rest? n1)) (= (note-category n1) C) (= (relative-pitch n1) 5))	(multiply-duration 0.5 (transpose-diatonic 1 n1))	(multiply-duration 0.5 (transpose-diatonic -1 n1))
TR	rel-pitch-5	5	true	n1	(and (duration>= (duration n1) 4) (not (rest? n1)) (= (note-category n1) C) (= (relative-pitch n1) 5))	(multiply-duration 0.5 (transpose-diatonic #1 n1))	(multiply-duration 0.5 (transpose-diatonic #-1 n1))
TR	rel-pitch-5	1	true	n1	(and (duration>= (duration n1) 4) (not (rest? n1)) (= (note-category n1) C) (= (relative-pitch n1) 5))	(multiply-duration 0.3333333333333333 (transpose-diatonic 1 n1))	(multiply-duration 0.3333333333333333 (transpose-diatonic #1 n1))	(multiply-duration 0.3333333333333333 (transpose-diatonic 1 n1))
TR	rel-pitch-5	2	true	n1	(and (duration>= (duration n1) 4) (not (rest? n1)) (= (note-category n1) C) (= (relative-pitch n1) 5))	(multiply-duration 0.5 (transpose-diatonic #1 n1))	(multiply-duration 0.5 (transpose-diatonic 2 n1))
TR	rel-pitch-5	1	true	n1	(and (duration>= (duration n1) 4) (not (rest? n1)) (= (note-category n1) C) (= (relative-pitch n1) 5))	(multiply-duration 0.5 (transpose-diatonic #-1 n1))	(multiply-duration 0.5 (transpose-diatonic 1 n1))
TR	rel-pitch-5	4	true	n1	(and (duration>= (duration n1) 4) (not (rest? n1)) (= (note-category n1) C) (= (relative-pitch n1) 5))	(multiply-duration 0.5 (transpose-diatonic 1 n1))	(multiply-duration 0.5 (transpose-diatonic -2 n1))
TR	rel-pitch-5	1	true	n1	(and (duration>= (duration n1) 4) (not (rest? n1)) (= (note-category n1) C) (= (relative-pitch n1) 5))	(multiply-duration 0.5 (transpose-diatonic -2 n1))	(multiply-duration 0.5 (transpose-diatonic #2 n1))
TR	rel-pitch-5	1	true	n1	(and (duration>= (duration n1) 4) (not (rest? n1)) (= (note-category n1) C) (= (relative-pitch n1) 5))	(multiply-duration 0.3333333333333333 (transpose-diatonic -2 n1))	(multiply-duration 0.3333333333333333 (transpose-diatonic 1 n1))	(multiply-duration 0.3333333333333333 (transpose-diatonic 3 n1))
TR	rel-pitch-5	2	true	n1	(and (duration>= (duration n1) 4) (not (rest? n1)) (= (note-category n1) C) (= (relative-pitch n1) 5))	(multiply-duration 0.5 (transpose-diatonic #-1 n1))	(multiply-duration 0.5 (transpose-diatonic #1 n1))
TR	rel-pitch-5	2	true	n1	(and (duration>= (duration n1) 4) (not (rest? n1)) (= (note-category n1) C) (= (relative-pitch n1) 5))	(multiply-duration 0.5 (transpose-diatonic 3 n1))	(multiply-duration 0.5 (transpose-diatonic #-1 n1))
TR	rel-pitch-5	1	true	n1	(and (duration>= (duration n1) 4) (not (rest? n1)) (= (note-category n1) C) (= (relative-pitch n1) 5))	(multiply-duration 0.5 (transpose-diatonic #2 n1))	(multiply-duration 0.5 (transpose-diatonic -3 n1))
TR	rel-pitch-5	2	true	n1	(and (duration>= (duration n1) 4) (not (rest? n1)) (= (note-category n1) C) (= (relative-pitch n1) 5))	(multiply-duration 0.5 (transpose-diatonic -1 n1))	(multiply-duration 0.5 (transpose-diatonic 2 n1))
TR	rel-pitch-5	1	true	n1	(and (duration>= (duration n1) 4) (not (rest? n1)) (= (note-category n1) C) (= (relative-pitch n1) 5))	(multiply-duration 0.5 (transpose-diatonic #1 n1))	(multiply-duration 0.5 (make-rest n1))
TR	rel-pitch-5	1	true	n1	(and (duration>= (duration n1) 4) (not (rest? n1)) (= (note-category n1) C) (= (relative-pitch n1) 5))	(multiply-duration 0.3333333333333333 (transpose-diatonic 1 n1))	(multiply-duration 0.3333333333333333 (transpose-diatonic #-1 n1))	(multiply-duration 0.3333333333333333 (transpose-diatonic -1 n1))
TR	rel-pitch-5	2	true	n1	(and (duration>= (duration n1) 4) (not (rest? n1)) (= (note-category n1) C) (= (relative-pitch n1) 5))	(multiply-duration 0.5 (make-rest n1))	(multiply-duration 0.5 (transpose-diatonic #1 n1))
TR	rel-pitch-5	1	true	n1	(and (duration>= (duration n1) 4) (not (rest? n1)) (= (note-category n1) C) (= (relative-pitch n1) 5))	(multiply-duration 0.3333333333333333 (transpose-diatonic -2 n1))	(multiply-duration 0.3333333333333333 (transpose-diatonic 1 n1))	(multiply-duration 0.3333333333333333 (transpose-diatonic b3 n1))
TR	rel-pitch-5	1	true	n1	(and (duration>= (duration n1) 4) (not (rest? n1)) (= (note-category n1) C) (= (relative-pitch n1) 5))	(multiply-duration 0.5 (transpose-diatonic b2 n1))	(multiply-duration 0.5 (transpose-diatonic b1 n1))
SUB	quarter-first-rel-pitch-rest	motif	1	true
TR	rel-pitch-rest-to-b2	1	true	n1 n2	(and (duration>= (duration n1) 4) (rest? n1) (duration>= (duration n2) 4) (not (rest? n2)) (= (note-category n2) C) (= (relative-pitch n2) b2))	n1	(multiply-duration 0.5 (make-rest n2))	(multiply-duration 0.5 (transpose-diatonic #1 n2))
TR	rel-pitch-rest-to-#4	1	true	n1 n2	(and (duration>= (duration n1) 4) (rest? n1) (duration>= (duration n2) 4) (not (rest? n2)) (= (note-category n2) C) (= (relative-pitch n2) #4))	n1	(multiply-duration 0.5 (make-rest n2))	(multiply-duration 0.5 (transpose-diatonic b1 n2))
TR	rel-pitch-rest-to-1	2	true	n1 n2	(and (duration>= (duration n1) 4) (rest? n1) (duration>= (duration n2) 4) (not (rest? n2)) (= (note-category n2) C) (= (relative-pitch n2) 1))	n1	(multiply-duration 0.5 (make-rest n2))	(multiply-duration 0.5 (transpose-diatonic 1 n2))
TR	rel-pitch-rest-to-3	1	true	n1 n2	(and (duration>= (duration n1) 4) (rest? n1) (duration>= (duration n2) 4) (not (rest? n2)) (= (note-category n2) C) (= (relative-pitch n2) 3))	n1	(multiply-duration 0.5 (transpose-diatonic -1 n2))	(multiply-duration 0.5 (transpose-diatonic #2 n2))
TR	rel-pitch-rest-to-rest	33	true	n1 n2	(and (duration>= (duration n1) 4) (rest? n1) (duration>= (duration n2) 4) (rest? n2))	n1	n2
TR	rel-pitch-rest-to-5	1	true	n1 n2	(and (duration>= (duration n1) 4) (rest? n1) (duration>= (duration n2) 4) (not (rest? n2)) (= (note-category n2) C) (= (relative-pitch n2) 5))	n1	(multiply-duration 0.5 (transpose-diatonic 1 n2))	(multiply-duration 0.5 (transpose-diatonic 2 n2))
TR	rel-pitch-rest-to-5	1	true	n1 n2	(and (duration>= (duration n1) 4) (rest? n1) (duration>= (duration n2) 4) (not (rest? n2)) (= (note-category n2) C) (= (relative-pitch n2) 5))	n1	(multiply-duration 0.5 (make-rest n2))	(multiply-duration 0.5 (transpose-diatonic #1 n2))
TR	rel-pitch-rest-to-3	2	true	n1 n2	(and (duration>= (duration n1) 4) (rest? n1) (duration>= (duration n2) 4) (not (rest? n2)) (= (note-category n2) C) (= (relative-pitch n2) 3))	n1	(multiply-duration 0.5 (make-rest n2))	(multiply-duration 0.5 (transpose-diatonic b1 n2))
TR	rel-pitch-rest-to-3	1	true	n1 n2	(and (duration>= (duration n1) 4) (rest? n1) (duration>= (duration n2) 4) (not (rest? n2)) (= (note-category n2) C) (= (relative-pitch n2) 3))	n1	(multiply-duration 0.5 (transpose-diatonic -1 n2))	(multiply-duration 0.5 (transpose-diatonic 2 n2))
TR	rel-pitch-rest-to-3	1	true	n1 n2	(and (duration>= (duration n1) 4) (rest? n1) (duration>= (duration n2) 4) (not (rest? n2)) (= (note-category n2) C) (= (relative-pitch n2) 3))	n1	(multiply-duration 0.5 (transpose-diatonic 1 n2))	(multiply-duration 0.5 (transpose-diatonic 3 n2))
TR	rel-pitch-rest-to-3	1	true	n1 n2	(and (duration>= (duration n1) 4) (rest? n1) (duration>= (duration n2) 4) (not (rest? n2)) (= (note-category n2) C) (= (relative-pitch n2) 3))	n1	(multiply-duration 0.5 (make-rest n2))	(multiply-duration 0.5 (transpose-diatonic -1 n2))
TR	rel-pitch-rest-to-1	1	true	n1 n2	(and (duration>= (duration n1) 4) (rest? n1) (duration>= (duration n2) 4) (not (rest? n2)) (= (note-category n2) C) (= (relative-pitch n2) 1))	n1	(multiply-duration 0.5 (transpose-diatonic #-1 n2))	(multiply-duration 0.5 (transpose-diatonic 1 n2))
TR	rel-pitch-rest	111	true	n1	(and (duration>= (duration n1) 4) (rest? n1))	n1
SUB	quarter-first-rel-pitch-6	motif	1	true
TR	rel-pitch-6-to-5	1	true	n1 n2	(and (duration>= (duration n1) 4) (not (rest? n1)) (= (note-category n1) C) (= (relative-pitch n1) 6) (duration>= (duration n2) 4) (not (rest? n2)) (= (note-category n2) C) (= (relative-pitch n2) 5) (pitch>= n1 n2))	(multiply-duration 0.5 (transpose-diatonic -1 n1))	(multiply-duration 0.5 (transpose-diatonic 2 n1))	(multiply-duration 0.5 (transpose-diatonic 2 n2))	(multiply-duration 0.5 (transpose-diatonic -1 n2))
TR	rel-pitch-6-to-b2	1	true	n1 n2	(and (duration>= (duration n1) 4) (not (rest? n1)) (= (note-category n1) C) (= (relative-pitch n1) 6) (duration>= (duration n2) 4) (not (rest? n2)) (= (note-category n2) C) (= (relative-pitch n2) b2) (pitch< n1 n2))	(multiply-duration 1.0 (transpose-diatonic #-1 n1))	(multiply-duration 0.5 (transpose-diatonic ##-2 n2))	(multiply-duration 0.5 (transpose-diatonic #3 n2))
TR	rel-pitch-6-to-rest	1	true	n1 n2	(and (duration>= (duration n1) 4) (not (rest? n1)) (= (note-category n1) C) (= (relative-pitch n1) 6) (duration>= (duration n2) 4) (rest? n2))	(multiply-duration 0.5 (transpose-diatonic -3 n1))	(multiply-duration 0.5 (transpose-diatonic 3 n1))	n2
TR	rel-pitch-6-to-7	1	true	n1 n2	(and (duration>= (duration n1) 4) (not (rest? n1)) (= (note-category n1) C) (= (relative-pitch n1) 6) (duration>= (duration n2) 4) (not (rest? n2)) (= (note-category n2) C) (= (relative-pitch n2) 7) (pitch< n1 n2))	(multiply-duration 1.0 (transpose-diatonic 1 n1))	(multiply-duration 0.5 (transpose-diatonic 2 n2))	(multiply-duration 0.5 (transpose-diatonic -1 n2))
TR	rel-pitch-6-to-#4	1	true	n1 n2	(and (duration>= (duration n1) 4) (not (rest? n1)) (= (note-category n1) C) (= (relative-pitch n1) 6) (duration>= (duration n2) 4) (not (rest? n2)) (= (note-category n2) C) (= (relative-pitch n2) #4) (pitch>= n1 n2))	(multiply-duration 0.5 (transpose-diatonic #2 n1))	(multiply-duration 0.5 (transpose-diatonic #-1 n1))	(multiply-duration 0.5 (transpose-diatonic 1 n2))	(multiply-duration 0.5 (transpose-diatonic 1 n2))
TR	rel-pitch-6-to-7	1	true	n1 n2	(and (duration>= (duration n1) 4) (not (rest? n1)) (= (note-category n1) C) (= (relative-pitch n1) 6) (duration>= (duration n2) 4) (not (rest? n2)) (= (note-category n2) C) (= (relative-pitch n2) 7) (pitch< n1 n2))	(multiply-duration 1.0 (transpose-diatonic 1 n1))	(multiply-duration 0.5 (transpose-diatonic 2 n2))	(multiply-duration 0.5 (transpose-diatonic #-2 n2))
TR	rel-pitch-6	1	true	n1	(and (duration>= (duration n1) 4) (not (rest? n1)) (= (note-category n1) C) (= (relative-pitch n1) 6))	(multiply-duration 0.5 (transpose-diatonic -1 n1))	(multiply-duration 0.5 (transpose-diatonic 2 n1))
TR	rel-pitch-6	2	true	n1	(and (duration>= (duration n1) 4) (not (rest? n1)) (= (note-category n1) C) (= (relative-pitch n1) 6))	(multiply-duration 0.5 (transpose-diatonic 2 n1))	(multiply-duration 0.5 (transpose-diatonic -1 n1))
TR	rel-pitch-6	1	true	n1	(and (duration>= (duration n1) 4) (not (rest? n1)) (= (note-category n1) C) (= (relative-pitch n1) 6))	(multiply-duration 0.5 (transpose-diatonic 1 n1))	(multiply-duration 0.5 (transpose-diatonic -1 n1))
TR	rel-pitch-6	1	true	n1	(and (duration>= (duration n1) 4) (not (rest? n1)) (= (note-category n1) C) (= (relative-pitch n1) 6))	(multiply-duration 0.5 (transpose-diatonic 2 n1))	(multiply-duration 0.5 (transpose-diatonic #-1 n1))
TR	rel-pitch-6	2	true	n1	(and (duration>= (duration n1) 4) (not (rest? n1)) (= (note-category n1) C) (= (relative-pitch n1) 6))	(multiply-duration 1.0 (transpose-diatonic 1 n1))
TR	rel-pitch-6	2	true	n1	(and (duration>= (duration n1) 4) (not (rest? n1)) (= (note-category n1) C) (= (relative-pitch n1) 6))	(multiply-duration 0.5 (transpose-diatonic -3 n1))	(multiply-duration 0.5 (transpose-diatonic 3 n1))
TR	rel-pitch-6	1	true	n1	(and (duration>= (duration n1) 4) (not (rest? n1)) (= (note-category n1) C) (= (relative-pitch n1) 6))	(multiply-duration 0.5 (transpose-diatonic #2 n1))	(multiply-duration 0.5 (transpose-diatonic #-1 n1))
TR	rel-pitch-6	2	true	n1	(and (duration>= (duration n1) 4) (not (rest? n1)) (= (note-category n1) C) (= (relative-pitch n1) 6))	(multiply-duration 0.5 (transpose-diatonic #-1 n1))	(multiply-duration 0.5 (transpose-diatonic 1 n1))
TR	rel-pitch-6	1	true	n1	(and (duration>= (duration n1) 4) (not (rest? n1)) (= (note-category n1) C) (= (relative-pitch n1) 6))	(multiply-duration 0.3333333333333333 (transpose-diatonic -1 n1))	(multiply-duration 0.3333333333333333 (transpose-diatonic 1 n1))	(multiply-duration 0.3333333333333333 (transpose-diatonic 3 n1))
TR	rel-pitch-6	1	true	n1	(and (duration>= (duration n1) 4) (not (rest? n1)) (= (note-category n1) C) (= (relative-pitch n1) 6))	(multiply-duration 0.5 (transpose-diatonic 2 n1))	(multiply-duration 0.5 (transpose-diatonic #-2 n1))
TR	rel-pitch-6	2	true	n1	(and (duration>= (duration n1) 4) (not (rest? n1)) (= (note-category n1) C) (= (relative-pitch n1) 6))	(multiply-duration 1.0 (transpose-diatonic #-1 n1))
TR	rel-pitch-6	1	true	n1	(and (duration>= (duration n1) 4) (not (rest? n1)) (= (note-category n1) C) (= (relative-pitch n1) 6))	(multiply-duration 0.5 (transpose-diatonic 1 n1))	(multiply-duration 0.5 (transpose-diatonic 2 n1))
SUB	quarter-first-rel-pitch-b2	motif	1	true
TR	rel-pitch-b2-to-b2	1	true	n1 n2	(and (duration>= (duration n1) 4) (not (rest? n1)) (= (note-category n1) C) (= (relative-pitch n1) b2) (duration>= (duration n2) 4) (not (rest? n2)) (= (note-category n2) C) (= (relative-pitch n2) b2) (pitch>= n1 n2))	(multiply-duration 1.0 (transpose-diatonic 1 n1))	(multiply-duration 0.5 (transpose-diatonic #-1 n2))	(multiply-duration 0.5 (transpose-diatonic 2 n2))
TR	rel-pitch-b2-to-3	1	true	n1 n2	(and (duration>= (duration n1) 4) (not (rest? n1)) (= (note-category n1) C) (= (relative-pitch n1) b2) (duration>= (duration n2) 4) (not (rest? n2)) (= (note-category n2) C) (= (relative-pitch n2) 3) (pitch< n1 n2))	(multiply-duration 1.0 (transpose-diatonic #1 n1))	(multiply-duration 0.5 (transpose-diatonic b1 n2))	(multiply-duration 0.5 (transpose-diatonic 1 n2))
TR	rel-pitch-b2-to-rest	1	true	n1 n2	(and (duration>= (duration n1) 4) (not (rest? n1)) (= (note-category n1) C) (= (relative-pitch n1) b2) (duration>= (duration n2) 4) (rest? n2))	(multiply-duration 1.0 (transpose-diatonic #1 n1))	n2
TR	rel-pitch-b2-to-1	1	true	n1 n2	(and (duration>= (duration n1) 4) (not (rest? n1)) (= (note-category n1) C) (= (relative-pitch n1) b2) (duration>= (duration n2) 4) (not (rest? n2)) (= (note-category n2) C) (= (relative-pitch n2) 1) (pitch>= n1 n2))	(multiply-duration 0.5 (transpose-diatonic 2 n1))	(multiply-duration 0.5 (transpose-diatonic #1 n1))	(multiply-duration 0.5 (transpose-diatonic b2 n2))	(multiply-duration 0.5 (transpose-diatonic 1 n2))
TR	rel-pitch-b2-to-#4	1	true	n1 n2	(and (duration>= (duration n1) 4) (not (rest? n1)) (= (note-category n1) C) (= (relative-pitch n1) b2) (duration>= (duration n2) 4) (not (rest? n2)) (= (note-category n2) C) (= (relative-pitch n2) #4) (pitch>= n1 n2))	(multiply-duration 0.5 (transpose-diatonic 2 n1))	(multiply-duration 0.5 (transpose-diatonic ##-2 n1))	(multiply-duration 0.5 (transpose-diatonic 2 n2))	(multiply-duration 0.5 (transpose-diatonic b1 n2))
TR	rel-pitch-b2-to-7	1	true	n1 n2	(and (duration>= (duration n1) 4) (not (rest? n1)) (= (note-category n1) C) (= (relative-pitch n1) b2) (duration>= (duration n2) 4) (not (rest? n2)) (= (note-category n2) C) (= (relative-pitch n2) 7) (pitch< n1 n2))	(multiply-duration 1.0 (transpose-diatonic #1 n1))	(multiply-duration 0.5 (transpose-diatonic 2 n2))	(multiply-duration 0.5 (transpose-diatonic -1 n2))
TR	rel-pitch-b2-to-#4	1	true	n1 n2	(and (duration>= (duration n1) 4) (not (rest? n1)) (= (note-category n1) C) (= (relative-pitch n1) b2) (duration>= (duration n2) 4) (not (rest? n2)) (= (note-category n2) C) (= (relative-pitch n2) #4) (pitch< n1 n2))	(multiply-duration 0.5 (transpose-diatonic 2 n1))	(multiply-duration 0.5 (transpose-diatonic #-1 n1))	(multiply-duration 0.5 (transpose-diatonic b2 n2))	(multiply-duration 0.5 (transpose-diatonic b1 n2))
TR	rel-pitch-b2-to-6	1	true	n1 n2	(and (duration>= (duration n1) 4) (not (rest? n1)) (= (note-category n1) C) (= (relative-pitch n1) b2) (duration>= (duration n2) 4) (not (rest? n2)) (= (note-category n2) C) (= (relative-pitch n2) 6) (pitch>= n1 n2))	(multiply-duration 0.5 (transpose-diatonic 2 n1))	(multiply-duration 0.5 (transpose-diatonic ##-2 n1))	(multiply-duration 1.0 (transpose-diatonic #-1 n2))
TR	rel-pitch-b2-to-3	1	true	n1 n2	(and (duration>= (duration n1) 4) (not (rest? n1)) (= (note-category n1) C) (= (relative-pitch n1) b2) (duration>= (duration n2) 4) (not (rest? n2)) (= (note-category n2) C) (= (relative-pitch n2) 3) (pitch< n1 n2))	(multiply-duration 0.5 (transpose-diatonic 1 n1))	(multiply-duration 0.5 (transpose-diatonic 2 n1))	(multiply-duration 0.5 (transpose-diatonic 2 n2))	(multiply-duration 0.5 (transpose-diatonic b-1 n2))
TR	rel-pitch-b2-to-5	1	true	n1 n2	(and (duration>= (duration n1) 4) (not (rest? n1)) (= (note-category n1) C) (= (relative-pitch n1) b2) (duration>= (duration n2) 4) (not (rest? n2)) (= (note-category n2) C) (= (relative-pitch n2) 5) (pitch>= n1 n2))	(multiply-duration 0.5 (transpose-diatonic #2 n1))	(multiply-duration 0.5 (transpose-diatonic #-1 n1))	(multiply-duration 0.5 (transpose-diatonic 2 n2))	(multiply-duration 0.5 (transpose-diatonic -1 n2))
TR	rel-pitch-b2-to-3	1	true	n1 n2	(and (duration>= (duration n1) 4) (not (rest? n1)) (= (note-category n1) C) (= (relative-pitch n1) b2) (duration>= (duration n2) 4) (not (rest? n2)) (= (note-category n2) C) (= (relative-pitch n2) 3) (pitch< n1 n2))	(multiply-duration 0.5 (transpose-diatonic #-1 n1))	(multiply-duration 0.5 (transpose-diatonic #1 n1))	(multiply-duration 0.5 (transpose-diatonic b1 n2))	(multiply-duration 0.5 (transpose-diatonic 2 n2))
TR	rel-pitch-b2-to-1	1	true	n1 n2	(and (duration>= (duration n1) 4) (not (rest? n1)) (= (note-category n1) C) (= (relative-pitch n1) b2) (duration>= (duration n2) 4) (not (rest? n2)) (= (note-category n2) C) (= (relative-pitch n2) 1) (pitch>= n1 n2))	(multiply-duration 0.5 (transpose-diatonic 2 n1))	(multiply-duration 0.5 (transpose-diatonic #1 n1))	(multiply-duration 0.5 (transpose-diatonic b2 n2))	(multiply-duration 0.5 (transpose-diatonic -1 n2))
TR	rel-pitch-b2	1	true	n1	(and (duration>= (duration n1) 4) (not (rest? n1)) (= (note-category n1) C) (= (relative-pitch n1) b2))	(multiply-duration 1.0 (transpose-diatonic 1 n1))
TR	rel-pitch-b2	5	true	n1	(and (duration>= (duration n1) 4) (not (rest? n1)) (= (note-category n1) C) (= (relative-pitch n1) b2))	(multiply-duration 0.5 (transpose-diatonic 2 n1))	(multiply-duration 0.5 (transpose-diatonic #1 n1))
TR	rel-pitch-b2	4	true	n1	(and (duration>= (duration n1) 4) (not (rest? n1)) (= (note-category n1) C) (= (relative-pitch n1) b2))	(multiply-duration 1.0 (transpose-diatonic #1 n1))
TR	rel-pitch-b2	3	true	n1	(and (duration>= (duration n1) 4) (not (rest? n1)) (= (note-category n1) C) (= (relative-pitch n1) b2))	(multiply-duration 0.5 (transpose-diatonic #2 n1))	(multiply-duration 0.5 (transpose-diatonic #-1 n1))
TR	rel-pitch-b2	1	true	n1	(and (duration>= (duration n1) 4) (not (rest? n1)) (= (note-category n1) C) (= (relative-pitch n1) b2))	(multiply-duration 0.5 (transpose-diatonic 2 n1))	(multiply-duration 0.5 (transpose-diatonic 1 n1))
TR	rel-pitch-b2	1	true	n1	(and (duration>= (duration n1) 4) (not (rest? n1)) (= (note-category n1) C) (= (relative-pitch n1) b2))	(multiply-duration 0.5 (transpose-diatonic ##-2 n1))	(multiply-duration 0.5 (transpose-diatonic #3 n1))
TR	rel-pitch-b2	3	true	n1	(and (duration>= (duration n1) 4) (not (rest? n1)) (= (note-category n1) C) (= (relative-pitch n1) b2))	(multiply-duration 0.5 (transpose-diatonic 2 n1))	(multiply-duration 0.5 (transpose-diatonic ##-2 n1))
TR	rel-pitch-b2	1	true	n1	(and (duration>= (duration n1) 4) (not (rest? n1)) (= (note-category n1) C) (= (relative-pitch n1) b2))	(multiply-duration 0.5 (make-rest n1))	(multiply-duration 0.5 (transpose-diatonic #1 n1))
TR	rel-pitch-b2	1	true	n1	(and (duration>= (duration n1) 4) (not (rest? n1)) (= (note-category n1) C) (= (relative-pitch n1) b2))	(multiply-duration 0.5 (transpose-diatonic 2 n1))	(multiply-duration 0.5 (transpose-diatonic #-1 n1))
TR	rel-pitch-b2	1	true	n1	(and (duration>= (duration n1) 4) (not (rest? n1)) (= (note-category n1) C) (= (relative-pitch n1) b2))	(multiply-duration 0.5 (transpose-diatonic #1 n1))	(multiply-duration 0.5 (transpose-diatonic #-1 n1))
TR	rel-pitch-b2	1	true	n1	(and (duration>= (duration n1) 4) (not (rest? n1)) (= (note-category n1) C) (= (relative-pitch n1) b2))	(multiply-duration 0.5 (transpose-diatonic #1 n1))	(multiply-duration 0.5 (transpose-diatonic 2 n1))
TR	rel-pitch-b2	3	true	n1	(and (duration>= (duration n1) 4) (not (rest? n1)) (= (note-category n1) C) (= (relative-pitch n1) b2))	(multiply-duration 0.5 (transpose-diatonic #-1 n1))	(multiply-duration 0.5 (transpose-diatonic 2 n1))
TR	rel-pitch-b2	1	true	n1	(and (duration>= (duration n1) 4) (not (rest? n1)) (= (note-category n1) C) (= (relative-pitch n1) b2))	(multiply-duration 0.5 (transpose-diatonic 1 n1))	(multiply-duration 0.5 (transpose-diatonic 2 n1))
TR	rel-pitch-b2	1	true	n1	(and (duration>= (duration n1) 4) (not (rest? n1)) (= (note-category n1) C) (= (relative-pitch n1) b2))	(multiply-duration 0.5 (transpose-diatonic #1 n1))	(multiply-duration 0.5 (transpose-diatonic 1 n1))
TR	rel-pitch-b2	1	true	n1	(and (duration>= (duration n1) 4) (not (rest? n1)) (= (note-category n1) C) (= (relative-pitch n1) b2))	(multiply-duration 0.5 (transpose-diatonic #2 n1))	(multiply-duration 0.5 (transpose-diatonic 1 n1))
TR	rel-pitch-b2	1	true	n1	(and (duration>= (duration n1) 4) (not (rest? n1)) (= (note-category n1) C) (= (relative-pitch n1) b2))	(multiply-duration 0.5 (transpose-diatonic #-1 n1))	(multiply-duration 0.5 (transpose-diatonic #1 n1))
SUB	eighth-first-rel-pitch-rest	motif	1	true
TR	rel-pitch-rest-to-3	7	true	n1 n2	(and (duration>= (duration n1) 8) (rest? n1) (duration>= (duration n2) 8) (not (rest? n2)) (= (note-category n2) C) (= (relative-pitch n2) 3))	n1	(multiply-duration 1.0 (transpose-diatonic -1 n2))
TR	rel-pitch-rest-to-7	1	true	n1 n2	(and (duration>= (duration n1) 8) (rest? n1) (duration>= (duration n2) 8) (not (rest? n2)) (= (note-category n2) C) (= (relative-pitch n2) 7))	n1	(multiply-duration 1.0 (transpose-diatonic -1 n2))
TR	rel-pitch-rest-to-7	4	true	n1 n2	(and (duration>= (duration n1) 8) (rest? n1) (duration>= (duration n2) 8) (not (rest? n2)) (= (note-category n2) C) (= (relative-pitch n2) 7))	n1	(multiply-duration 1.0 (transpose-diatonic b1 n2))
TR	rel-pitch-rest-to-3	8	true	n1 n2	(and (duration>= (duration n1) 8) (rest? n1) (duration>= (duration n2) 8) (not (rest? n2)) (= (note-category n2) C) (= (relative-pitch n2) 3))	n1	(multiply-duration 1.0 (transpose-diatonic b1 n2))
TR	rel-pitch-rest-to-1	3	true	n1 n2	(and (duration>= (duration n1) 8) (rest? n1) (duration>= (duration n2) 8) (not (rest? n2)) (= (note-category n2) C) (= (relative-pitch n2) 1))	n1	(multiply-duration 1.0 (transpose-diatonic b2 n2))
TR	rel-pitch-rest-to-7	3	true	n1 n2	(and (duration>= (duration n1) 8) (rest? n1) (duration>= (duration n2) 8) (not (rest? n2)) (= (note-category n2) C) (= (relative-pitch n2) 7))	n1	(multiply-duration 1.0 (transpose-diatonic 1 n2))
TR	rel-pitch-rest-to-3	7	true	n1 n2	(and (duration>= (duration n1) 8) (rest? n1) (duration>= (duration n2) 8) (not (rest? n2)) (= (note-category n2) C) (= (relative-pitch n2) 3))	n1	(multiply-duration 1.0 (transpose-diatonic 1 n2))
TR	rel-pitch-rest-to-5	2	true	n1 n2	(and (duration>= (duration n1) 8) (rest? n1) (duration>= (duration n2) 8) (not (rest? n2)) (= (note-category n2) C) (= (relative-pitch n2) 5))	n1	(multiply-duration 1.0 (transpose-diatonic -1 n2))
TR	rel-pitch-rest-to-5	8	true	n1 n2	(and (duration>= (duration n1) 8) (rest? n1) (duration>= (duration n2) 8) (not (rest? n2)) (= (note-category n2) C) (= (relative-pitch n2) 5))	n1	(multiply-duration 1.0 (transpose-diatonic 1 n2))
TR	rel-pitch-rest-to-rest	111	true	n1 n2	(and (duration>= (duration n1) 8) (rest? n1) (duration>= (duration n2) 8) (rest? n2))	n1	n2
TR	rel-pitch-rest-to-1	9	true	n1 n2	(and (duration>= (duration n1) 8) (rest? n1) (duration>= (duration n2) 8) (not (rest? n2)) (= (note-category n2) C) (= (relative-pitch n2) 1))	n1	(multiply-duration 1.0 (transpose-diatonic 1 n2))
TR	rel-pitch-rest-to-b2	1	true	n1 n2	(and (duration>= (duration n1) 8) (rest? n1) (duration>= (duration n2) 8) (not (rest? n2)) (= (note-category n2) C) (= (relative-pitch n2) b2))	n1	(multiply-duration 1.0 (transpose-diatonic #1 n2))
TR	rel-pitch-rest-to-#4	3	true	n1 n2	(and (duration>= (duration n1) 8) (rest? n1) (duration>= (duration n2) 8) (not (rest? n2)) (= (note-category n2) C) (= (relative-pitch n2) #4))	n1	(multiply-duration 1.0 (transpose-diatonic b1 n2))
TR	rel-pitch-rest-to-1	1	true	n1 n2	(and (duration>= (duration n1) 8) (rest? n1) (duration>= (duration n2) 8) (not (rest? n2)) (= (note-category n2) C) (= (relative-pitch n2) 1))	n1	(multiply-duration 1.0 (transpose-diatonic #-1 n2))
TR	rel-pitch-rest-to-1	1	true	n1 n2	(and (duration>= (duration n1) 8) (rest? n1) (duration>= (duration n2) 8) (not (rest? n2)) (= (note-category n2) C) (= (relative-pitch n2) 1))	n1	(multiply-duration 1.0 (transpose-diatonic 2 n2))
TR	rel-pitch-rest-to-5	2	true	n1 n2	(and (duration>= (duration n1) 8) (rest? n1) (duration>= (duration n2) 8) (not (rest? n2)) (= (note-category n2) C) (= (relative-pitch n2) 5))	n1	(multiply-duration 1.0 (transpose-diatonic #1 n2))
TR	rel-pitch-rest	286	true	n1	(and (duration>= (duration n1) 8) (rest? n1))	n1
SUB	eighth-first-rel-pitch-3	motif	1	true
TR	rel-pitch-3-to-3	2	true	n1 n2	(and (duration>= (duration n1) 8) (not (rest? n1)) (= (note-category n1) C) (= (relative-pitch n1) 3) (duration>= (duration n2) 8) (not (rest? n2)) (= (note-category n2) C) (= (relative-pitch n2) 3) (pitch>= n1 n2))	(multiply-duration 1.0 (transpose-diatonic 2 n1))	(multiply-duration 1.0 (transpose-diatonic 2 n2))
TR	rel-pitch-3-to-5	5	true	n1 n2	(and (duration>= (duration n1) 8) (not (rest? n1)) (= (note-category n1) C) (= (relative-pitch n1) 3) (duration>= (duration n2) 8) (not (rest? n2)) (= (note-category n2) C) (= (relative-pitch n2) 5) (pitch>= n1 n2))	(multiply-duration 1.0 (transpose-diatonic 1 n1))	(multiply-duration 1.0 (transpose-diatonic 1 n2))
TR	rel-pitch-3-to-1	1	true	n1 n2	(and (duration>= (duration n1) 8) (not (rest? n1)) (= (note-category n1) C) (= (relative-pitch n1) 3) (duration>= (duration n2) 8) (not (rest? n2)) (= (note-category n2) C) (= (relative-pitch n2) 1) (pitch>= n1 n2))	(multiply-duration 1.0 (transpose-diatonic #-1 n1))	(multiply-duration 1.0 (transpose-diatonic 1 n2))
TR	rel-pitch-3-to-b2	5	true	n1 n2	(and (duration>= (duration n1) 8) (not (rest? n1)) (= (note-category n1) C) (= (relative-pitch n1) 3) (duration>= (duration n2) 8) (not (rest? n2)) (= (note-category n2) C) (= (relative-pitch n2) b2) (pitch>= n1 n2))	(multiply-duration 1.0 (transpose-diatonic b1 n1))	(multiply-duration 1.0 (transpose-diatonic #1 n2))
TR	rel-pitch-3-to-3	4	true	n1 n2	(and (duration>= (duration n1) 8) (not (rest? n1)) (= (note-category n1) C) (= (relative-pitch n1) 3) (duration>= (duration n2) 8) (not (rest? n2)) (= (note-category n2) C) (= (relative-pitch n2) 3) (pitch>= n1 n2))	(multiply-duration 1.0 (transpose-diatonic b1 n1))	(multiply-duration 1.0 (transpose-diatonic 1 n2))
TR	rel-pitch-3-to-1	5	true	n1 n2	(and (duration>= (duration n1) 8) (not (rest? n1)) (= (note-category n1) C) (= (relative-pitch n1) 3) (duration>= (duration n2) 8) (not (rest? n2)) (= (note-category n2) C) (= (relative-pitch n2) 1) (pitch>= n1 n2))	(multiply-duration 1.0 (transpose-diatonic -1 n1))	(multiply-duration 1.0 (transpose-diatonic 1 n2))
TR	rel-pitch-3-to-1	27	true	n1 n2	(and (duration>= (duration n1) 8) (not (rest? n1)) (= (note-category n1) C) (= (relative-pitch n1) 3) (duration>= (duration n2) 8) (not (rest? n2)) (= (note-category n2) C) (= (relative-pitch n2) 1) (pitch>= n1 n2))	(multiply-duration 1.0 (transpose-diatonic 1 n1))	(multiply-duration 1.0 (transpose-diatonic 1 n2))
TR	rel-pitch-3-to-5	1	true	n1 n2	(and (duration>= (duration n1) 8) (not (rest? n1)) (= (note-category n1) C) (= (relative-pitch n1) 3) (duration>= (duration n2) 8) (not (rest? n2)) (= (note-category n2) C) (= (relative-pitch n2) 5) (pitch< n1 n2))	(multiply-duration 1.0 (transpose-diatonic #1 n1))	(multiply-duration 1.0 (transpose-diatonic -1 n2))
TR	rel-pitch-3-to-3	7	true	n1 n2	(and (duration>= (duration n1) 8) (not (rest? n1)) (= (note-category n1) C) (= (relative-pitch n1) 3) (duration>= (duration n2) 8) (not (rest? n2)) (= (note-category n2) C) (= (relative-pitch n2) 3) (pitch>= n1 n2))	(multiply-duration 1.0 (transpose-diatonic 1 n1))	(multiply-duration 1.0 (transpose-diatonic -1 n2))
TR	rel-pitch-3-to-3	4	true	n1 n2	(and (duration>= (duration n1) 8) (not (rest? n1)) (= (note-category n1) C) (= (relative-pitch n1) 3) (duration>= (duration n2) 8) (not (rest? n2)) (= (note-category n2) C) (= (relative-pitch n2) 3) (pitch>= n1 n2))	(multiply-duration 1.0 (transpose-diatonic b1 n1))	(multiply-duration 1.0 (transpose-diatonic b1 n2))
TR	rel-pitch-3-to-3	3	true	n1 n2	(and (duration>= (duration n1) 8) (not (rest? n1)) (= (note-category n1) C) (= (relative-pitch n1) 3) (duration>= (duration n2) 8) (not (rest? n2)) (= (note-category n2) C) (= (relative-pitch n2) 3) (pitch>= n1 n2))	(multiply-duration 1.0 (transpose-diatonic #-1 n1))	(multiply-duration 1.0 (transpose-diatonic #-1 n2))
TR	rel-pitch-3-to-3	2	true	n1 n2	(and (duration>= (duration n1) 8) (not (rest? n1)) (= (note-category n1) C) (= (relative-pitch n1) 3) (duration>= (duration n2) 8) (not (rest? n2)) (= (note-category n2) C) (= (relative-pitch n2) 3) (pitch>= n1 n2))	(multiply-duration 1.0 (transpose-diatonic -1 n1))	(multiply-duration 1.0 (transpose-diatonic -1 n2))
TR	rel-pitch-3-to-5	34	true	n1 n2	(and (duration>= (duration n1) 8) (not (rest? n1)) (= (note-category n1) C) (= (relative-pitch n1) 3) (duration>= (duration n2) 8) (not (rest? n2)) (= (note-category n2) C) (= (relative-pitch n2) 5) (pitch< n1 n2))	(multiply-duration 1.0 (transpose-diatonic 1 n1))	(multiply-duration 1.0 (transpose-diatonic 1 n2))
TR	rel-pitch-3-to-3	26	true	n1 n2	(and (duration>= (duration n1) 8) (not (rest? n1)) (= (note-category n1) C) (= (relative-pitch n1) 3) (duration>= (duration n2) 8) (not (rest? n2)) (= (note-category n2) C) (= (relative-pitch n2) 3) (pitch>= n1 n2))	(multiply-duration 1.0 (transpose-diatonic 1 n1))	(multiply-duration 1.0 (transpose-diatonic 1 n2))
TR	rel-pitch-3-to-1	6	true	n1 n2	(and (duration>= (duration n1) 8) (not (rest? n1)) (= (note-category n1) C) (= (relative-pitch n1) 3) (duration>= (duration n2) 8) (not (rest? n2)) (= (note-category n2) C) (= (relative-pitch n2) 1) (pitch>= n1 n2))	(multiply-duration 1.0 (transpose-diatonic b1 n1))	(multiply-duration 1.0 (transpose-diatonic b2 n2))
TR	rel-pitch-3-to-3	3	true	n1 n2	(and (duration>= (duration n1) 8) (not (rest? n1)) (= (note-category n1) C) (= (relative-pitch n1) 3) (duration>= (duration n2) 8) (not (rest? n2)) (= (note-category n2) C) (= (relative-pitch n2) 3) (pitch>= n1 n2))	(multiply-duration 1.0 (transpose-diatonic 1 n1))	(multiply-duration 1.0 (transpose-diatonic b1 n2))
TR	rel-pitch-3-to-1	5	true	n1 n2	(and (duration>= (duration n1) 8) (not (rest? n1)) (= (note-category n1) C) (= (relative-pitch n1) 3) (duration>= (duration n2) 8) (not (rest? n2)) (= (note-category n2) C) (= (relative-pitch n2) 1) (pitch>= n1 n2))	(multiply-duration 1.0 (transpose-diatonic -1 n1))	(multiply-duration 1.0 (transpose-diatonic b2 n2))
TR	rel-pitch-3-to-7	1	true	n1 n2	(and (duration>= (duration n1) 8) (not (rest? n1)) (= (note-category n1) C) (= (relative-pitch n1) 3) (duration>= (duration n2) 8) (not (rest? n2)) (= (note-category n2) C) (= (relative-pitch n2) 7) (pitch>= n1 n2))	(multiply-duration 1.0 (transpose-diatonic 1 n1))	(multiply-duration 1.0 (transpose-diatonic 1 n2))
TR	rel-pitch-3-to-7	1	true	n1 n2	(and (duration>= (duration n1) 8) (not (rest? n1)) (= (note-category n1) C) (= (relative-pitch n1) 3) (duration>= (duration n2) 8) (not (rest? n2)) (= (note-category n2) C) (= (relative-pitch n2) 7) (pitch>= n1 n2))	(multiply-duration 1.0 (transpose-diatonic 1 n1))	(multiply-duration 1.0 (transpose-diatonic -1 n2))
TR	rel-pitch-3-to-5	3	true	n1 n2	(and (duration>= (duration n1) 8) (not (rest? n1)) (= (note-category n1) C) (= (relative-pitch n1) 3) (duration>= (duration n2) 8) (not (rest? n2)) (= (note-category n2) C) (= (relative-pitch n2) 5) (pitch< n1 n2))	(multiply-duration 1.0 (transpose-diatonic 2 n1))	(multiply-duration 1.0 (transpose-diatonic #1 n2))
TR	rel-pitch-3-to-1	4	true	n1 n2	(and (duration>= (duration n1) 8) (not (rest? n1)) (= (note-category n1) C) (= (relative-pitch n1) 3) (duration>= (duration n2) 8) (not (rest? n2)) (= (note-category n2) C) (= (relative-pitch n2) 1) (pitch>= n1 n2))	(multiply-duration 1.0 (transpose-diatonic 1 n1))	(multiply-duration 1.0 (transpose-diatonic 2 n2))
TR	rel-pitch-3-to-5	1	true	n1 n2	(and (duration>= (duration n1) 8) (not (rest? n1)) (= (note-category n1) C) (= (relative-pitch n1) 3) (duration>= (duration n2) 8) (not (rest? n2)) (= (note-category n2) C) (= (relative-pitch n2) 5) (pitch< n1 n2))	(multiply-duration 1.0 (transpose-diatonic #-1 n1))	(multiply-duration 1.0 (transpose-diatonic -1 n2))
TR	rel-pitch-3-to-7	18	true	n1 n2	(and (duration>= (duration n1) 8) (not (rest? n1)) (= (note-category n1) C) (= (relative-pitch n1) 3) (duration>= (duration n2) 8) (not (rest? n2)) (= (note-category n2) C) (= (relative-pitch n2) 7) (pitch>= n1 n2))	(multiply-duration 1.0 (transpose-diatonic -1 n1))	(multiply-duration 1.0 (transpose-diatonic 1 n2))
TR	rel-pitch-3-to-3	5	true	n1 n2	(and (duration>= (duration n1) 8) (not (rest? n1)) (= (note-category n1) C) (= (relative-pitch n1) 3) (duration>= (duration n2) 8) (not (rest? n2)) (= (note-category n2) C) (= (relative-pitch n2) 3) (pitch>= n1 n2))	(multiply-duration 1.0 (transpose-diatonic b1 n1))	(multiply-duration 1.0 (transpose-diatonic -1 n2))
TR	rel-pitch-3-to-3	2	true	n1 n2	(and (duration>= (duration n1) 8) (not (rest? n1)) (= (note-category n1) C) (= (relative-pitch n1) 3) (duration>= (duration n2) 8) (not (rest? n2)) (= (note-category n2) C) (= (relative-pitch n2) 3) (pitch>= n1 n2))	(multiply-duration 1.0 (transpose-diatonic 2 n1))	(multiply-duration 1.0 (transpose-diatonic 1 n2))
TR	rel-pitch-3-to-5	1	true	n1 n2	(and (duration>= (duration n1) 8) (not (rest? n1)) (= (note-category n1) C) (= (relative-pitch n1) 3) (duration>= (duration n2) 8) (not (rest? n2)) (= (note-category n2) C) (= (relative-pitch n2) 5) (pitch< n1 n2))	(multiply-duration 1.0 (transpose-diatonic b1 n1))	(multiply-duration 1.0 (transpose-diatonic #-1 n2))
TR	rel-pitch-3-to-5	1	true	n1 n2	(and (duration>= (duration n1) 8) (not (rest? n1)) (= (note-category n1) C) (= (relative-pitch n1) 3) (duration>= (duration n2) 8) (not (rest? n2)) (= (note-category n2) C) (= (relative-pitch n2) 5) (pitch< n1 n2))	(multiply-duration 1.0 (transpose-diatonic #1 n1))	(multiply-duration 1.0 (transpose-diatonic 1 n2))
TR	rel-pitch-3-to-5	17	true	n1 n2	(and (duration>= (duration n1) 8) (not (rest? n1)) (= (note-category n1) C) (= (relative-pitch n1) 3) (duration>= (duration n2) 8) (not (rest? n2)) (= (note-category n2) C) (= (relative-pitch n2) 5) (pitch< n1 n2))	(multiply-duration 1.0 (transpose-diatonic 1 n1))	(multiply-duration 1.0 (transpose-diatonic -1 n2))
TR	rel-pitch-3-to-5	3	true	n1 n2	(and (duration>= (duration n1) 8) (not (rest? n1)) (= (note-category n1) C) (= (relative-pitch n1) 3) (duration>= (duration n2) 8) (not (rest? n2)) (= (note-category n2) C) (= (relative-pitch n2) 5) (pitch< n1 n2))	(multiply-duration 1.0 (transpose-diatonic -1 n1))	(multiply-duration 1.0 (transpose-diatonic -1 n2))
TR	rel-pitch-3-to-7	1	true	n1 n2	(and (duration>= (duration n1) 8) (not (rest? n1)) (= (note-category n1) C) (= (relative-pitch n1) 3) (duration>= (duration n2) 8) (not (rest? n2)) (= (note-category n2) C) (= (relative-pitch n2) 7) (pitch< n1 n2))	(multiply-duration 1.0 (transpose-diatonic 1 n1))	(multiply-duration 1.0 (transpose-diatonic b1 n2))
TR	rel-pitch-3-to-#4	3	true	n1 n2	(and (duration>= (duration n1) 8) (not (rest? n1)) (= (note-category n1) C) (= (relative-pitch n1) 3) (duration>= (duration n2) 8) (not (rest? n2)) (= (note-category n2) C) (= (relative-pitch n2) #4) (pitch< n1 n2))	(multiply-duration 1.0 (transpose-diatonic 1 n1))	(multiply-duration 1.0 (transpose-diatonic 1 n2))
TR	rel-pitch-3-to-b2	1	true	n1 n2	(and (duration>= (duration n1) 8) (not (rest? n1)) (= (note-category n1) C) (= (relative-pitch n1) 3) (duration>= (duration n2) 8) (not (rest? n2)) (= (note-category n2) C) (= (relative-pitch n2) b2) (pitch>= n1 n2))	(multiply-duration 1.0 (transpose-diatonic b1 n1))	(multiply-duration 1.0 (transpose-diatonic 1 n2))
TR	rel-pitch-3-to-7	1	true	n1 n2	(and (duration>= (duration n1) 8) (not (rest? n1)) (= (note-category n1) C) (= (relative-pitch n1) 3) (duration>= (duration n2) 8) (not (rest? n2)) (= (note-category n2) C) (= (relative-pitch n2) 7) (pitch< n1 n2))	(multiply-duration 1.0 (transpose-diatonic 1 n1))	(multiply-duration 1.0 (transpose-diatonic -1 n2))
TR	rel-pitch-3-to-1	3	true	n1 n2	(and (duration>= (duration n1) 8) (not (rest? n1)) (= (note-category n1) C) (= (relative-pitch n1) 3) (duration>= (duration n2) 8) (not (rest? n2)) (= (note-category n2) C) (= (relative-pitch n2) 1) (pitch>= n1 n2))	(multiply-duration 1.0 (transpose-diatonic b1 n1))	(multiply-duration 1.0 (transpose-diatonic 1 n2))
TR	rel-pitch-3-to-1	1	true	n1 n2	(and (duration>= (duration n1) 8) (not (rest? n1)) (= (note-category n1) C) (= (relative-pitch n1) 3) (duration>= (duration n2) 8) (not (rest? n2)) (= (note-category n2) C) (= (relative-pitch n2) 1) (pitch>= n1 n2))	(multiply-duration 1.0 (transpose-diatonic 2 n1))	(multiply-duration 1.0 (transpose-diatonic b2 n2))
TR	rel-pitch-3-to-1	1	true	n1 n2	(and (duration>= (duration n1) 8) (not (rest? n1)) (= (note-category n1) C) (= (relative-pitch n1) 3) (duration>= (duration n2) 8) (not (rest? n2)) (= (note-category n2) C) (= (relative-pitch n2) 1) (pitch>= n1 n2))	(multiply-duration 0.6666666666666666 (transpose-diatonic b1 n1))	(multiply-duration 0.3333333333333333 (transpose-diatonic -1 n1))	(multiply-duration 0.3333333333333333 (transpose-diatonic 2 n2))	(multiply-duration 0.6666666666666666 (transpose-diatonic b2 n2))
TR	rel-pitch-3-to-3	1	true	n1 n2	(and (duration>= (duration n1) 8) (not (rest? n1)) (= (note-category n1) C) (= (relative-pitch n1) 3) (duration>= (duration n2) 8) (not (rest? n2)) (= (note-category n2) C) (= (relative-pitch n2) 3) (pitch>= n1 n2))	(multiply-duration 0.6666666666666666 (transpose-diatonic b1 n1))	(multiply-duration 0.3333333333333333 (transpose-diatonic 2 n1))	(multiply-duration 0.3333333333333333 (transpose-diatonic 2 n2))	(multiply-duration 0.6666666666666666 (transpose-diatonic b1 n2))
TR	rel-pitch-3-to-5	1	true	n1 n2	(and (duration>= (duration n1) 8) (not (rest? n1)) (= (note-category n1) C) (= (relative-pitch n1) 3) (duration>= (duration n2) 8) (not (rest? n2)) (= (note-category n2) C) (= (relative-pitch n2) 5) (pitch>= n1 n2))	(multiply-duration 1.0 (transpose-diatonic -1 n1))	(multiply-duration 1.0 (transpose-diatonic 1 n2))
TR	rel-pitch-3-to-5	3	true	n1 n2	(and (duration>= (duration n1) 8) (not (rest? n1)) (= (note-category n1) C) (= (relative-pitch n1) 3) (duration>= (duration n2) 8) (not (rest? n2)) (= (note-category n2) C) (= (relative-pitch n2) 5) (pitch< n1 n2))	(multiply-duration 1.0 (transpose-diatonic 1 n1))	(multiply-duration 1.0 (transpose-diatonic #1 n2))
TR	rel-pitch-3-to-1	3	true	n1 n2	(and (duration>= (duration n1) 8) (not (rest? n1)) (= (note-category n1) C) (= (relative-pitch n1) 3) (duration>= (duration n2) 8) (not (rest? n2)) (= (note-category n2) C) (= (relative-pitch n2) 1) (pitch>= n1 n2))	(multiply-duration 1.0 (transpose-diatonic b1 n1))	(multiply-duration 1.0 (transpose-diatonic #-1 n2))
TR	rel-pitch-3-to-3	1	true	n1 n2	(and (duration>= (duration n1) 8) (not (rest? n1)) (= (note-category n1) C) (= (relative-pitch n1) 3) (duration>= (duration n2) 8) (not (rest? n2)) (= (note-category n2) C) (= (relative-pitch n2) 3) (pitch>= n1 n2))	(multiply-duration 1.0 (transpose-diatonic 2 n1))	(multiply-duration 1.0 (transpose-diatonic -1 n2))
TR	rel-pitch-3-to-3	1	true	n1 n2	(and (duration>= (duration n1) 8) (not (rest? n1)) (= (note-category n1) C) (= (relative-pitch n1) 3) (duration>= (duration n2) 8) (not (rest? n2)) (= (note-category n2) C) (= (relative-pitch n2) 3) (pitch>= n1 n2))	(multiply-duration 0.6666666666666666 (transpose-diatonic 2 n1))	(multiply-duration 0.3333333333333333 (transpose-diatonic -1 n1))	(multiply-duration 0.3333333333333333 (transpose-diatonic -1 n2))	(multiply-duration 0.6666666666666666 (transpose-diatonic 2 n2))
TR	rel-pitch-3-to-3	1	true	n1 n2	(and (duration>= (duration n1) 8) (not (rest? n1)) (= (note-category n1) C) (= (relative-pitch n1) 3) (duration>= (duration n2) 8) (not (rest? n2)) (= (note-category n2) C) (= (relative-pitch n2) 3) (pitch>= n1 n2))	(multiply-duration 0.6666666666666666 (transpose-diatonic 2 n1))	(multiply-duration 0.3333333333333333 (transpose-diatonic #1 n1))	(multiply-duration 0.3333333333333333 (transpose-diatonic #1 n2))	(multiply-duration 0.6666666666666666 (transpose-diatonic 1 n2))
TR	rel-pitch-3-to-3	1	true	n1 n2	(and (duration>= (duration n1) 8) (not (rest? n1)) (= (note-category n1) C) (= (relative-pitch n1) 3) (duration>= (duration n2) 8) (not (rest? n2)) (= (note-category n2) C) (= (relative-pitch n2) 3) (pitch>= n1 n2))	(multiply-duration 0.6666666666666666 (transpose-diatonic -1 n1))	(multiply-duration 0.3333333333333333 (transpose-diatonic 1 n1))	(multiply-duration 0.3333333333333333 (transpose-diatonic 1 n2))	(multiply-duration 0.6666666666666666 (transpose-diatonic #1 n2))
TR	rel-pitch-3-to-5	1	true	n1 n2	(and (duration>= (duration n1) 8) (not (rest? n1)) (= (note-category n1) C) (= (relative-pitch n1) 3) (duration>= (duration n2) 8) (not (rest? n2)) (= (note-category n2) C) (= (relative-pitch n2) 5) (pitch>= n1 n2))	(multiply-duration 1.0 (transpose-diatonic -1 n1))	(multiply-duration 1.0 (transpose-diatonic #1 n2))
TR	rel-pitch-3-to-1	2	true	n1 n2	(and (duration>= (duration n1) 8) (not (rest? n1)) (= (note-category n1) C) (= (relative-pitch n1) 3) (duration>= (duration n2) 8) (not (rest? n2)) (= (note-category n2) C) (= (relative-pitch n2) 1) (pitch>= n1 n2))	(multiply-duration 1.0 (transpose-diatonic 1 n1))	(multiply-duration 1.0 (transpose-diatonic #-1 n2))
TR	rel-pitch-3-to-5	1	true	n1 n2	(and (duration>= (duration n1) 8) (not (rest? n1)) (= (note-category n1) C) (= (relative-pitch n1) 3) (duration>= (duration n2) 8) (not (rest? n2)) (= (note-category n2) C) (= (relative-pitch n2) 5) (pitch< n1 n2))	(multiply-duration 1.0 (transpose-diatonic -1 n1))	(multiply-duration 1.0 (transpose-diatonic #-1 n2))
TR	rel-pitch-3-to-1	1	true	n1 n2	(and (duration>= (duration n1) 8) (not (rest? n1)) (= (note-category n1) C) (= (relative-pitch n1) 3) (duration>= (duration n2) 8) (not (rest? n2)) (= (note-category n2) C) (= (relative-pitch n2) 1) (pitch>= n1 n2))	(multiply-duration 1.0 (transpose-diatonic 2 n1))	(multiply-duration 1.0 (transpose-diatonic 1 n2))
TR	rel-pitch-3-to-1	1	true	n1 n2	(and (duration>= (duration n1) 8) (not (rest? n1)) (= (note-category n1) C) (= (relative-pitch n1) 3) (duration>= (duration n2) 8) (not (rest? n2)) (= (note-category n2) C) (= (relative-pitch n2) 1) (pitch>= n1 n2))	(multiply-duration 1.0 (transpose-diatonic 1 n1))	(multiply-duration 1.0 (transpose-diatonic b2 n2))
TR	rel-pitch-3-to-1	2	true	n1 n2	(and (duration>= (duration n1) 8) (not (rest? n1)) (= (note-category n1) C) (= (relative-pitch n1) 3) (duration>= (duration n2) 8) (not (rest? n2)) (= (note-category n2) C) (= (relative-pitch n2) 1) (pitch< n1 n2))	(multiply-duration 1.0 (transpose-diatonic 1 n1))	(multiply-duration 1.0 (transpose-diatonic 1 n2))
TR	rel-pitch-3-to-3	1	true	n1 n2	(and (duration>= (duration n1) 8) (not (rest? n1)) (= (note-category n1) C) (= (relative-pitch n1) 3) (duration>= (duration n2) 8) (not (rest? n2)) (= (note-category n2) C) (= (relative-pitch n2) 3) (pitch>= n1 n2))	(multiply-duration 1.0 (transpose-diatonic b1 n1))	(multiply-duration 1.0 (transpose-diatonic 2 n2))
TR	rel-pitch-3-to-7	1	true	n1 n2	(and (duration>= (duration n1) 8) (not (rest? n1)) (= (note-category n1) C) (= (relative-pitch n1) 3) (duration>= (duration n2) 8) (not (rest? n2)) (= (note-category n2) C) (= (relative-pitch n2) 7) (pitch< n1 n2))	(multiply-duration 1.0 (transpose-diatonic 1 n1))	(multiply-duration 1.0 (transpose-diatonic #-1 n2))
TR	rel-pitch-3-to-3	1	true	n1 n2	(and (duration>= (duration n1) 8) (not (rest? n1)) (= (note-category n1) C) (= (relative-pitch n1) 3) (duration>= (duration n2) 8) (not (rest? n2)) (= (note-category n2) C) (= (relative-pitch n2) 3) (pitch>= n1 n2))	(multiply-duration 1.0 (transpose-diatonic -1 n1))	(multiply-duration 1.0 (transpose-diatonic 2 n2))
TR	rel-pitch-3-to-3	2	true	n1 n2	(and (duration>= (duration n1) 8) (not (rest? n1)) (= (note-category n1) C) (= (relative-pitch n1) 3) (duration>= (duration n2) 8) (not (rest? n2)) (= (note-category n2) C) (= (relative-pitch n2) 3) (pitch>= n1 n2))	(multiply-duration 1.0 (transpose-diatonic 1 n1))	(multiply-duration 1.0 (transpose-diatonic 2 n2))
TR	rel-pitch-3-to-3	1	true	n1 n2	(and (duration>= (duration n1) 8) (not (rest? n1)) (= (note-category n1) C) (= (relative-pitch n1) 3) (duration>= (duration n2) 8) (not (rest? n2)) (= (note-category n2) C) (= (relative-pitch n2) 3) (pitch>= n1 n2))	(multiply-duration 0.6666666666666666 (transpose-diatonic 3 n1))	(multiply-duration 0.3333333333333333 (transpose-diatonic 1 n1))	(multiply-duration 1.0 (transpose-diatonic 1 n2))
TR	rel-pitch-3-to-5	1	true	n1 n2	(and (duration>= (duration n1) 8) (not (rest? n1)) (= (note-category n1) C) (= (relative-pitch n1) 3) (duration>= (duration n2) 8) (not (rest? n2)) (= (note-category n2) C) (= (relative-pitch n2) 5) (pitch< n1 n2))	(multiply-duration 1.0 (transpose-diatonic 1 n1))	(multiply-duration 1.0 (transpose-diatonic #-1 n2))
TR	rel-pitch-3-to-3	2	true	n1 n2	(and (duration>= (duration n1) 8) (not (rest? n1)) (= (note-category n1) C) (= (relative-pitch n1) 3) (duration>= (duration n2) 8) (not (rest? n2)) (= (note-category n2) C) (= (relative-pitch n2) 3) (pitch>= n1 n2))	(multiply-duration 1.0 (transpose-diatonic 2 n1))	(multiply-duration 1.0 (transpose-diatonic b1 n2))
TR	rel-pitch-3-to-#4	1	true	n1 n2	(and (duration>= (duration n1) 8) (not (rest? n1)) (= (note-category n1) C) (= (relative-pitch n1) 3) (duration>= (duration n2) 8) (not (rest? n2)) (= (note-category n2) C) (= (relative-pitch n2) #4) (pitch< n1 n2))	(multiply-duration 0.6666666666666666 (transpose-diatonic 1 n1))	(multiply-duration 0.3333333333333333 (transpose-diatonic 2 n1))	(multiply-duration 0.3333333333333333 (transpose-diatonic b1 n2))	(multiply-duration 0.6666666666666666 (transpose-diatonic 1 n2))
TR	rel-pitch-3-to-b2	1	true	n1 n2	(and (duration>= (duration n1) 8) (not (rest? n1)) (= (note-category n1) C) (= (relative-pitch n1) 3) (duration>= (duration n2) 8) (not (rest? n2)) (= (note-category n2) C) (= (relative-pitch n2) b2) (pitch>= n1 n2))	(multiply-duration 1.0 (transpose-diatonic 1 n1))	(multiply-duration 1.0 (transpose-diatonic 1 n2))
TR	rel-pitch-3-to-5	2	true	n1 n2	(and (duration>= (duration n1) 8) (not (rest? n1)) (= (note-category n1) C) (= (relative-pitch n1) 3) (duration>= (duration n2) 8) (not (rest? n2)) (= (note-category n2) C) (= (relative-pitch n2) 5) (pitch< n1 n2))	(multiply-duration 1.0 (transpose-diatonic 2 n1))	(multiply-duration 1.0 (transpose-diatonic #-1 n2))
TR	rel-pitch-3-to-3	1	true	n1 n2	(and (duration>= (duration n1) 8) (not (rest? n1)) (= (note-category n1) C) (= (relative-pitch n1) 3) (duration>= (duration n2) 8) (not (rest? n2)) (= (note-category n2) C) (= (relative-pitch n2) 3) (pitch>= n1 n2))	(multiply-duration 1.0 (transpose-diatonic -1 n1))	(multiply-duration 1.0 (transpose-diatonic #1 n2))
TR	rel-pitch-3-to-#4	1	true	n1 n2	(and (duration>= (duration n1) 8) (not (rest? n1)) (= (note-category n1) C) (= (relative-pitch n1) 3) (duration>= (duration n2) 8) (not (rest? n2)) (= (note-category n2) C) (= (relative-pitch n2) #4) (pitch< n1 n2))	(multiply-duration 1.0 (transpose-diatonic b1 n1))	(multiply-duration 1.0 (transpose-diatonic b1 n2))
TR	rel-pitch-3-to-3	1	true	n1 n2	(and (duration>= (duration n1) 8) (not (rest? n1)) (= (note-category n1) C) (= (relative-pitch n1) 3) (duration>= (duration n2) 8) (not (rest? n2)) (= (note-category n2) C) (= (relative-pitch n2) 3) (pitch>= n1 n2))	(multiply-duration 0.6666666666666666 (transpose-diatonic 1 n1))	(multiply-duration 0.3333333333333333 (transpose-diatonic 2 n1))	(multiply-duration 0.3333333333333333 (transpose-diatonic 2 n2))	(multiply-duration 0.6666666666666666 (transpose-diatonic 1 n2))
TR	rel-pitch-3-to-5	1	true	n1 n2	(and (duration>= (duration n1) 8) (not (rest? n1)) (= (note-category n1) C) (= (relative-pitch n1) 3) (duration>= (duration n2) 8) (not (rest? n2)) (= (note-category n2) C) (= (relative-pitch n2) 5) (pitch>= n1 n2))	(multiply-duration 1.0 (transpose-diatonic 1 n1))	(multiply-duration 1.0 (transpose-diatonic -1 n2))
TR	rel-pitch-3-to-1	1	true	n1 n2	(and (duration>= (duration n1) 8) (not (rest? n1)) (= (note-category n1) C) (= (relative-pitch n1) 3) (duration>= (duration n2) 8) (not (rest? n2)) (= (note-category n2) C) (= (relative-pitch n2) 1) (pitch>= n1 n2))	(multiply-duration 1.0 (transpose-diatonic -1 n1))	(multiply-duration 1.0 (transpose-diatonic #-1 n2))
TR	rel-pitch-3-to-5	1	true	n1 n2	(and (duration>= (duration n1) 8) (not (rest? n1)) (= (note-category n1) C) (= (relative-pitch n1) 3) (duration>= (duration n2) 8) (not (rest? n2)) (= (note-category n2) C) (= (relative-pitch n2) 5) (pitch< n1 n2))	(multiply-duration 0.5 (transpose-diatonic -1 n1))	(multiply-duration 0.5 (transpose-diatonic 1 n1))	(multiply-duration 1.0 (transpose-diatonic 1 n2))
TR	rel-pitch-3-to-7	1	true	n1 n2	(and (duration>= (duration n1) 8) (not (rest? n1)) (= (note-category n1) C) (= (relative-pitch n1) 3) (duration>= (duration n2) 8) (not (rest? n2)) (= (note-category n2) C) (= (relative-pitch n2) 7) (pitch>= n1 n2))	(multiply-duration 1.0 (transpose-diatonic -1 n1))	(multiply-duration 1.0 (transpose-diatonic b1 n2))
TR	rel-pitch-3	29	true	n1	(and (duration>= (duration n1) 8) (not (rest? n1)) (= (note-category n1) C) (= (relative-pitch n1) 3))	(multiply-duration 1.0 (transpose-diatonic 2 n1))
TR	rel-pitch-3	68	true	n1	(and (duration>= (duration n1) 8) (not (rest? n1)) (= (note-category n1) C) (= (relative-pitch n1) 3))	(multiply-duration 1.0 (transpose-diatonic b1 n1))
TR	rel-pitch-3	17	true	n1	(and (duration>= (duration n1) 8) (not (rest? n1)) (= (note-category n1) C) (= (relative-pitch n1) 3))	(multiply-duration 1.0 (transpose-diatonic #-1 n1))
TR	rel-pitch-3	117	true	n1	(and (duration>= (duration n1) 8) (not (rest? n1)) (= (note-category n1) C) (= (relative-pitch n1) 3))	(multiply-duration 1.0 (transpose-diatonic -1 n1))
TR	rel-pitch-3	238	true	n1	(and (duration>= (duration n1) 8) (not (rest? n1)) (= (note-category n1) C) (= (relative-pitch n1) 3))	(multiply-duration 1.0 (transpose-diatonic 1 n1))
TR	rel-pitch-3	1	true	n1	(and (duration>= (duration n1) 8) (not (rest? n1)) (= (note-category n1) C) (= (relative-pitch n1) 3))	(multiply-duration 0.6666666666666666 (transpose-diatonic b1 n1))	(multiply-duration 0.3333333333333333 (transpose-diatonic -1 n1))
TR	rel-pitch-3	1	true	n1	(and (duration>= (duration n1) 8) (not (rest? n1)) (= (note-category n1) C) (= (relative-pitch n1) 3))	(multiply-duration 0.3333333333333333 (transpose-diatonic 2 n1))	(multiply-duration 0.6666666666666666 (transpose-diatonic b1 n1))
TR	rel-pitch-3	1	true	n1	(and (duration>= (duration n1) 8) (not (rest? n1)) (= (note-category n1) C) (= (relative-pitch n1) 3))	(multiply-duration 0.6666666666666666 (transpose-diatonic b1 n1))	(multiply-duration 0.3333333333333333 (transpose-diatonic 2 n1))
TR	rel-pitch-3	2	true	n1	(and (duration>= (duration n1) 8) (not (rest? n1)) (= (note-category n1) C) (= (relative-pitch n1) 3))	(multiply-duration 0.3333333333333333 (transpose-diatonic -1 n1))	(multiply-duration 0.6666666666666666 (transpose-diatonic 2 n1))
TR	rel-pitch-3	1	true	n1	(and (duration>= (duration n1) 8) (not (rest? n1)) (= (note-category n1) C) (= (relative-pitch n1) 3))	(multiply-duration 0.6666666666666666 (transpose-diatonic 2 n1))	(multiply-duration 0.3333333333333333 (transpose-diatonic -1 n1))
TR	rel-pitch-3	1	true	n1	(and (duration>= (duration n1) 8) (not (rest? n1)) (= (note-category n1) C) (= (relative-pitch n1) 3))	(multiply-duration 0.3333333333333333 (transpose-diatonic #1 n1))	(multiply-duration 0.6666666666666666 (transpose-diatonic 1 n1))
TR	rel-pitch-3	1	true	n1	(and (duration>= (duration n1) 8) (not (rest? n1)) (= (note-category n1) C) (= (relative-pitch n1) 3))	(multiply-duration 0.6666666666666666 (transpose-diatonic 2 n1))	(multiply-duration 0.3333333333333333 (transpose-diatonic #1 n1))
TR	rel-pitch-3	1	true	n1	(and (duration>= (duration n1) 8) (not (rest? n1)) (= (note-category n1) C) (= (relative-pitch n1) 3))	(multiply-duration 0.3333333333333333 (transpose-diatonic 1 n1))	(multiply-duration 0.6666666666666666 (transpose-diatonic #1 n1))
TR	rel-pitch-3	1	true	n1	(and (duration>= (duration n1) 8) (not (rest? n1)) (= (note-category n1) C) (= (relative-pitch n1) 3))	(multiply-duration 0.6666666666666666 (transpose-diatonic -1 n1))	(multiply-duration 0.3333333333333333 (transpose-diatonic 1 n1))
TR	rel-pitch-3	19	true	n1	(and (duration>= (duration n1) 8) (not (rest? n1)) (= (note-category n1) C) (= (relative-pitch n1) 3))	(multiply-duration 1.0 (transpose-diatonic #1 n1))
TR	rel-pitch-3	1	true	n1	(and (duration>= (duration n1) 8) (not (rest? n1)) (= (note-category n1) C) (= (relative-pitch n1) 3))	(multiply-duration 0.6666666666666666 (transpose-diatonic 3 n1))	(multiply-duration 0.3333333333333333 (transpose-diatonic 1 n1))
TR	rel-pitch-3	1	true	n1	(and (duration>= (duration n1) 8) (not (rest? n1)) (= (note-category n1) C) (= (relative-pitch n1) 3))	(multiply-duration 0.3333333333333333 (transpose-diatonic #2 n1))	(multiply-duration 0.6666666666666666 (transpose-diatonic 2 n1))
TR	rel-pitch-3	1	true	n1	(and (duration>= (duration n1) 8) (not (rest? n1)) (= (note-category n1) C) (= (relative-pitch n1) 3))	(multiply-duration 0.3333333333333333 (transpose-diatonic 2 n1))	(multiply-duration 0.6666666666666666 (transpose-diatonic 1 n1))
TR	rel-pitch-3	2	true	n1	(and (duration>= (duration n1) 8) (not (rest? n1)) (= (note-category n1) C) (= (relative-pitch n1) 3))	(multiply-duration 0.6666666666666666 (transpose-diatonic 1 n1))	(multiply-duration 0.3333333333333333 (transpose-diatonic 2 n1))
TR	rel-pitch-3	1	true	n1	(and (duration>= (duration n1) 8) (not (rest? n1)) (= (note-category n1) C) (= (relative-pitch n1) 3))	(multiply-duration 0.5 (transpose-diatonic -1 n1))	(multiply-duration 0.5 (transpose-diatonic 1 n1))
SUB	eighth-first-rel-pitch-5	motif	1	true
TR	rel-pitch-5-to-rest	1	true	n1 n2	(and (duration>= (duration n1) 8) (not (rest? n1)) (= (note-category n1) C) (= (relative-pitch n1) 5) (duration>= (duration n2) 8) (rest? n2))	(multiply-duration 1.0 (transpose-diatonic -1 n1))	n2
TR	rel-pitch-5-to-5	10	true	n1 n2	(and (duration>= (duration n1) 8) (not (rest? n1)) (= (note-category n1) C) (= (relative-pitch n1) 5) (duration>= (duration n2) 8) (not (rest? n2)) (= (note-category n2) C) (= (relative-pitch n2) 5) (pitch>= n1 n2))	(multiply-duration 1.0 (transpose-diatonic -1 n1))	(multiply-duration 1.0 (transpose-diatonic -1 n2))
TR	rel-pitch-5-to-3	6	true	n1 n2	(and (duration>= (duration n1) 8) (not (rest? n1)) (= (note-category n1) C) (= (relative-pitch n1) 5) (duration>= (duration n2) 8) (not (rest? n2)) (= (note-category n2) C) (= (relative-pitch n2) 3) (pitch>= n1 n2))	(multiply-duration 1.0 (transpose-diatonic #1 n1))	(multiply-duration 1.0 (transpose-diatonic 1 n2))
TR	rel-pitch-5-to-7	4	true	n1 n2	(and (duration>= (duration n1) 8) (not (rest? n1)) (= (note-category n1) C) (= (relative-pitch n1) 5) (duration>= (duration n2) 8) (not (rest? n2)) (= (note-category n2) C) (= (relative-pitch n2) 7) (pitch< n1 n2))	(multiply-duration 1.0 (transpose-diatonic 1 n1))	(multiply-duration 1.0 (transpose-diatonic 1 n2))
TR	rel-pitch-5-to-7	1	true	n1 n2	(and (duration>= (duration n1) 8) (not (rest? n1)) (= (note-category n1) C) (= (relative-pitch n1) 5) (duration>= (duration n2) 8) (not (rest? n2)) (= (note-category n2) C) (= (relative-pitch n2) 7) (pitch< n1 n2))	(multiply-duration 1.0 (transpose-diatonic b2 n1))	(multiply-duration 1.0 (transpose-diatonic -1 n2))
TR	rel-pitch-5-to-3	12	true	n1 n2	(and (duration>= (duration n1) 8) (not (rest? n1)) (= (note-category n1) C) (= (relative-pitch n1) 5) (duration>= (duration n2) 8) (not (rest? n2)) (= (note-category n2) C) (= (relative-pitch n2) 3) (pitch>= n1 n2))	(multiply-duration 1.0 (transpose-diatonic -1 n1))	(multiply-duration 1.0 (transpose-diatonic #1 n2))
TR	rel-pitch-5-to-5	2	true	n1 n2	(and (duration>= (duration n1) 8) (not (rest? n1)) (= (note-category n1) C) (= (relative-pitch n1) 5) (duration>= (duration n2) 8) (not (rest? n2)) (= (note-category n2) C) (= (relative-pitch n2) 5) (pitch>= n1 n2))	(multiply-duration 1.0 (transpose-diatonic 1 n1))	(multiply-duration 1.0 (transpose-diatonic b2 n2))
TR	rel-pitch-5-to-7	9	true	n1 n2	(and (duration>= (duration n1) 8) (not (rest? n1)) (= (note-category n1) C) (= (relative-pitch n1) 5) (duration>= (duration n2) 8) (not (rest? n2)) (= (note-category n2) C) (= (relative-pitch n2) 7) (pitch< n1 n2))	(multiply-duration 1.0 (transpose-diatonic 1 n1))	(multiply-duration 1.0 (transpose-diatonic b1 n2))
TR	rel-pitch-5-to-5	3	true	n1 n2	(and (duration>= (duration n1) 8) (not (rest? n1)) (= (note-category n1) C) (= (relative-pitch n1) 5) (duration>= (duration n2) 8) (not (rest? n2)) (= (note-category n2) C) (= (relative-pitch n2) 5) (pitch>= n1 n2))	(multiply-duration 1.0 (transpose-diatonic -1 n1))	(multiply-duration 1.0 (transpose-diatonic #1 n2))
TR	rel-pitch-5-to-3	3	true	n1 n2	(and (duration>= (duration n1) 8) (not (rest? n1)) (= (note-category n1) C) (= (relative-pitch n1) 5) (duration>= (duration n2) 8) (not (rest? n2)) (= (note-category n2) C) (= (relative-pitch n2) 3) (pitch>= n1 n2))	(multiply-duration 1.0 (transpose-diatonic #1 n1))	(multiply-duration 1.0 (transpose-diatonic 2 n2))
TR	rel-pitch-5-to-3	22	true	n1 n2	(and (duration>= (duration n1) 8) (not (rest? n1)) (= (note-category n1) C) (= (relative-pitch n1) 5) (duration>= (duration n2) 8) (not (rest? n2)) (= (note-category n2) C) (= (relative-pitch n2) 3) (pitch>= n1 n2))	(multiply-duration 1.0 (transpose-diatonic 1 n1))	(multiply-duration 1.0 (transpose-diatonic 1 n2))
TR	rel-pitch-5-to-3	7	true	n1 n2	(and (duration>= (duration n1) 8) (not (rest? n1)) (= (note-category n1) C) (= (relative-pitch n1) 5) (duration>= (duration n2) 8) (not (rest? n2)) (= (note-category n2) C) (= (relative-pitch n2) 3) (pitch>= n1 n2))	(multiply-duration 1.0 (transpose-diatonic -1 n1))	(multiply-duration 1.0 (transpose-diatonic 1 n2))
TR	rel-pitch-5-to-5	2	true	n1 n2	(and (duration>= (duration n1) 8) (not (rest? n1)) (= (note-category n1) C) (= (relative-pitch n1) 5) (duration>= (duration n2) 8) (not (rest? n2)) (= (note-category n2) C) (= (relative-pitch n2) 5) (pitch>= n1 n2))	(multiply-duration 1.0 (transpose-diatonic -1 n1))	(multiply-duration 1.0 (transpose-diatonic 1 n2))
TR	rel-pitch-5-to-5	12	true	n1 n2	(and (duration>= (duration n1) 8) (not (rest? n1)) (= (note-category n1) C) (= (relative-pitch n1) 5) (duration>= (duration n2) 8) (not (rest? n2)) (= (note-category n2) C) (= (relative-pitch n2) 5) (pitch>= n1 n2))	(multiply-duration 1.0 (transpose-diatonic 1 n1))	(multiply-duration 1.0 (transpose-diatonic 1 n2))
TR	rel-pitch-5-to-1	3	true	n1 n2	(and (duration>= (duration n1) 8) (not (rest? n1)) (= (note-category n1) C) (= (relative-pitch n1) 5) (duration>= (duration n2) 8) (not (rest? n2)) (= (note-category n2) C) (= (relative-pitch n2) 1) (pitch< n1 n2))	(multiply-duration 1.0 (transpose-diatonic 1 n1))	(multiply-duration 1.0 (transpose-diatonic 1 n2))
TR	rel-pitch-5-to-1	2	true	n1 n2	(and (duration>= (duration n1) 8) (not (rest? n1)) (= (note-category n1) C) (= (relative-pitch n1) 5) (duration>= (duration n2) 8) (not (rest? n2)) (= (note-category n2) C) (= (relative-pitch n2) 1) (pitch>= n1 n2))	(multiply-duration 1.0 (transpose-diatonic 1 n1))	(multiply-duration 1.0 (transpose-diatonic 1 n2))
TR	rel-pitch-5-to-3	6	true	n1 n2	(and (duration>= (duration n1) 8) (not (rest? n1)) (= (note-category n1) C) (= (relative-pitch n1) 5) (duration>= (duration n2) 8) (not (rest? n2)) (= (note-category n2) C) (= (relative-pitch n2) 3) (pitch>= n1 n2))	(multiply-duration 1.0 (transpose-diatonic -1 n1))	(multiply-duration 1.0 (transpose-diatonic -1 n2))
TR	rel-pitch-5-to-5	1	true	n1 n2	(and (duration>= (duration n1) 8) (not (rest? n1)) (= (note-category n1) C) (= (relative-pitch n1) 5) (duration>= (duration n2) 8) (not (rest? n2)) (= (note-category n2) C) (= (relative-pitch n2) 5) (pitch>= n1 n2))	(multiply-duration 0.5 (transpose-diatonic 1 n1))	(multiply-duration 0.5 (transpose-diatonic 2 n1))	(multiply-duration 0.5 (transpose-diatonic 1 n2))	(multiply-duration 0.5 (transpose-diatonic -2 n2))
TR	rel-pitch-5-to-7	2	true	n1 n2	(and (duration>= (duration n1) 8) (not (rest? n1)) (= (note-category n1) C) (= (relative-pitch n1) 5) (duration>= (duration n2) 8) (not (rest? n2)) (= (note-category n2) C) (= (relative-pitch n2) 7) (pitch< n1 n2))	(multiply-duration 1.0 (transpose-diatonic 1 n1))	(multiply-duration 1.0 (transpose-diatonic #-1 n2))
TR	rel-pitch-5-to-3	3	true	n1 n2	(and (duration>= (duration n1) 8) (not (rest? n1)) (= (note-category n1) C) (= (relative-pitch n1) 5) (duration>= (duration n2) 8) (not (rest? n2)) (= (note-category n2) C) (= (relative-pitch n2) 3) (pitch>= n1 n2))	(multiply-duration 1.0 (transpose-diatonic -1 n1))	(multiply-duration 1.0 (transpose-diatonic #-1 n2))
TR	rel-pitch-5-to-5	3	true	n1 n2	(and (duration>= (duration n1) 8) (not (rest? n1)) (= (note-category n1) C) (= (relative-pitch n1) 5) (duration>= (duration n2) 8) (not (rest? n2)) (= (note-category n2) C) (= (relative-pitch n2) 5) (pitch>= n1 n2))	(multiply-duration 1.0 (transpose-diatonic #1 n1))	(multiply-duration 1.0 (transpose-diatonic #1 n2))
TR	rel-pitch-5-to-7	17	true	n1 n2	(and (duration>= (duration n1) 8) (not (rest? n1)) (= (note-category n1) C) (= (relative-pitch n1) 5) (duration>= (duration n2) 8) (not (rest? n2)) (= (note-category n2) C) (= (relative-pitch n2) 7) (pitch< n1 n2))	(multiply-duration 1.0 (transpose-diatonic 1 n1))	(multiply-duration 1.0 (transpose-diatonic -1 n2))
TR	rel-pitch-5-to-#4	6	true	n1 n2	(and (duration>= (duration n1) 8) (not (rest? n1)) (= (note-category n1) C) (= (relative-pitch n1) 5) (duration>= (duration n2) 8) (not (rest? n2)) (= (note-category n2) C) (= (relative-pitch n2) #4) (pitch>= n1 n2))	(multiply-duration 1.0 (transpose-diatonic 1 n1))	(multiply-duration 1.0 (transpose-diatonic 1 n2))
TR	rel-pitch-5-to-3	1	true	n1 n2	(and (duration>= (duration n1) 8) (not (rest? n1)) (= (note-category n1) C) (= (relative-pitch n1) 5) (duration>= (duration n2) 8) (not (rest? n2)) (= (note-category n2) C) (= (relative-pitch n2) 3) (pitch>= n1 n2))	(multiply-duration 1.0 (transpose-diatonic 1 n1))	(multiply-duration 1.0 (transpose-diatonic #1 n2))
TR	rel-pitch-5-to-5	3	true	n1 n2	(and (duration>= (duration n1) 8) (not (rest? n1)) (= (note-category n1) C) (= (relative-pitch n1) 5) (duration>= (duration n2) 8) (not (rest? n2)) (= (note-category n2) C) (= (relative-pitch n2) 5) (pitch>= n1 n2))	(multiply-duration 1.0 (transpose-diatonic 1 n1))	(multiply-duration 1.0 (transpose-diatonic b1 n2))
TR	rel-pitch-5-to-5	1	true	n1 n2	(and (duration>= (duration n1) 8) (not (rest? n1)) (= (note-category n1) C) (= (relative-pitch n1) 5) (duration>= (duration n2) 8) (not (rest? n2)) (= (note-category n2) C) (= (relative-pitch n2) 5) (pitch>= n1 n2))	(multiply-duration 1.0 (transpose-diatonic b1 n1))	(multiply-duration 1.0 (transpose-diatonic b2 n2))
TR	rel-pitch-5-to-5	1	true	n1 n2	(and (duration>= (duration n1) 8) (not (rest? n1)) (= (note-category n1) C) (= (relative-pitch n1) 5) (duration>= (duration n2) 8) (not (rest? n2)) (= (note-category n2) C) (= (relative-pitch n2) 5) (pitch>= n1 n2))	(multiply-duration 1.0 (transpose-diatonic b2 n1))	(multiply-duration 1.0 (transpose-diatonic -1 n2))
TR	rel-pitch-5-to-7	4	true	n1 n2	(and (duration>= (duration n1) 8) (not (rest? n1)) (= (note-category n1) C) (= (relative-pitch n1) 5) (duration>= (duration n2) 8) (not (rest? n2)) (= (note-category n2) C) (= (relative-pitch n2) 7) (pitch< n1 n2))	(multiply-duration 1.0 (transpose-diatonic #1 n1))	(multiply-duration 1.0 (transpose-diatonic 1 n2))
TR	rel-pitch-5-to-7	1	true	n1 n2	(and (duration>= (duration n1) 8) (not (rest? n1)) (= (note-category n1) C) (= (relative-pitch n1) 5) (duration>= (duration n2) 8) (not (rest? n2)) (= (note-category n2) C) (= (relative-pitch n2) 7) (pitch>= n1 n2))	(multiply-duration 1.0 (transpose-diatonic 1 n1))	(multiply-duration 1.0 (transpose-diatonic #-1 n2))
TR	rel-pitch-5-to-5	2	true	n1 n2	(and (duration>= (duration n1) 8) (not (rest? n1)) (= (note-category n1) C) (= (relative-pitch n1) 5) (duration>= (duration n2) 8) (not (rest? n2)) (= (note-category n2) C) (= (relative-pitch n2) 5) (pitch>= n1 n2))	(multiply-duration 1.0 (transpose-diatonic #1 n1))	(multiply-duration 1.0 (transpose-diatonic 1 n2))
TR	rel-pitch-5-to-3	1	true	n1 n2	(and (duration>= (duration n1) 8) (not (rest? n1)) (= (note-category n1) C) (= (relative-pitch n1) 5) (duration>= (duration n2) 8) (not (rest? n2)) (= (note-category n2) C) (= (relative-pitch n2) 3) (pitch>= n1 n2))	(multiply-duration 1.0 (transpose-diatonic #-1 n1))	(multiply-duration 1.0 (transpose-diatonic -1 n2))
TR	rel-pitch-5-to-3	1	true	n1 n2	(and (duration>= (duration n1) 8) (not (rest? n1)) (= (note-category n1) C) (= (relative-pitch n1) 5) (duration>= (duration n2) 8) (not (rest? n2)) (= (note-category n2) C) (= (relative-pitch n2) 3) (pitch>= n1 n2))	(multiply-duration 1.0 (transpose-diatonic #-1 n1))	(multiply-duration 1.0 (transpose-diatonic b1 n2))
TR	rel-pitch-5-to-5	1	true	n1 n2	(and (duration>= (duration n1) 8) (not (rest? n1)) (= (note-category n1) C) (= (relative-pitch n1) 5) (duration>= (duration n2) 8) (not (rest? n2)) (= (note-category n2) C) (= (relative-pitch n2) 5) (pitch>= n1 n2))	(multiply-duration 0.6666666666666666 (transpose-diatonic 2 n1))	(multiply-duration 0.3333333333333333 (transpose-diatonic -1 n1))	(multiply-duration 0.3333333333333333 (transpose-diatonic -1 n2))	(multiply-duration 0.6666666666666666 (transpose-diatonic 2 n2))
TR	rel-pitch-5-to-5	1	true	n1 n2	(and (duration>= (duration n1) 8) (not (rest? n1)) (= (note-category n1) C) (= (relative-pitch n1) 5) (duration>= (duration n2) 8) (not (rest? n2)) (= (note-category n2) C) (= (relative-pitch n2) 5) (pitch>= n1 n2))	(multiply-duration 0.6666666666666666 (transpose-diatonic 1 n1))	(multiply-duration 0.3333333333333333 (transpose-diatonic -2 n1))	(multiply-duration 0.3333333333333333 (transpose-diatonic -2 n2))	(multiply-duration 0.6666666666666666 (transpose-diatonic 1 n2))
TR	rel-pitch-5-to-1	1	true	n1 n2	(and (duration>= (duration n1) 8) (not (rest? n1)) (= (note-category n1) C) (= (relative-pitch n1) 5) (duration>= (duration n2) 8) (not (rest? n2)) (= (note-category n2) C) (= (relative-pitch n2) 1) (pitch>= n1 n2))	(multiply-duration 1.0 (transpose-diatonic -1 n1))	(multiply-duration 1.0 (transpose-diatonic 2 n2))
TR	rel-pitch-5-to-3	5	true	n1 n2	(and (duration>= (duration n1) 8) (not (rest? n1)) (= (note-category n1) C) (= (relative-pitch n1) 5) (duration>= (duration n2) 8) (not (rest? n2)) (= (note-category n2) C) (= (relative-pitch n2) 3) (pitch>= n1 n2))	(multiply-duration 1.0 (transpose-diatonic 1 n1))	(multiply-duration 1.0 (transpose-diatonic 2 n2))
TR	rel-pitch-5-to-5	4	true	n1 n2	(and (duration>= (duration n1) 8) (not (rest? n1)) (= (note-category n1) C) (= (relative-pitch n1) 5) (duration>= (duration n2) 8) (not (rest? n2)) (= (note-category n2) C) (= (relative-pitch n2) 5) (pitch>= n1 n2))	(multiply-duration 1.0 (transpose-diatonic 1 n1))	(multiply-duration 1.0 (transpose-diatonic -1 n2))
TR	rel-pitch-5-to-7	1	true	n1 n2	(and (duration>= (duration n1) 8) (not (rest? n1)) (= (note-category n1) C) (= (relative-pitch n1) 5) (duration>= (duration n2) 8) (not (rest? n2)) (= (note-category n2) C) (= (relative-pitch n2) 7) (pitch< n1 n2))	(multiply-duration 1.0 (transpose-diatonic b2 n1))	(multiply-duration 1.0 (transpose-diatonic b1 n2))
TR	rel-pitch-5-to-#4	1	true	n1 n2	(and (duration>= (duration n1) 8) (not (rest? n1)) (= (note-category n1) C) (= (relative-pitch n1) 5) (duration>= (duration n2) 8) (not (rest? n2)) (= (note-category n2) C) (= (relative-pitch n2) #4) (pitch>= n1 n2))	(multiply-duration 1.0 (transpose-diatonic #1 n1))	(multiply-duration 1.0 (transpose-diatonic 1 n2))
TR	rel-pitch-5-to-5	1	true	n1 n2	(and (duration>= (duration n1) 8) (not (rest? n1)) (= (note-category n1) C) (= (relative-pitch n1) 5) (duration>= (duration n2) 8) (not (rest? n2)) (= (note-category n2) C) (= (relative-pitch n2) 5) (pitch>= n1 n2))	(multiply-duration 0.6666666666666666 (transpose-diatonic 1 n1))	(multiply-duration 0.3333333333333333 (transpose-diatonic #1 n1))	(multiply-duration 0.3333333333333333 (transpose-diatonic #1 n2))	(multiply-duration 0.6666666666666666 (transpose-diatonic 1 n2))
TR	rel-pitch-5-to-#4	2	true	n1 n2	(and (duration>= (duration n1) 8) (not (rest? n1)) (= (note-category n1) C) (= (relative-pitch n1) 5) (duration>= (duration n2) 8) (not (rest? n2)) (= (note-category n2) C) (= (relative-pitch n2) #4) (pitch>= n1 n2))	(multiply-duration 1.0 (transpose-diatonic 1 n1))	(multiply-duration 1.0 (transpose-diatonic b1 n2))
TR	rel-pitch-5-to-7	2	true	n1 n2	(and (duration>= (duration n1) 8) (not (rest? n1)) (= (note-category n1) C) (= (relative-pitch n1) 5) (duration>= (duration n2) 8) (not (rest? n2)) (= (note-category n2) C) (= (relative-pitch n2) 7) (pitch< n1 n2))	(multiply-duration 1.0 (transpose-diatonic #1 n1))	(multiply-duration 1.0 (transpose-diatonic -1 n2))
TR	rel-pitch-5-to-5	1	true	n1 n2	(and (duration>= (duration n1) 8) (not (rest? n1)) (= (note-category n1) C) (= (relative-pitch n1) 5) (duration>= (duration n2) 8) (not (rest? n2)) (= (note-category n2) C) (= (relative-pitch n2) 5) (pitch>= n1 n2))	(multiply-duration 1.0 (transpose-diatonic #-1 n1))	(multiply-duration 1.0 (transpose-diatonic 1 n2))
TR	rel-pitch-5-to-3	1	true	n1 n2	(and (duration>= (duration n1) 8) (not (rest? n1)) (= (note-category n1) C) (= (relative-pitch n1) 5) (duration>= (duration n2) 8) (not (rest? n2)) (= (note-category n2) C) (= (relative-pitch n2) 3) (pitch< n1 n2))	(multiply-duration 1.0 (transpose-diatonic #1 n1))	(multiply-duration 1.0 (transpose-diatonic #-1 n2))
TR	rel-pitch-5-to-3	4	true	n1 n2	(and (duration>= (duration n1) 8) (not (rest? n1)) (= (note-category n1) C) (= (relative-pitch n1) 5) (duration>= (duration n2) 8) (not (rest? n2)) (= (note-category n2) C) (= (relative-pitch n2) 3) (pitch< n1 n2))	(multiply-duration 1.0 (transpose-diatonic 1 n1))	(multiply-duration 1.0 (transpose-diatonic -1 n2))
TR	rel-pitch-5-to-1	1	true	n1 n2	(and (duration>= (duration n1) 8) (not (rest? n1)) (= (note-category n1) C) (= (relative-pitch n1) 5) (duration>= (duration n2) 8) (not (rest? n2)) (= (note-category n2) C) (= (relative-pitch n2) 1) (pitch< n1 n2))	(multiply-duration 1.0 (transpose-diatonic #1 n1))	(multiply-duration 1.0 (transpose-diatonic 1 n2))
TR	rel-pitch-5-to-1	2	true	n1 n2	(and (duration>= (duration n1) 8) (not (rest? n1)) (= (note-category n1) C) (= (relative-pitch n1) 5) (duration>= (duration n2) 8) (not (rest? n2)) (= (note-category n2) C) (= (relative-pitch n2) 1) (pitch< n1 n2))	(multiply-duration 1.0 (transpose-diatonic #1 n1))	(multiply-duration 1.0 (transpose-diatonic #-1 n2))
TR	rel-pitch-5-to-7	1	true	n1 n2	(and (duration>= (duration n1) 8) (not (rest? n1)) (= (note-category n1) C) (= (relative-pitch n1) 5) (duration>= (duration n2) 8) (not (rest? n2)) (= (note-category n2) C) (= (relative-pitch n2) 7) (pitch< n1 n2))	(multiply-duration 0.6666666666666666 (transpose-diatonic -2 n1))	(multiply-duration 0.3333333333333333 (transpose-diatonic 1 n1))	(multiply-duration 0.3333333333333333 (transpose-diatonic -2 n2))	(multiply-duration 0.6666666666666666 (transpose-diatonic 1 n2))
TR	rel-pitch-5-to-b2	1	true	n1 n2	(and (duration>= (duration n1) 8) (not (rest? n1)) (= (note-category n1) C) (= (relative-pitch n1) 5) (duration>= (duration n2) 8) (not (rest? n2)) (= (note-category n2) C) (= (relative-pitch n2) b2) (pitch>= n1 n2))	(multiply-duration 1.0 (transpose-diatonic 1 n1))	(multiply-duration 1.0 (transpose-diatonic 1 n2))
TR	rel-pitch-5-to-3	2	true	n1 n2	(and (duration>= (duration n1) 8) (not (rest? n1)) (= (note-category n1) C) (= (relative-pitch n1) 5) (duration>= (duration n2) 8) (not (rest? n2)) (= (note-category n2) C) (= (relative-pitch n2) 3) (pitch>= n1 n2))	(multiply-duration 1.0 (transpose-diatonic b1 n1))	(multiply-duration 1.0 (transpose-diatonic -1 n2))
TR	rel-pitch-5-to-5	4	true	n1 n2	(and (duration>= (duration n1) 8) (not (rest? n1)) (= (note-category n1) C) (= (relative-pitch n1) 5) (duration>= (duration n2) 8) (not (rest? n2)) (= (note-category n2) C) (= (relative-pitch n2) 5) (pitch>= n1 n2))	(multiply-duration 1.0 (transpose-diatonic #1 n1))	(multiply-duration 1.0 (transpose-diatonic #-1 n2))
TR	rel-pitch-5-to-7	2	true	n1 n2	(and (duration>= (duration n1) 8) (not (rest? n1)) (= (note-category n1) C) (= (relative-pitch n1) 5) (duration>= (duration n2) 8) (not (rest? n2)) (= (note-category n2) C) (= (relative-pitch n2) 7) (pitch< n1 n2))	(multiply-duration 1.0 (transpose-diatonic -1 n1))	(multiply-duration 1.0 (transpose-diatonic -1 n2))
TR	rel-pitch-5-to-rest	1	true	n1 n2	(and (duration>= (duration n1) 8) (not (rest? n1)) (= (note-category n1) C) (= (relative-pitch n1) 5) (duration>= (duration n2) 8) (rest? n2))	(multiply-duration 1.0 (transpose-diatonic #1 n1))	n2
TR	rel-pitch-5-to-3	1	true	n1 n2	(and (duration>= (duration n1) 8) (not (rest? n1)) (= (note-category n1) C) (= (relative-pitch n1) 5) (duration>= (duration n2) 8) (not (rest? n2)) (= (note-category n2) C) (= (relative-pitch n2) 3) (pitch>= n1 n2))	(multiply-duration 1.0 (transpose-diatonic 1 n1))	(multiply-duration 1.0 (transpose-diatonic b1 n2))
TR	rel-pitch-5-to-3	1	true	n1 n2	(and (duration>= (duration n1) 8) (not (rest? n1)) (= (note-category n1) C) (= (relative-pitch n1) 5) (duration>= (duration n2) 8) (not (rest? n2)) (= (note-category n2) C) (= (relative-pitch n2) 3) (pitch>= n1 n2))	(multiply-duration 1.0 (transpose-diatonic 1 n1))	(multiply-duration 1.0 (transpose-diatonic #-1 n2))
TR	rel-pitch-5-to-3	1	true	n1 n2	(and (duration>= (duration n1) 8) (not (rest? n1)) (= (note-category n1) C) (= (relative-pitch n1) 5) (duration>= (duration n2) 8) (not (rest? n2)) (= (note-category n2) C) (= (relative-pitch n2) 3) (pitch>= n1 n2))	(multiply-duration 0.6666666666666666 (transpose-diatonic 1 n1))	(multiply-duration 0.3333333333333333 (transpose-diatonic #-1 n1))	(multiply-duration 0.3333333333333333 (transpose-diatonic #2 n2))	(multiply-duration 0.6666666666666666 (transpose-diatonic 2 n2))
TR	rel-pitch-5-to-5	1	true	n1 n2	(and (duration>= (duration n1) 8) (not (rest? n1)) (= (note-category n1) C) (= (relative-pitch n1) 5) (duration>= (duration n2) 8) (not (rest? n2)) (= (note-category n2) C) (= (relative-pitch n2) 5) (pitch>= n1 n2))	(multiply-duration 0.6666666666666666 (transpose-diatonic -2 n1))	(multiply-duration 0.3333333333333333 (transpose-diatonic 1 n1))	(multiply-duration 0.3333333333333333 (transpose-diatonic 1 n2))	(multiply-duration 0.6666666666666666 (transpose-diatonic b3 n2))
TR	rel-pitch-5-to-5	1	true	n1 n2	(and (duration>= (duration n1) 8) (not (rest? n1)) (= (note-category n1) C) (= (relative-pitch n1) 5) (duration>= (duration n2) 8) (not (rest? n2)) (= (note-category n2) C) (= (relative-pitch n2) 5) (pitch>= n1 n2))	(multiply-duration 1.0 (transpose-diatonic b2 n1))	(multiply-duration 1.0 (transpose-diatonic b1 n2))
TR	rel-pitch-5	1	true	n1	(and (duration>= (duration n1) 8) (not (rest? n1)) (= (note-category n1) C) (= (relative-pitch n1) 5))	(multiply-duration 0.5 (transpose-diatonic #1 n1))	(multiply-duration 0.5 (transpose-diatonic #-1 n1))
TR	rel-pitch-5	10	true	n1	(and (duration>= (duration n1) 8) (not (rest? n1)) (= (note-category n1) C) (= (relative-pitch n1) 5))	(multiply-duration 1.0 (transpose-diatonic b2 n1))
TR	rel-pitch-5	68	true	n1	(and (duration>= (duration n1) 8) (not (rest? n1)) (= (note-category n1) C) (= (relative-pitch n1) 5))	(multiply-duration 1.0 (transpose-diatonic #1 n1))
TR	rel-pitch-5	98	true	n1	(and (duration>= (duration n1) 8) (not (rest? n1)) (= (note-category n1) C) (= (relative-pitch n1) 5))	(multiply-duration 1.0 (transpose-diatonic -1 n1))
TR	rel-pitch-5	226	true	n1	(and (duration>= (duration n1) 8) (not (rest? n1)) (= (note-category n1) C) (= (relative-pitch n1) 5))	(multiply-duration 1.0 (transpose-diatonic 1 n1))
TR	rel-pitch-5	1	true	n1	(and (duration>= (duration n1) 8) (not (rest? n1)) (= (note-category n1) C) (= (relative-pitch n1) 5))	(multiply-duration 0.5 (transpose-diatonic 1 n1))	(multiply-duration 0.5 (transpose-diatonic -2 n1))
TR	rel-pitch-5	1	true	n1	(and (duration>= (duration n1) 8) (not (rest? n1)) (= (note-category n1) C) (= (relative-pitch n1) 5))	(multiply-duration 0.5 (transpose-diatonic 1 n1))	(multiply-duration 0.5 (transpose-diatonic 2 n1))
TR	rel-pitch-5	15	true	n1	(and (duration>= (duration n1) 8) (not (rest? n1)) (= (note-category n1) C) (= (relative-pitch n1) 5))	(multiply-duration 1.0 (transpose-diatonic #-1 n1))
TR	rel-pitch-5	9	true	n1	(and (duration>= (duration n1) 8) (not (rest? n1)) (= (note-category n1) C) (= (relative-pitch n1) 5))	(multiply-duration 1.0 (transpose-diatonic b1 n1))
TR	rel-pitch-5	1	true	n1	(and (duration>= (duration n1) 8) (not (rest? n1)) (= (note-category n1) C) (= (relative-pitch n1) 5))	(multiply-duration 0.3333333333333333 (transpose-diatonic -1 n1))	(multiply-duration 0.6666666666666666 (transpose-diatonic 2 n1))
TR	rel-pitch-5	1	true	n1	(and (duration>= (duration n1) 8) (not (rest? n1)) (= (note-category n1) C) (= (relative-pitch n1) 5))	(multiply-duration 0.6666666666666666 (transpose-diatonic 2 n1))	(multiply-duration 0.3333333333333333 (transpose-diatonic -1 n1))
TR	rel-pitch-5	1	true	n1	(and (duration>= (duration n1) 8) (not (rest? n1)) (= (note-category n1) C) (= (relative-pitch n1) 5))	(multiply-duration 0.3333333333333333 (transpose-diatonic -2 n1))	(multiply-duration 0.6666666666666666 (transpose-diatonic 1 n1))
TR	rel-pitch-5	1	true	n1	(and (duration>= (duration n1) 8) (not (rest? n1)) (= (note-category n1) C) (= (relative-pitch n1) 5))	(multiply-duration 0.6666666666666666 (transpose-diatonic 1 n1))	(multiply-duration 0.3333333333333333 (transpose-diatonic -2 n1))
TR	rel-pitch-5	1	true	n1	(and (duration>= (duration n1) 8) (not (rest? n1)) (= (note-category n1) C) (= (relative-pitch n1) 5))	(multiply-duration 0.3333333333333333 (transpose-diatonic #1 n1))	(multiply-duration 0.6666666666666666 (transpose-diatonic 1 n1))
TR	rel-pitch-5	1	true	n1	(and (duration>= (duration n1) 8) (not (rest? n1)) (= (note-category n1) C) (= (relative-pitch n1) 5))	(multiply-duration 0.6666666666666666 (transpose-diatonic 1 n1))	(multiply-duration 0.3333333333333333 (transpose-diatonic #1 n1))
TR	rel-pitch-5	2	true	n1	(and (duration>= (duration n1) 8) (not (rest? n1)) (= (note-category n1) C) (= (relative-pitch n1) 5))	(multiply-duration 0.6666666666666666 (transpose-diatonic -2 n1))	(multiply-duration 0.3333333333333333 (transpose-diatonic 1 n1))
TR	rel-pitch-5	1	true	n1	(and (duration>= (duration n1) 8) (not (rest? n1)) (= (note-category n1) C) (= (relative-pitch n1) 5))	(multiply-duration 0.6666666666666666 (transpose-diatonic 1 n1))	(multiply-duration 0.3333333333333333 (transpose-diatonic #-1 n1))
TR	rel-pitch-5	1	true	n1	(and (duration>= (duration n1) 8) (not (rest? n1)) (= (note-category n1) C) (= (relative-pitch n1) 5))	(multiply-duration 0.3333333333333333 (transpose-diatonic 1 n1))	(multiply-duration 0.6666666666666666 (transpose-diatonic b3 n1))
SUB	eighth-first-rel-pitch-1	motif	1	true
TR	rel-pitch-1-to-3	5	true	n1 n2	(and (duration>= (duration n1) 8) (not (rest? n1)) (= (note-category n1) C) (= (relative-pitch n1) 1) (duration>= (duration n2) 8) (not (rest? n2)) (= (note-category n2) C) (= (relative-pitch n2) 3) (pitch< n1 n2))	(multiply-duration 1.0 (transpose-diatonic 1 n1))	(multiply-duration 1.0 (transpose-diatonic b1 n2))
TR	rel-pitch-1-to-6	3	true	n1 n2	(and (duration>= (duration n1) 8) (not (rest? n1)) (= (note-category n1) C) (= (relative-pitch n1) 1) (duration>= (duration n2) 8) (not (rest? n2)) (= (note-category n2) C) (= (relative-pitch n2) 6) (pitch>= n1 n2))	(multiply-duration 1.0 (transpose-diatonic 1 n1))	(multiply-duration 1.0 (transpose-diatonic #-1 n2))
TR	rel-pitch-1-to-5	1	true	n1 n2	(and (duration>= (duration n1) 8) (not (rest? n1)) (= (note-category n1) C) (= (relative-pitch n1) 1) (duration>= (duration n2) 8) (not (rest? n2)) (= (note-category n2) C) (= (relative-pitch n2) 5) (pitch>= n1 n2))	(multiply-duration 1.0 (transpose-diatonic 1 n1))	(multiply-duration 1.0 (transpose-diatonic b2 n2))
TR	rel-pitch-1-to-3	22	true	n1 n2	(and (duration>= (duration n1) 8) (not (rest? n1)) (= (note-category n1) C) (= (relative-pitch n1) 1) (duration>= (duration n2) 8) (not (rest? n2)) (= (note-category n2) C) (= (relative-pitch n2) 3) (pitch< n1 n2))	(multiply-duration 1.0 (transpose-diatonic 1 n1))	(multiply-duration 1.0 (transpose-diatonic -1 n2))
TR	rel-pitch-1-to-1	2	true	n1 n2	(and (duration>= (duration n1) 8) (not (rest? n1)) (= (note-category n1) C) (= (relative-pitch n1) 1) (duration>= (duration n2) 8) (not (rest? n2)) (= (note-category n2) C) (= (relative-pitch n2) 1) (pitch>= n1 n2))	(multiply-duration 1.0 (transpose-diatonic b2 n1))	(multiply-duration 1.0 (transpose-diatonic 1 n2))
TR	rel-pitch-1-to-7	2	true	n1 n2	(and (duration>= (duration n1) 8) (not (rest? n1)) (= (note-category n1) C) (= (relative-pitch n1) 1) (duration>= (duration n2) 8) (not (rest? n2)) (= (note-category n2) C) (= (relative-pitch n2) 7) (pitch>= n1 n2))	(multiply-duration 1.0 (transpose-diatonic 2 n1))	(multiply-duration 1.0 (transpose-diatonic 1 n2))
TR	rel-pitch-1-to-3	9	true	n1 n2	(and (duration>= (duration n1) 8) (not (rest? n1)) (= (note-category n1) C) (= (relative-pitch n1) 1) (duration>= (duration n2) 8) (not (rest? n2)) (= (note-category n2) C) (= (relative-pitch n2) 3) (pitch< n1 n2))	(multiply-duration 1.0 (transpose-diatonic 1 n1))	(multiply-duration 1.0 (transpose-diatonic 1 n2))
TR	rel-pitch-1-to-7	5	true	n1 n2	(and (duration>= (duration n1) 8) (not (rest? n1)) (= (note-category n1) C) (= (relative-pitch n1) 1) (duration>= (duration n2) 8) (not (rest? n2)) (= (note-category n2) C) (= (relative-pitch n2) 7) (pitch>= n1 n2))	(multiply-duration 1.0 (transpose-diatonic 1 n1))	(multiply-duration 1.0 (transpose-diatonic b1 n2))
TR	rel-pitch-1-to-1	11	true	n1 n2	(and (duration>= (duration n1) 8) (not (rest? n1)) (= (note-category n1) C) (= (relative-pitch n1) 1) (duration>= (duration n2) 8) (not (rest? n2)) (= (note-category n2) C) (= (relative-pitch n2) 1) (pitch>= n1 n2))	(multiply-duration 1.0 (transpose-diatonic 1 n1))	(multiply-duration 1.0 (transpose-diatonic 1 n2))
TR	rel-pitch-1-to-7	9	true	n1 n2	(and (duration>= (duration n1) 8) (not (rest? n1)) (= (note-category n1) C) (= (relative-pitch n1) 1) (duration>= (duration n2) 8) (not (rest? n2)) (= (note-category n2) C) (= (relative-pitch n2) 7) (pitch>= n1 n2))	(multiply-duration 1.0 (transpose-diatonic 1 n1))	(multiply-duration 1.0 (transpose-diatonic -1 n2))
TR	rel-pitch-1-to-5	2	true	n1 n2	(and (duration>= (duration n1) 8) (not (rest? n1)) (= (note-category n1) C) (= (relative-pitch n1) 1) (duration>= (duration n2) 8) (not (rest? n2)) (= (note-category n2) C) (= (relative-pitch n2) 5) (pitch>= n1 n2))	(multiply-duration 1.0 (transpose-diatonic 1 n1))	(multiply-duration 1.0 (transpose-diatonic #1 n2))
TR	rel-pitch-1-to-3	2	true	n1 n2	(and (duration>= (duration n1) 8) (not (rest? n1)) (= (note-category n1) C) (= (relative-pitch n1) 1) (duration>= (duration n2) 8) (not (rest? n2)) (= (note-category n2) C) (= (relative-pitch n2) 3) (pitch< n1 n2))	(multiply-duration 1.0 (transpose-diatonic b2 n1))	(multiply-duration 1.0 (transpose-diatonic 1 n2))
TR	rel-pitch-1-to-3	1	true	n1 n2	(and (duration>= (duration n1) 8) (not (rest? n1)) (= (note-category n1) C) (= (relative-pitch n1) 1) (duration>= (duration n2) 8) (not (rest? n2)) (= (note-category n2) C) (= (relative-pitch n2) 3) (pitch< n1 n2))	(multiply-duration 1.0 (transpose-diatonic 2 n1))	(multiply-duration 1.0 (transpose-diatonic #-1 n2))
TR	rel-pitch-1-to-6	6	true	n1 n2	(and (duration>= (duration n1) 8) (not (rest? n1)) (= (note-category n1) C) (= (relative-pitch n1) 1) (duration>= (duration n2) 8) (not (rest? n2)) (= (note-category n2) C) (= (relative-pitch n2) 6) (pitch>= n1 n2))	(multiply-duration 1.0 (transpose-diatonic 1 n1))	(multiply-duration 1.0 (transpose-diatonic 1 n2))
TR	rel-pitch-1-to-6	1	true	n1 n2	(and (duration>= (duration n1) 8) (not (rest? n1)) (= (note-category n1) C) (= (relative-pitch n1) 1) (duration>= (duration n2) 8) (not (rest? n2)) (= (note-category n2) C) (= (relative-pitch n2) 6) (pitch>= n1 n2))	(multiply-duration 1.0 (transpose-diatonic #-1 n1))	(multiply-duration 1.0 (transpose-diatonic 1 n2))
TR	rel-pitch-1-to-7	2	true	n1 n2	(and (duration>= (duration n1) 8) (not (rest? n1)) (= (note-category n1) C) (= (relative-pitch n1) 1) (duration>= (duration n2) 8) (not (rest? n2)) (= (note-category n2) C) (= (relative-pitch n2) 7) (pitch>= n1 n2))	(multiply-duration 1.0 (transpose-diatonic b2 n1))	(multiply-duration 1.0 (transpose-diatonic -1 n2))
TR	rel-pitch-1-to-1	8	true	n1 n2	(and (duration>= (duration n1) 8) (not (rest? n1)) (= (note-category n1) C) (= (relative-pitch n1) 1) (duration>= (duration n2) 8) (not (rest? n2)) (= (note-category n2) C) (= (relative-pitch n2) 1) (pitch>= n1 n2))	(multiply-duration 1.0 (transpose-diatonic 1 n1))	(multiply-duration 1.0 (transpose-diatonic #-1 n2))
TR	rel-pitch-1-to-1	7	true	n1 n2	(and (duration>= (duration n1) 8) (not (rest? n1)) (= (note-category n1) C) (= (relative-pitch n1) 1) (duration>= (duration n2) 8) (not (rest? n2)) (= (note-category n2) C) (= (relative-pitch n2) 1) (pitch>= n1 n2))	(multiply-duration 1.0 (transpose-diatonic b2 n1))	(multiply-duration 1.0 (transpose-diatonic #-1 n2))
TR	rel-pitch-1-to-5	14	true	n1 n2	(and (duration>= (duration n1) 8) (not (rest? n1)) (= (note-category n1) C) (= (relative-pitch n1) 1) (duration>= (duration n2) 8) (not (rest? n2)) (= (note-category n2) C) (= (relative-pitch n2) 5) (pitch>= n1 n2))	(multiply-duration 1.0 (transpose-diatonic 1 n1))	(multiply-duration 1.0 (transpose-diatonic 1 n2))
TR	rel-pitch-1-to-1	1	true	n1 n2	(and (duration>= (duration n1) 8) (not (rest? n1)) (= (note-category n1) C) (= (relative-pitch n1) 1) (duration>= (duration n2) 8) (not (rest? n2)) (= (note-category n2) C) (= (relative-pitch n2) 1) (pitch>= n1 n2))	(multiply-duration 1.0 (transpose-diatonic 2 n1))	(multiply-duration 1.0 (transpose-diatonic #-1 n2))
TR	rel-pitch-1-to-7	1	true	n1 n2	(and (duration>= (duration n1) 8) (not (rest? n1)) (= (note-category n1) C) (= (relative-pitch n1) 1) (duration>= (duration n2) 8) (not (rest? n2)) (= (note-category n2) C) (= (relative-pitch n2) 7) (pitch>= n1 n2))	(multiply-duration 1.0 (transpose-diatonic 1 n1))	(multiply-duration 1.0 (transpose-diatonic #-1 n2))
TR	rel-pitch-1-to-5	2	true	n1 n2	(and (duration>= (duration n1) 8) (not (rest? n1)) (= (note-category n1) C) (= (relative-pitch n1) 1) (duration>= (duration n2) 8) (not (rest? n2)) (= (note-category n2) C) (= (relative-pitch n2) 5) (pitch< n1 n2))	(multiply-duration 1.0 (transpose-diatonic 1 n1))	(multiply-duration 1.0 (transpose-diatonic -1 n2))
TR	rel-pitch-1-to-5	1	true	n1 n2	(and (duration>= (duration n1) 8) (not (rest? n1)) (= (note-category n1) C) (= (relative-pitch n1) 1) (duration>= (duration n2) 8) (not (rest? n2)) (= (note-category n2) C) (= (relative-pitch n2) 5) (pitch< n1 n2))	(multiply-duration 1.0 (transpose-diatonic #-1 n1))	(multiply-duration 1.0 (transpose-diatonic 1 n2))
TR	rel-pitch-1-to-1	1	true	n1 n2	(and (duration>= (duration n1) 8) (not (rest? n1)) (= (note-category n1) C) (= (relative-pitch n1) 1) (duration>= (duration n2) 8) (not (rest? n2)) (= (note-category n2) C) (= (relative-pitch n2) 1) (pitch>= n1 n2))	(multiply-duration 1.0 (transpose-diatonic #-1 n1))	(multiply-duration 1.0 (transpose-diatonic b2 n2))
TR	rel-pitch-1-to-3	3	true	n1 n2	(and (duration>= (duration n1) 8) (not (rest? n1)) (= (note-category n1) C) (= (relative-pitch n1) 1) (duration>= (duration n2) 8) (not (rest? n2)) (= (note-category n2) C) (= (relative-pitch n2) 3) (pitch< n1 n2))	(multiply-duration 1.0 (transpose-diatonic 1 n1))	(multiply-duration 1.0 (transpose-diatonic #-1 n2))
TR	rel-pitch-1-to-7	10	true	n1 n2	(and (duration>= (duration n1) 8) (not (rest? n1)) (= (note-category n1) C) (= (relative-pitch n1) 1) (duration>= (duration n2) 8) (not (rest? n2)) (= (note-category n2) C) (= (relative-pitch n2) 7) (pitch>= n1 n2))	(multiply-duration 1.0 (transpose-diatonic 1 n1))	(multiply-duration 1.0 (transpose-diatonic 1 n2))
TR	rel-pitch-1-to-1	3	true	n1 n2	(and (duration>= (duration n1) 8) (not (rest? n1)) (= (note-category n1) C) (= (relative-pitch n1) 1) (duration>= (duration n2) 8) (not (rest? n2)) (= (note-category n2) C) (= (relative-pitch n2) 1) (pitch>= n1 n2))	(multiply-duration 1.0 (transpose-diatonic b2 n1))	(multiply-duration 1.0 (transpose-diatonic b2 n2))
TR	rel-pitch-1-to-#4	1	true	n1 n2	(and (duration>= (duration n1) 8) (not (rest? n1)) (= (note-category n1) C) (= (relative-pitch n1) 1) (duration>= (duration n2) 8) (not (rest? n2)) (= (note-category n2) C) (= (relative-pitch n2) #4) (pitch< n1 n2))	(multiply-duration 1.0 (transpose-diatonic #-1 n1))	(multiply-duration 1.0 (transpose-diatonic b1 n2))
TR	rel-pitch-1-to-1	1	true	n1 n2	(and (duration>= (duration n1) 8) (not (rest? n1)) (= (note-category n1) C) (= (relative-pitch n1) 1) (duration>= (duration n2) 8) (not (rest? n2)) (= (note-category n2) C) (= (relative-pitch n2) 1) (pitch>= n1 n2))	(multiply-duration 0.6666666666666666 (transpose-diatonic 3 n1))	(multiply-duration 0.3333333333333333 (transpose-diatonic 1 n1))	(multiply-duration 0.3333333333333333 (transpose-diatonic 1 n2))	(multiply-duration 0.6666666666666666 (transpose-diatonic 3 n2))
TR	rel-pitch-1-to-5	2	true	n1 n2	(and (duration>= (duration n1) 8) (not (rest? n1)) (= (note-category n1) C) (= (relative-pitch n1) 1) (duration>= (duration n2) 8) (not (rest? n2)) (= (note-category n2) C) (= (relative-pitch n2) 5) (pitch< n1 n2))	(multiply-duration 1.0 (transpose-diatonic 1 n1))	(multiply-duration 1.0 (transpose-diatonic 1 n2))
TR	rel-pitch-1-to-5	1	true	n1 n2	(and (duration>= (duration n1) 8) (not (rest? n1)) (= (note-category n1) C) (= (relative-pitch n1) 1) (duration>= (duration n2) 8) (not (rest? n2)) (= (note-category n2) C) (= (relative-pitch n2) 5) (pitch< n1 n2))	(multiply-duration 1.0 (transpose-diatonic 2 n1))	(multiply-duration 1.0 (transpose-diatonic -1 n2))
TR	rel-pitch-1-to-3	1	true	n1 n2	(and (duration>= (duration n1) 8) (not (rest? n1)) (= (note-category n1) C) (= (relative-pitch n1) 1) (duration>= (duration n2) 8) (not (rest? n2)) (= (note-category n2) C) (= (relative-pitch n2) 3) (pitch< n1 n2))	(multiply-duration 1.0 (transpose-diatonic #-1 n1))	(multiply-duration 1.0 (transpose-diatonic b1 n2))
TR	rel-pitch-1-to-1	2	true	n1 n2	(and (duration>= (duration n1) 8) (not (rest? n1)) (= (note-category n1) C) (= (relative-pitch n1) 1) (duration>= (duration n2) 8) (not (rest? n2)) (= (note-category n2) C) (= (relative-pitch n2) 1) (pitch>= n1 n2))	(multiply-duration 1.0 (transpose-diatonic 1 n1))	(multiply-duration 1.0 (transpose-diatonic b2 n2))
TR	rel-pitch-1-to-5	1	true	n1 n2	(and (duration>= (duration n1) 8) (not (rest? n1)) (= (note-category n1) C) (= (relative-pitch n1) 1) (duration>= (duration n2) 8) (not (rest? n2)) (= (note-category n2) C) (= (relative-pitch n2) 5) (pitch>= n1 n2))	(multiply-duration 1.0 (transpose-diatonic #-1 n1))	(multiply-duration 1.0 (transpose-diatonic #1 n2))
TR	rel-pitch-1-to-7	1	true	n1 n2	(and (duration>= (duration n1) 8) (not (rest? n1)) (= (note-category n1) C) (= (relative-pitch n1) 1) (duration>= (duration n2) 8) (not (rest? n2)) (= (note-category n2) C) (= (relative-pitch n2) 7) (pitch>= n1 n2))	(multiply-duration 1.0 (transpose-diatonic #-1 n1))	(multiply-duration 1.0 (transpose-diatonic -1 n2))
TR	rel-pitch-1-to-6	1	true	n1 n2	(and (duration>= (duration n1) 8) (not (rest? n1)) (= (note-category n1) C) (= (relative-pitch n1) 1) (duration>= (duration n2) 8) (not (rest? n2)) (= (note-category n2) C) (= (relative-pitch n2) 6) (pitch>= n1 n2))	(multiply-duration 1.0 (transpose-diatonic #-1 n1))	(multiply-duration 1.0 (transpose-diatonic #-1 n2))
TR	rel-pitch-1-to-b2	1	true	n1 n2	(and (duration>= (duration n1) 8) (not (rest? n1)) (= (note-category n1) C) (= (relative-pitch n1) 1) (duration>= (duration n2) 8) (not (rest? n2)) (= (note-category n2) C) (= (relative-pitch n2) b2) (pitch< n1 n2))	(multiply-duration 1.0 (transpose-diatonic 1 n1))	(multiply-duration 1.0 (transpose-diatonic 1 n2))
TR	rel-pitch-1-to-7	1	true	n1 n2	(and (duration>= (duration n1) 8) (not (rest? n1)) (= (note-category n1) C) (= (relative-pitch n1) 1) (duration>= (duration n2) 8) (not (rest? n2)) (= (note-category n2) C) (= (relative-pitch n2) 7) (pitch>= n1 n2))	(multiply-duration 1.0 (transpose-diatonic b2 n1))	(multiply-duration 1.0 (transpose-diatonic 1 n2))
TR	rel-pitch-1-to-rest	1	true	n1 n2	(and (duration>= (duration n1) 8) (not (rest? n1)) (= (note-category n1) C) (= (relative-pitch n1) 1) (duration>= (duration n2) 8) (rest? n2))	(multiply-duration 1.0 (transpose-diatonic b2 n1))	n2
TR	rel-pitch-1-to-1	2	true	n1 n2	(and (duration>= (duration n1) 8) (not (rest? n1)) (= (note-category n1) C) (= (relative-pitch n1) 1) (duration>= (duration n2) 8) (not (rest? n2)) (= (note-category n2) C) (= (relative-pitch n2) 1) (pitch>= n1 n2))	(multiply-duration 1.0 (transpose-diatonic #-1 n1))	(multiply-duration 1.0 (transpose-diatonic 1 n2))
TR	rel-pitch-1-to-3	4	true	n1 n2	(and (duration>= (duration n1) 8) (not (rest? n1)) (= (note-category n1) C) (= (relative-pitch n1) 1) (duration>= (duration n2) 8) (not (rest? n2)) (= (note-category n2) C) (= (relative-pitch n2) 3) (pitch< n1 n2))	(multiply-duration 1.0 (transpose-diatonic b2 n1))	(multiply-duration 1.0 (transpose-diatonic b1 n2))
TR	rel-pitch-1-to-3	1	true	n1 n2	(and (duration>= (duration n1) 8) (not (rest? n1)) (= (note-category n1) C) (= (relative-pitch n1) 1) (duration>= (duration n2) 8) (not (rest? n2)) (= (note-category n2) C) (= (relative-pitch n2) 3) (pitch< n1 n2))	(multiply-duration 0.6666666666666666 (transpose-diatonic -1 n1))	(multiply-duration 0.3333333333333333 (transpose-diatonic 2 n1))	(multiply-duration 0.3333333333333333 (transpose-diatonic -1 n2))	(multiply-duration 0.6666666666666666 (transpose-diatonic 2 n2))
TR	rel-pitch-1-to-5	1	true	n1 n2	(and (duration>= (duration n1) 8) (not (rest? n1)) (= (note-category n1) C) (= (relative-pitch n1) 1) (duration>= (duration n2) 8) (not (rest? n2)) (= (note-category n2) C) (= (relative-pitch n2) 5) (pitch>= n1 n2))	(multiply-duration 1.0 (transpose-diatonic #-1 n1))	(multiply-duration 1.0 (transpose-diatonic 1 n2))
TR	rel-pitch-1-to-b2	1	true	n1 n2	(and (duration>= (duration n1) 8) (not (rest? n1)) (= (note-category n1) C) (= (relative-pitch n1) 1) (duration>= (duration n2) 8) (not (rest? n2)) (= (note-category n2) C) (= (relative-pitch n2) b2) (pitch< n1 n2))	(multiply-duration 1.0 (transpose-diatonic 1 n1))	(multiply-duration 1.0 (transpose-diatonic #1 n2))
TR	rel-pitch-1-to-5	3	true	n1 n2	(and (duration>= (duration n1) 8) (not (rest? n1)) (= (note-category n1) C) (= (relative-pitch n1) 1) (duration>= (duration n2) 8) (not (rest? n2)) (= (note-category n2) C) (= (relative-pitch n2) 5) (pitch>= n1 n2))	(multiply-duration 1.0 (transpose-diatonic b2 n1))	(multiply-duration 1.0 (transpose-diatonic #1 n2))
TR	rel-pitch-1-to-rest	1	true	n1 n2	(and (duration>= (duration n1) 8) (not (rest? n1)) (= (note-category n1) C) (= (relative-pitch n1) 1) (duration>= (duration n2) 8) (rest? n2))	(multiply-duration 1.0 (transpose-diatonic 2 n1))	n2
TR	rel-pitch-1-to-1	1	true	n1 n2	(and (duration>= (duration n1) 8) (not (rest? n1)) (= (note-category n1) C) (= (relative-pitch n1) 1) (duration>= (duration n2) 8) (not (rest? n2)) (= (note-category n2) C) (= (relative-pitch n2) 1) (pitch>= n1 n2))	(multiply-duration 1.0 (transpose-diatonic 2 n1))	(multiply-duration 1.0 (transpose-diatonic 2 n2))
TR	rel-pitch-1	50	true	n1	(and (duration>= (duration n1) 8) (not (rest? n1)) (= (note-category n1) C) (= (relative-pitch n1) 1))	(multiply-duration 1.0 (transpose-diatonic b2 n1))
TR	rel-pitch-1	213	true	n1	(and (duration>= (duration n1) 8) (not (rest? n1)) (= (note-category n1) C) (= (relative-pitch n1) 1))	(multiply-duration 1.0 (transpose-diatonic 1 n1))
TR	rel-pitch-1	1	true	n1	(and (duration>= (duration n1) 8) (not (rest? n1)) (= (note-category n1) C) (= (relative-pitch n1) 1))	(multiply-duration 0.5 (transpose-diatonic 1 n1))	(multiply-duration 0.5 (transpose-diatonic b2 n1))
TR	rel-pitch-1	46	true	n1	(and (duration>= (duration n1) 8) (not (rest? n1)) (= (note-category n1) C) (= (relative-pitch n1) 1))	(multiply-duration 1.0 (transpose-diatonic #-1 n1))
TR	rel-pitch-1	18	true	n1	(and (duration>= (duration n1) 8) (not (rest? n1)) (= (note-category n1) C) (= (relative-pitch n1) 1))	(multiply-duration 1.0 (transpose-diatonic 2 n1))
TR	rel-pitch-1	1	true	n1	(and (duration>= (duration n1) 8) (not (rest? n1)) (= (note-category n1) C) (= (relative-pitch n1) 1))	(multiply-duration 0.3333333333333333 (transpose-diatonic 2 n1))	(multiply-duration 0.6666666666666666 (transpose-diatonic b2 n1))
TR	rel-pitch-1	1	true	n1	(and (duration>= (duration n1) 8) (not (rest? n1)) (= (note-category n1) C) (= (relative-pitch n1) 1))	(multiply-duration 0.3333333333333333 (transpose-diatonic 1 n1))	(multiply-duration 0.6666666666666666 (transpose-diatonic 3 n1))
TR	rel-pitch-1	1	true	n1	(and (duration>= (duration n1) 8) (not (rest? n1)) (= (note-category n1) C) (= (relative-pitch n1) 1))	(multiply-duration 0.6666666666666666 (transpose-diatonic 3 n1))	(multiply-duration 0.3333333333333333 (transpose-diatonic 1 n1))
TR	rel-pitch-1	1	true	n1	(and (duration>= (duration n1) 8) (not (rest? n1)) (= (note-category n1) C) (= (relative-pitch n1) 1))	(multiply-duration 0.3333333333333333 (transpose-diatonic -1 n1))	(multiply-duration 0.6666666666666666 (transpose-diatonic 2 n1))
TR	rel-pitch-1	1	true	n1	(and (duration>= (duration n1) 8) (not (rest? n1)) (= (note-category n1) C) (= (relative-pitch n1) 1))	(multiply-duration 0.3333333333333333 (transpose-diatonic 1 n1))	(multiply-duration 0.6666666666666666 (transpose-diatonic b2 n1))
TR	rel-pitch-1	1	true	n1	(and (duration>= (duration n1) 8) (not (rest? n1)) (= (note-category n1) C) (= (relative-pitch n1) 1))	(multiply-duration 0.6666666666666666 (transpose-diatonic -1 n1))	(multiply-duration 0.3333333333333333 (transpose-diatonic 2 n1))
SUB	eighth-first-rel-pitch-#4	motif	1	true
TR	rel-pitch-#4-to-5	1	true	n1 n2	(and (duration>= (duration n1) 8) (not (rest? n1)) (= (note-category n1) C) (= (relative-pitch n1) #4) (duration>= (duration n2) 8) (not (rest? n2)) (= (note-category n2) C) (= (relative-pitch n2) 5) (pitch< n1 n2))	(multiply-duration 1.0 (transpose-diatonic 1 n1))	(multiply-duration 0.5 (transpose-diatonic #1 n2))	(multiply-duration 0.5 (transpose-diatonic #-1 n2))
TR	rel-pitch-#4-to-b2	3	true	n1 n2	(and (duration>= (duration n1) 8) (not (rest? n1)) (= (note-category n1) C) (= (relative-pitch n1) #4) (duration>= (duration n2) 8) (not (rest? n2)) (= (note-category n2) C) (= (relative-pitch n2) b2) (pitch>= n1 n2))	(multiply-duration 1.0 (transpose-diatonic b1 n1))	(multiply-duration 1.0 (transpose-diatonic #1 n2))
TR	rel-pitch-#4-to-3	1	true	n1 n2	(and (duration>= (duration n1) 8) (not (rest? n1)) (= (note-category n1) C) (= (relative-pitch n1) #4) (duration>= (duration n2) 8) (not (rest? n2)) (= (note-category n2) C) (= (relative-pitch n2) 3) (pitch>= n1 n2))	(multiply-duration 1.0 (transpose-diatonic b1 n1))	(multiply-duration 1.0 (transpose-diatonic -1 n2))
TR	rel-pitch-#4-to-3	1	true	n1 n2	(and (duration>= (duration n1) 8) (not (rest? n1)) (= (note-category n1) C) (= (relative-pitch n1) #4) (duration>= (duration n2) 8) (not (rest? n2)) (= (note-category n2) C) (= (relative-pitch n2) 3) (pitch>= n1 n2))	(multiply-duration 1.0 (transpose-diatonic 1 n1))	(multiply-duration 1.0 (transpose-diatonic b1 n2))
TR	rel-pitch-#4-to-3	1	true	n1 n2	(and (duration>= (duration n1) 8) (not (rest? n1)) (= (note-category n1) C) (= (relative-pitch n1) #4) (duration>= (duration n2) 8) (not (rest? n2)) (= (note-category n2) C) (= (relative-pitch n2) 3) (pitch>= n1 n2))	(multiply-duration 1.0 (transpose-diatonic b1 n1))	(multiply-duration 1.0 (transpose-diatonic b1 n2))
TR	rel-pitch-#4-to-7	1	true	n1 n2	(and (duration>= (duration n1) 8) (not (rest? n1)) (= (note-category n1) C) (= (relative-pitch n1) #4) (duration>= (duration n2) 8) (not (rest? n2)) (= (note-category n2) C) (= (relative-pitch n2) 7) (pitch< n1 n2))	(multiply-duration 1.0 (transpose-diatonic 1 n1))	(multiply-duration 1.0 (transpose-diatonic 1 n2))
TR	rel-pitch-#4-to-3	4	true	n1 n2	(and (duration>= (duration n1) 8) (not (rest? n1)) (= (note-category n1) C) (= (relative-pitch n1) #4) (duration>= (duration n2) 8) (not (rest? n2)) (= (note-category n2) C) (= (relative-pitch n2) 3) (pitch>= n1 n2))	(multiply-duration 1.0 (transpose-diatonic b1 n1))	(multiply-duration 1.0 (transpose-diatonic 1 n2))
TR	rel-pitch-#4-to-#4	1	true	n1 n2	(and (duration>= (duration n1) 8) (not (rest? n1)) (= (note-category n1) C) (= (relative-pitch n1) #4) (duration>= (duration n2) 8) (not (rest? n2)) (= (note-category n2) C) (= (relative-pitch n2) #4) (pitch>= n1 n2))	(multiply-duration 1.0 (transpose-diatonic 1 n1))	(multiply-duration 1.0 (transpose-diatonic 1 n2))
TR	rel-pitch-#4-to-#4	1	true	n1 n2	(and (duration>= (duration n1) 8) (not (rest? n1)) (= (note-category n1) C) (= (relative-pitch n1) #4) (duration>= (duration n2) 8) (not (rest? n2)) (= (note-category n2) C) (= (relative-pitch n2) #4) (pitch>= n1 n2))	(multiply-duration 1.0 (transpose-diatonic b1 n1))	(multiply-duration 1.0 (transpose-diatonic 1 n2))
TR	rel-pitch-#4-to-5	3	true	n1 n2	(and (duration>= (duration n1) 8) (not (rest? n1)) (= (note-category n1) C) (= (relative-pitch n1) #4) (duration>= (duration n2) 8) (not (rest? n2)) (= (note-category n2) C) (= (relative-pitch n2) 5) (pitch< n1 n2))	(multiply-duration 1.0 (transpose-diatonic b1 n1))	(multiply-duration 1.0 (transpose-diatonic 1 n2))
TR	rel-pitch-#4-to-b2	3	true	n1 n2	(and (duration>= (duration n1) 8) (not (rest? n1)) (= (note-category n1) C) (= (relative-pitch n1) #4) (duration>= (duration n2) 8) (not (rest? n2)) (= (note-category n2) C) (= (relative-pitch n2) b2) (pitch>= n1 n2))	(multiply-duration 1.0 (transpose-diatonic b1 n1))	(multiply-duration 1.0 (transpose-diatonic 1 n2))
TR	rel-pitch-#4-to-#4	1	true	n1 n2	(and (duration>= (duration n1) 8) (not (rest? n1)) (= (note-category n1) C) (= (relative-pitch n1) #4) (duration>= (duration n2) 8) (not (rest? n2)) (= (note-category n2) C) (= (relative-pitch n2) #4) (pitch>= n1 n2))	(multiply-duration 1.0 (transpose-diatonic b1 n1))	(multiply-duration 1.0 (transpose-diatonic b1 n2))
TR	rel-pitch-#4-to-5	1	true	n1 n2	(and (duration>= (duration n1) 8) (not (rest? n1)) (= (note-category n1) C) (= (relative-pitch n1) #4) (duration>= (duration n2) 8) (not (rest? n2)) (= (note-category n2) C) (= (relative-pitch n2) 5) (pitch< n1 n2))	(multiply-duration 1.0 (transpose-diatonic 1 n1))	(multiply-duration 1.0 (transpose-diatonic #1 n2))
TR	rel-pitch-#4-to-#4	1	true	n1 n2	(and (duration>= (duration n1) 8) (not (rest? n1)) (= (note-category n1) C) (= (relative-pitch n1) #4) (duration>= (duration n2) 8) (not (rest? n2)) (= (note-category n2) C) (= (relative-pitch n2) #4) (pitch>= n1 n2))	(multiply-duration 0.6666666666666666 (transpose-diatonic b2 n1))	(multiply-duration 0.3333333333333333 (transpose-diatonic 1 n1))	(multiply-duration 0.3333333333333333 (transpose-diatonic 1 n2))	(multiply-duration 0.6666666666666666 (transpose-diatonic b1 n2))
TR	rel-pitch-#4-to-3	1	true	n1 n2	(and (duration>= (duration n1) 8) (not (rest? n1)) (= (note-category n1) C) (= (relative-pitch n1) #4) (duration>= (duration n2) 8) (not (rest? n2)) (= (note-category n2) C) (= (relative-pitch n2) 3) (pitch>= n1 n2))	(multiply-duration 1.0 (transpose-diatonic 1 n1))	(multiply-duration 1.0 (transpose-diatonic 1 n2))
TR	rel-pitch-#4-to-6	1	true	n1 n2	(and (duration>= (duration n1) 8) (not (rest? n1)) (= (note-category n1) C) (= (relative-pitch n1) #4) (duration>= (duration n2) 8) (not (rest? n2)) (= (note-category n2) C) (= (relative-pitch n2) 6) (pitch< n1 n2))	(multiply-duration 1.0 (transpose-diatonic 1 n1))	(multiply-duration 1.0 (transpose-diatonic #-1 n2))
TR	rel-pitch-#4	24	true	n1	(and (duration>= (duration n1) 8) (not (rest? n1)) (= (note-category n1) C) (= (relative-pitch n1) #4))	(multiply-duration 1.0 (transpose-diatonic 1 n1))
TR	rel-pitch-#4	1	true	n1	(and (duration>= (duration n1) 8) (not (rest? n1)) (= (note-category n1) C) (= (relative-pitch n1) #4))	(multiply-duration 0.3333333333333333 (transpose-diatonic 1 n1))	(multiply-duration 0.6666666666666666 (transpose-diatonic b1 n1))
TR	rel-pitch-#4	1	true	n1	(and (duration>= (duration n1) 8) (not (rest? n1)) (= (note-category n1) C) (= (relative-pitch n1) #4))	(multiply-duration 0.6666666666666666 (transpose-diatonic b2 n1))	(multiply-duration 0.3333333333333333 (transpose-diatonic 1 n1))
TR	rel-pitch-#4	1	true	n1	(and (duration>= (duration n1) 8) (not (rest? n1)) (= (note-category n1) C) (= (relative-pitch n1) #4))	(multiply-duration 0.3333333333333333 (transpose-diatonic b1 n1))	(multiply-duration 0.6666666666666666 (transpose-diatonic 1 n1))
TR	rel-pitch-#4	31	true	n1	(and (duration>= (duration n1) 8) (not (rest? n1)) (= (note-category n1) C) (= (relative-pitch n1) #4))	(multiply-duration 1.0 (transpose-diatonic b1 n1))
SUB	eighth-first-rel-pitch-7	motif	1	true
TR	rel-pitch-7-to-5	20	true	n1 n2	(and (duration>= (duration n1) 8) (not (rest? n1)) (= (note-category n1) C) (= (relative-pitch n1) 7) (duration>= (duration n2) 8) (not (rest? n2)) (= (note-category n2) C) (= (relative-pitch n2) 5) (pitch>= n1 n2))	(multiply-duration 1.0 (transpose-diatonic 1 n1))	(multiply-duration 1.0 (transpose-diatonic 1 n2))
TR	rel-pitch-7-to-1	3	true	n1 n2	(and (duration>= (duration n1) 8) (not (rest? n1)) (= (note-category n1) C) (= (relative-pitch n1) 7) (duration>= (duration n2) 8) (not (rest? n2)) (= (note-category n2) C) (= (relative-pitch n2) 1) (pitch< n1 n2))	(multiply-duration 1.0 (transpose-diatonic -1 n1))	(multiply-duration 1.0 (transpose-diatonic 1 n2))
TR	rel-pitch-7-to-5	5	true	n1 n2	(and (duration>= (duration n1) 8) (not (rest? n1)) (= (note-category n1) C) (= (relative-pitch n1) 7) (duration>= (duration n2) 8) (not (rest? n2)) (= (note-category n2) C) (= (relative-pitch n2) 5) (pitch>= n1 n2))	(multiply-duration 1.0 (transpose-diatonic 1 n1))	(multiply-duration 1.0 (transpose-diatonic #1 n2))
TR	rel-pitch-7-to-5	6	true	n1 n2	(and (duration>= (duration n1) 8) (not (rest? n1)) (= (note-category n1) C) (= (relative-pitch n1) 7) (duration>= (duration n2) 8) (not (rest? n2)) (= (note-category n2) C) (= (relative-pitch n2) 5) (pitch>= n1 n2))	(multiply-duration 1.0 (transpose-diatonic -1 n1))	(multiply-duration 1.0 (transpose-diatonic #1 n2))
TR	rel-pitch-7-to-5	4	true	n1 n2	(and (duration>= (duration n1) 8) (not (rest? n1)) (= (note-category n1) C) (= (relative-pitch n1) 7) (duration>= (duration n2) 8) (not (rest? n2)) (= (note-category n2) C) (= (relative-pitch n2) 5) (pitch>= n1 n2))	(multiply-duration 1.0 (transpose-diatonic -1 n1))	(multiply-duration 1.0 (transpose-diatonic -1 n2))
TR	rel-pitch-7-to-5	10	true	n1 n2	(and (duration>= (duration n1) 8) (not (rest? n1)) (= (note-category n1) C) (= (relative-pitch n1) 7) (duration>= (duration n2) 8) (not (rest? n2)) (= (note-category n2) C) (= (relative-pitch n2) 5) (pitch>= n1 n2))	(multiply-duration 1.0 (transpose-diatonic -1 n1))	(multiply-duration 1.0 (transpose-diatonic 1 n2))
TR	rel-pitch-7-to-3	16	true	n1 n2	(and (duration>= (duration n1) 8) (not (rest? n1)) (= (note-category n1) C) (= (relative-pitch n1) 7) (duration>= (duration n2) 8) (not (rest? n2)) (= (note-category n2) C) (= (relative-pitch n2) 3) (pitch< n1 n2))	(multiply-duration 1.0 (transpose-diatonic 1 n1))	(multiply-duration 1.0 (transpose-diatonic -1 n2))
TR	rel-pitch-7-to-5	3	true	n1 n2	(and (duration>= (duration n1) 8) (not (rest? n1)) (= (note-category n1) C) (= (relative-pitch n1) 7) (duration>= (duration n2) 8) (not (rest? n2)) (= (note-category n2) C) (= (relative-pitch n2) 5) (pitch>= n1 n2))	(multiply-duration 1.0 (transpose-diatonic #-1 n1))	(multiply-duration 1.0 (transpose-diatonic #1 n2))
TR	rel-pitch-7-to-1	5	true	n1 n2	(and (duration>= (duration n1) 8) (not (rest? n1)) (= (note-category n1) C) (= (relative-pitch n1) 7) (duration>= (duration n2) 8) (not (rest? n2)) (= (note-category n2) C) (= (relative-pitch n2) 1) (pitch< n1 n2))	(multiply-duration 1.0 (transpose-diatonic #-1 n1))	(multiply-duration 1.0 (transpose-diatonic 1 n2))
TR	rel-pitch-7-to-7	8	true	n1 n2	(and (duration>= (duration n1) 8) (not (rest? n1)) (= (note-category n1) C) (= (relative-pitch n1) 7) (duration>= (duration n2) 8) (not (rest? n2)) (= (note-category n2) C) (= (relative-pitch n2) 7) (pitch>= n1 n2))	(multiply-duration 1.0 (transpose-diatonic 1 n1))	(multiply-duration 1.0 (transpose-diatonic -1 n2))
TR	rel-pitch-7-to-7	19	true	n1 n2	(and (duration>= (duration n1) 8) (not (rest? n1)) (= (note-category n1) C) (= (relative-pitch n1) 7) (duration>= (duration n2) 8) (not (rest? n2)) (= (note-category n2) C) (= (relative-pitch n2) 7) (pitch>= n1 n2))	(multiply-duration 1.0 (transpose-diatonic 1 n1))	(multiply-duration 1.0 (transpose-diatonic 1 n2))
TR	rel-pitch-7-to-3	1	true	n1 n2	(and (duration>= (duration n1) 8) (not (rest? n1)) (= (note-category n1) C) (= (relative-pitch n1) 7) (duration>= (duration n2) 8) (not (rest? n2)) (= (note-category n2) C) (= (relative-pitch n2) 3) (pitch< n1 n2))	(multiply-duration 1.0 (transpose-diatonic -1 n1))	(multiply-duration 1.0 (transpose-diatonic #1 n2))
TR	rel-pitch-7-to-7	2	true	n1 n2	(and (duration>= (duration n1) 8) (not (rest? n1)) (= (note-category n1) C) (= (relative-pitch n1) 7) (duration>= (duration n2) 8) (not (rest? n2)) (= (note-category n2) C) (= (relative-pitch n2) 7) (pitch>= n1 n2))	(multiply-duration 1.0 (transpose-diatonic 1 n1))	(multiply-duration 1.0 (transpose-diatonic #-1 n2))
TR	rel-pitch-7-to-7	2	true	n1 n2	(and (duration>= (duration n1) 8) (not (rest? n1)) (= (note-category n1) C) (= (relative-pitch n1) 7) (duration>= (duration n2) 8) (not (rest? n2)) (= (note-category n2) C) (= (relative-pitch n2) 7) (pitch>= n1 n2))	(multiply-duration 1.0 (transpose-diatonic -1 n1))	(multiply-duration 1.0 (transpose-diatonic 1 n2))
TR	rel-pitch-7-to-1	1	true	n1 n2	(and (duration>= (duration n1) 8) (not (rest? n1)) (= (note-category n1) C) (= (relative-pitch n1) 7) (duration>= (duration n2) 8) (not (rest? n2)) (= (note-category n2) C) (= (relative-pitch n2) 1) (pitch< n1 n2))	(multiply-duration 1.0 (transpose-diatonic 1 n1))	(multiply-duration 0.5 (transpose-diatonic 1 n2))	(multiply-duration 0.5 (transpose-diatonic b2 n2))
TR	rel-pitch-7-to-1	4	true	n1 n2	(and (duration>= (duration n1) 8) (not (rest? n1)) (= (note-category n1) C) (= (relative-pitch n1) 7) (duration>= (duration n2) 8) (not (rest? n2)) (= (note-category n2) C) (= (relative-pitch n2) 1) (pitch< n1 n2))	(multiply-duration 1.0 (transpose-diatonic b1 n1))	(multiply-duration 1.0 (transpose-diatonic 1 n2))
TR	rel-pitch-7-to-5	2	true	n1 n2	(and (duration>= (duration n1) 8) (not (rest? n1)) (= (note-category n1) C) (= (relative-pitch n1) 7) (duration>= (duration n2) 8) (not (rest? n2)) (= (note-category n2) C) (= (relative-pitch n2) 5) (pitch>= n1 n2))	(multiply-duration 1.0 (transpose-diatonic -1 n1))	(multiply-duration 1.0 (transpose-diatonic b1 n2))
TR	rel-pitch-7-to-3	1	true	n1 n2	(and (duration>= (duration n1) 8) (not (rest? n1)) (= (note-category n1) C) (= (relative-pitch n1) 7) (duration>= (duration n2) 8) (not (rest? n2)) (= (note-category n2) C) (= (relative-pitch n2) 3) (pitch>= n1 n2))	(multiply-duration 1.0 (transpose-diatonic 1 n1))	(multiply-duration 1.0 (transpose-diatonic -1 n2))
TR	rel-pitch-7-to-5	2	true	n1 n2	(and (duration>= (duration n1) 8) (not (rest? n1)) (= (note-category n1) C) (= (relative-pitch n1) 7) (duration>= (duration n2) 8) (not (rest? n2)) (= (note-category n2) C) (= (relative-pitch n2) 5) (pitch>= n1 n2))	(multiply-duration 1.0 (transpose-diatonic b1 n1))	(multiply-duration 1.0 (transpose-diatonic b2 n2))
TR	rel-pitch-7-to-7	8	true	n1 n2	(and (duration>= (duration n1) 8) (not (rest? n1)) (= (note-category n1) C) (= (relative-pitch n1) 7) (duration>= (duration n2) 8) (not (rest? n2)) (= (note-category n2) C) (= (relative-pitch n2) 7) (pitch>= n1 n2))	(multiply-duration 1.0 (transpose-diatonic -1 n1))	(multiply-duration 1.0 (transpose-diatonic -1 n2))
TR	rel-pitch-7-to-1	10	true	n1 n2	(and (duration>= (duration n1) 8) (not (rest? n1)) (= (note-category n1) C) (= (relative-pitch n1) 7) (duration>= (duration n2) 8) (not (rest? n2)) (= (note-category n2) C) (= (relative-pitch n2) 1) (pitch< n1 n2))	(multiply-duration 1.0 (transpose-diatonic 1 n1))	(multiply-duration 1.0 (transpose-diatonic 1 n2))
TR	rel-pitch-7-to-5	3	true	n1 n2	(and (duration>= (duration n1) 8) (not (rest? n1)) (= (note-category n1) C) (= (relative-pitch n1) 7) (duration>= (duration n2) 8) (not (rest? n2)) (= (note-category n2) C) (= (relative-pitch n2) 5) (pitch>= n1 n2))	(multiply-duration 1.0 (transpose-diatonic -1 n1))	(multiply-duration 1.0 (transpose-diatonic #-1 n2))
TR	rel-pitch-7-to-7	2	true	n1 n2	(and (duration>= (duration n1) 8) (not (rest? n1)) (= (note-category n1) C) (= (relative-pitch n1) 7) (duration>= (duration n2) 8) (not (rest? n2)) (= (note-category n2) C) (= (relative-pitch n2) 7) (pitch>= n1 n2))	(multiply-duration 1.0 (transpose-diatonic b1 n1))	(multiply-duration 1.0 (transpose-diatonic -1 n2))
TR	rel-pitch-7-to-5	3	true	n1 n2	(and (duration>= (duration n1) 8) (not (rest? n1)) (= (note-category n1) C) (= (relative-pitch n1) 7) (duration>= (duration n2) 8) (not (rest? n2)) (= (note-category n2) C) (= (relative-pitch n2) 5) (pitch>= n1 n2))	(multiply-duration 1.0 (transpose-diatonic #-1 n1))	(multiply-duration 1.0 (transpose-diatonic -1 n2))
TR	rel-pitch-7-to-1	2	true	n1 n2	(and (duration>= (duration n1) 8) (not (rest? n1)) (= (note-category n1) C) (= (relative-pitch n1) 7) (duration>= (duration n2) 8) (not (rest? n2)) (= (note-category n2) C) (= (relative-pitch n2) 1) (pitch< n1 n2))	(multiply-duration 1.0 (transpose-diatonic -1 n1))	(multiply-duration 1.0 (transpose-diatonic #-1 n2))
TR	rel-pitch-7-to-3	2	true	n1 n2	(and (duration>= (duration n1) 8) (not (rest? n1)) (= (note-category n1) C) (= (relative-pitch n1) 7) (duration>= (duration n2) 8) (not (rest? n2)) (= (note-category n2) C) (= (relative-pitch n2) 3) (pitch>= n1 n2))	(multiply-duration 1.0 (transpose-diatonic -1 n1))	(multiply-duration 1.0 (transpose-diatonic #1 n2))
TR	rel-pitch-7-to-3	2	true	n1 n2	(and (duration>= (duration n1) 8) (not (rest? n1)) (= (note-category n1) C) (= (relative-pitch n1) 7) (duration>= (duration n2) 8) (not (rest? n2)) (= (note-category n2) C) (= (relative-pitch n2) 3) (pitch< n1 n2))	(multiply-duration 1.0 (transpose-diatonic b1 n1))	(multiply-duration 1.0 (transpose-diatonic -1 n2))
TR	rel-pitch-7-to-7	1	true	n1 n2	(and (duration>= (duration n1) 8) (not (rest? n1)) (= (note-category n1) C) (= (relative-pitch n1) 7) (duration>= (duration n2) 8) (not (rest? n2)) (= (note-category n2) C) (= (relative-pitch n2) 7) (pitch>= n1 n2))	(multiply-duration 1.0 (transpose-diatonic -1 n1))	(multiply-duration 0.5 (transpose-diatonic 1 n2))	(multiply-duration 0.5 (transpose-diatonic -1 n2))
TR	rel-pitch-7-to-3	1	true	n1 n2	(and (duration>= (duration n1) 8) (not (rest? n1)) (= (note-category n1) C) (= (relative-pitch n1) 7) (duration>= (duration n2) 8) (not (rest? n2)) (= (note-category n2) C) (= (relative-pitch n2) 3) (pitch< n1 n2))	(multiply-duration 1.0 (transpose-diatonic b1 n1))	(multiply-duration 1.0 (transpose-diatonic b1 n2))
TR	rel-pitch-7-to-5	2	true	n1 n2	(and (duration>= (duration n1) 8) (not (rest? n1)) (= (note-category n1) C) (= (relative-pitch n1) 7) (duration>= (duration n2) 8) (not (rest? n2)) (= (note-category n2) C) (= (relative-pitch n2) 5) (pitch>= n1 n2))	(multiply-duration 1.0 (transpose-diatonic b1 n1))	(multiply-duration 1.0 (transpose-diatonic #1 n2))
TR	rel-pitch-7-to-1	3	true	n1 n2	(and (duration>= (duration n1) 8) (not (rest? n1)) (= (note-category n1) C) (= (relative-pitch n1) 7) (duration>= (duration n2) 8) (not (rest? n2)) (= (note-category n2) C) (= (relative-pitch n2) 1) (pitch< n1 n2))	(multiply-duration 1.0 (transpose-diatonic 1 n1))	(multiply-duration 1.0 (transpose-diatonic b2 n2))
TR	rel-pitch-7-to-6	1	true	n1 n2	(and (duration>= (duration n1) 8) (not (rest? n1)) (= (note-category n1) C) (= (relative-pitch n1) 7) (duration>= (duration n2) 8) (not (rest? n2)) (= (note-category n2) C) (= (relative-pitch n2) 6) (pitch>= n1 n2))	(multiply-duration 1.0 (transpose-diatonic 1 n1))	(multiply-duration 1.0 (transpose-diatonic #-1 n2))
TR	rel-pitch-7-to-1	1	true	n1 n2	(and (duration>= (duration n1) 8) (not (rest? n1)) (= (note-category n1) C) (= (relative-pitch n1) 7) (duration>= (duration n2) 8) (not (rest? n2)) (= (note-category n2) C) (= (relative-pitch n2) 1) (pitch< n1 n2))	(multiply-duration 0.6666666666666666 (transpose-diatonic -1 n1))	(multiply-duration 0.3333333333333333 (transpose-diatonic 1 n1))	(multiply-duration 0.3333333333333333 (transpose-diatonic -1 n2))	(multiply-duration 0.6666666666666666 (transpose-diatonic 2 n2))
TR	rel-pitch-7-to-7	1	true	n1 n2	(and (duration>= (duration n1) 8) (not (rest? n1)) (= (note-category n1) C) (= (relative-pitch n1) 7) (duration>= (duration n2) 8) (not (rest? n2)) (= (note-category n2) C) (= (relative-pitch n2) 7) (pitch>= n1 n2))	(multiply-duration 1.0 (transpose-diatonic b1 n1))	(multiply-duration 1.0 (transpose-diatonic 1 n2))
TR	rel-pitch-7-to-3	1	true	n1 n2	(and (duration>= (duration n1) 8) (not (rest? n1)) (= (note-category n1) C) (= (relative-pitch n1) 7) (duration>= (duration n2) 8) (not (rest? n2)) (= (note-category n2) C) (= (relative-pitch n2) 3) (pitch< n1 n2))	(multiply-duration 1.0 (transpose-diatonic 1 n1))	(multiply-duration 1.0 (transpose-diatonic 1 n2))
TR	rel-pitch-7-to-7	1	true	n1 n2	(and (duration>= (duration n1) 8) (not (rest? n1)) (= (note-category n1) C) (= (relative-pitch n1) 7) (duration>= (duration n2) 8) (not (rest? n2)) (= (note-category n2) C) (= (relative-pitch n2) 7) (pitch>= n1 n2))	(multiply-duration 1.0 (transpose-diatonic #-1 n1))	(multiply-duration 1.0 (transpose-diatonic -1 n2))
TR	rel-pitch-7-to-7	1	true	n1 n2	(and (duration>= (duration n1) 8) (not (rest? n1)) (= (note-category n1) C) (= (relative-pitch n1) 7) (duration>= (duration n2) 8) (not (rest? n2)) (= (note-category n2) C) (= (relative-pitch n2) 7) (pitch>= n1 n2))	(multiply-duration 1.0 (transpose-diatonic #-1 n1))	(multiply-duration 1.0 (transpose-diatonic 1 n2))
TR	rel-pitch-7-to-7	1	true	n1 n2	(and (duration>= (duration n1) 8) (not (rest? n1)) (= (note-category n1) C) (= (relative-pitch n1) 7) (duration>= (duration n2) 8) (not (rest? n2)) (= (note-category n2) C) (= (relative-pitch n2) 7) (pitch>= n1 n2))	(multiply-duration 0.6666666666666666 (transpose-diatonic #1 n1))	(multiply-duration 0.3333333333333333 (transpose-diatonic 1 n1))	(multiply-duration 0.3333333333333333 (transpose-diatonic 1 n2))	(multiply-duration 0.6666666666666666 (transpose-diatonic #-1 n2))
TR	rel-pitch-7-to-#4	3	true	n1 n2	(and (duration>= (duration n1) 8) (not (rest? n1)) (= (note-category n1) C) (= (relative-pitch n1) 7) (duration>= (duration n2) 8) (not (rest? n2)) (= (note-category n2) C) (= (relative-pitch n2) #4) (pitch>= n1 n2))	(multiply-duration 1.0 (transpose-diatonic 1 n1))	(multiply-duration 1.0 (transpose-diatonic 1 n2))
TR	rel-pitch-7-to-1	1	true	n1 n2	(and (duration>= (duration n1) 8) (not (rest? n1)) (= (note-category n1) C) (= (relative-pitch n1) 7) (duration>= (duration n2) 8) (not (rest? n2)) (= (note-category n2) C) (= (relative-pitch n2) 1) (pitch>= n1 n2))	(multiply-duration 1.0 (transpose-diatonic #-1 n1))	(multiply-duration 1.0 (transpose-diatonic 2 n2))
TR	rel-pitch-7-to-5	1	true	n1 n2	(and (duration>= (duration n1) 8) (not (rest? n1)) (= (note-category n1) C) (= (relative-pitch n1) 7) (duration>= (duration n2) 8) (not (rest? n2)) (= (note-category n2) C) (= (relative-pitch n2) 5) (pitch< n1 n2))	(multiply-duration 1.0 (transpose-diatonic 1 n1))	(multiply-duration 1.0 (transpose-diatonic -1 n2))
TR	rel-pitch-7-to-5	1	true	n1 n2	(and (duration>= (duration n1) 8) (not (rest? n1)) (= (note-category n1) C) (= (relative-pitch n1) 7) (duration>= (duration n2) 8) (not (rest? n2)) (= (note-category n2) C) (= (relative-pitch n2) 5) (pitch< n1 n2))	(multiply-duration 1.0 (transpose-diatonic 1 n1))	(multiply-duration 1.0 (transpose-diatonic 1 n2))
TR	rel-pitch-7-to-1	1	true	n1 n2	(and (duration>= (duration n1) 8) (not (rest? n1)) (= (note-category n1) C) (= (relative-pitch n1) 7) (duration>= (duration n2) 8) (not (rest? n2)) (= (note-category n2) C) (= (relative-pitch n2) 1) (pitch< n1 n2))	(multiply-duration 0.6666666666666666 (transpose-diatonic 1 n1))	(multiply-duration 0.3333333333333333 (transpose-diatonic 2 n1))	(multiply-duration 0.3333333333333333 (transpose-diatonic 1 n2))	(multiply-duration 0.6666666666666666 (transpose-diatonic b2 n2))
TR	rel-pitch-7-to-1	1	true	n1 n2	(and (duration>= (duration n1) 8) (not (rest? n1)) (= (note-category n1) C) (= (relative-pitch n1) 7) (duration>= (duration n2) 8) (not (rest? n2)) (= (note-category n2) C) (= (relative-pitch n2) 1) (pitch< n1 n2))	(multiply-duration 1.0 (transpose-diatonic 1 n1))	(multiply-duration 1.0 (transpose-diatonic #-1 n2))
TR	rel-pitch-7-to-7	1	true	n1 n2	(and (duration>= (duration n1) 8) (not (rest? n1)) (= (note-category n1) C) (= (relative-pitch n1) 7) (duration>= (duration n2) 8) (not (rest? n2)) (= (note-category n2) C) (= (relative-pitch n2) 7) (pitch>= n1 n2))	(multiply-duration 0.6666666666666666 (transpose-diatonic -1 n1))	(multiply-duration 0.3333333333333333 (transpose-diatonic 1 n1))	(multiply-duration 0.3333333333333333 (transpose-diatonic 1 n2))	(multiply-duration 0.6666666666666666 (transpose-diatonic -1 n2))
TR	rel-pitch-7-to-1	2	true	n1 n2	(and (duration>= (duration n1) 8) (not (rest? n1)) (= (note-category n1) C) (= (relative-pitch n1) 7) (duration>= (duration n2) 8) (not (rest? n2)) (= (note-category n2) C) (= (relative-pitch n2) 1) (pitch< n1 n2))	(multiply-duration 1.0 (transpose-diatonic #-1 n1))	(multiply-duration 1.0 (transpose-diatonic 2 n2))
TR	rel-pitch-7-to-3	1	true	n1 n2	(and (duration>= (duration n1) 8) (not (rest? n1)) (= (note-category n1) C) (= (relative-pitch n1) 7) (duration>= (duration n2) 8) (not (rest? n2)) (= (note-category n2) C) (= (relative-pitch n2) 3) (pitch>= n1 n2))	(multiply-duration 1.0 (transpose-diatonic -1 n1))	(multiply-duration 1.0 (transpose-diatonic 2 n2))
TR	rel-pitch-7-to-1	1	true	n1 n2	(and (duration>= (duration n1) 8) (not (rest? n1)) (= (note-category n1) C) (= (relative-pitch n1) 7) (duration>= (duration n2) 8) (not (rest? n2)) (= (note-category n2) C) (= (relative-pitch n2) 1) (pitch< n1 n2))	(multiply-duration 1.0 (transpose-diatonic 1 n1))	(multiply-duration 1.0 (transpose-diatonic 2 n2))
TR	rel-pitch-7-to-5	4	true	n1 n2	(and (duration>= (duration n1) 8) (not (rest? n1)) (= (note-category n1) C) (= (relative-pitch n1) 7) (duration>= (duration n2) 8) (not (rest? n2)) (= (note-category n2) C) (= (relative-pitch n2) 5) (pitch>= n1 n2))	(multiply-duration 1.0 (transpose-diatonic b1 n1))	(multiply-duration 1.0 (transpose-diatonic 1 n2))
TR	rel-pitch-7	39	true	n1	(and (duration>= (duration n1) 8) (not (rest? n1)) (= (note-category n1) C) (= (relative-pitch n1) 7))	(multiply-duration 1.0 (transpose-diatonic b1 n1))
TR	rel-pitch-7	101	true	n1	(and (duration>= (duration n1) 8) (not (rest? n1)) (= (note-category n1) C) (= (relative-pitch n1) 7))	(multiply-duration 1.0 (transpose-diatonic -1 n1))
TR	rel-pitch-7	164	true	n1	(and (duration>= (duration n1) 8) (not (rest? n1)) (= (note-category n1) C) (= (relative-pitch n1) 7))	(multiply-duration 1.0 (transpose-diatonic 1 n1))
TR	rel-pitch-7	23	true	n1	(and (duration>= (duration n1) 8) (not (rest? n1)) (= (note-category n1) C) (= (relative-pitch n1) 7))	(multiply-duration 1.0 (transpose-diatonic #-1 n1))
TR	rel-pitch-7	1	true	n1	(and (duration>= (duration n1) 8) (not (rest? n1)) (= (note-category n1) C) (= (relative-pitch n1) 7))	(multiply-duration 0.5 (transpose-diatonic 1 n1))	(multiply-duration 0.5 (transpose-diatonic -1 n1))
TR	rel-pitch-7	1	true	n1	(and (duration>= (duration n1) 8) (not (rest? n1)) (= (note-category n1) C) (= (relative-pitch n1) 7))	(multiply-duration 0.3333333333333333 (transpose-diatonic -2 n1))	(multiply-duration 0.6666666666666666 (transpose-diatonic 1 n1))
TR	rel-pitch-7	1	true	n1	(and (duration>= (duration n1) 8) (not (rest? n1)) (= (note-category n1) C) (= (relative-pitch n1) 7))	(multiply-duration 0.3333333333333333 (transpose-diatonic -1 n1))	(multiply-duration 0.6666666666666666 (transpose-diatonic 2 n1))
TR	rel-pitch-7	1	true	n1	(and (duration>= (duration n1) 8) (not (rest? n1)) (= (note-category n1) C) (= (relative-pitch n1) 7))	(multiply-duration 0.3333333333333333 (transpose-diatonic 1 n1))	(multiply-duration 0.6666666666666666 (transpose-diatonic #-1 n1))
TR	rel-pitch-7	1	true	n1	(and (duration>= (duration n1) 8) (not (rest? n1)) (= (note-category n1) C) (= (relative-pitch n1) 7))	(multiply-duration 0.6666666666666666 (transpose-diatonic #1 n1))	(multiply-duration 0.3333333333333333 (transpose-diatonic 1 n1))
TR	rel-pitch-7	1	true	n1	(and (duration>= (duration n1) 8) (not (rest? n1)) (= (note-category n1) C) (= (relative-pitch n1) 7))	(multiply-duration 0.6666666666666666 (transpose-diatonic 1 n1))	(multiply-duration 0.3333333333333333 (transpose-diatonic 2 n1))
TR	rel-pitch-7	1	true	n1	(and (duration>= (duration n1) 8) (not (rest? n1)) (= (note-category n1) C) (= (relative-pitch n1) 7))	(multiply-duration 0.3333333333333333 (transpose-diatonic 1 n1))	(multiply-duration 0.6666666666666666 (transpose-diatonic -1 n1))
TR	rel-pitch-7	2	true	n1	(and (duration>= (duration n1) 8) (not (rest? n1)) (= (note-category n1) C) (= (relative-pitch n1) 7))	(multiply-duration 0.6666666666666666 (transpose-diatonic -1 n1))	(multiply-duration 0.3333333333333333 (transpose-diatonic 1 n1))
SUB	eighth-first-rel-pitch-6	motif	1	true
TR	rel-pitch-6-to-3	1	true	n1 n2	(and (duration>= (duration n1) 8) (not (rest? n1)) (= (note-category n1) C) (= (relative-pitch n1) 6) (duration>= (duration n2) 8) (not (rest? n2)) (= (note-category n2) C) (= (relative-pitch n2) 3) (pitch>= n1 n2))	(multiply-duration 1.0 (transpose-diatonic #-1 n1))	(multiply-duration 1.0 (transpose-diatonic 1 n2))
TR	rel-pitch-6-to-5	1	true	n1 n2	(and (duration>= (duration n1) 8) (not (rest? n1)) (= (note-category n1) C) (= (relative-pitch n1) 6) (duration>= (duration n2) 8) (not (rest? n2)) (= (note-category n2) C) (= (relative-pitch n2) 5) (pitch>= n1 n2))	(multiply-duration 1.0 (transpose-diatonic 1 n1))	(multiply-duration 1.0 (transpose-diatonic 1 n2))
TR	rel-pitch-6-to-#4	2	true	n1 n2	(and (duration>= (duration n1) 8) (not (rest? n1)) (= (note-category n1) C) (= (relative-pitch n1) 6) (duration>= (duration n2) 8) (not (rest? n2)) (= (note-category n2) C) (= (relative-pitch n2) #4) (pitch>= n1 n2))	(multiply-duration 1.0 (transpose-diatonic #-1 n1))	(multiply-duration 1.0 (transpose-diatonic b1 n2))
TR	rel-pitch-6-to-6	2	true	n1 n2	(and (duration>= (duration n1) 8) (not (rest? n1)) (= (note-category n1) C) (= (relative-pitch n1) 6) (duration>= (duration n2) 8) (not (rest? n2)) (= (note-category n2) C) (= (relative-pitch n2) 6) (pitch>= n1 n2))	(multiply-duration 1.0 (transpose-diatonic #-1 n1))	(multiply-duration 1.0 (transpose-diatonic #-1 n2))
TR	rel-pitch-6-to-6	2	true	n1 n2	(and (duration>= (duration n1) 8) (not (rest? n1)) (= (note-category n1) C) (= (relative-pitch n1) 6) (duration>= (duration n2) 8) (not (rest? n2)) (= (note-category n2) C) (= (relative-pitch n2) 6) (pitch>= n1 n2))	(multiply-duration 1.0 (transpose-diatonic #-1 n1))	(multiply-duration 1.0 (transpose-diatonic 1 n2))
TR	rel-pitch-6-to-1	2	true	n1 n2	(and (duration>= (duration n1) 8) (not (rest? n1)) (= (note-category n1) C) (= (relative-pitch n1) 6) (duration>= (duration n2) 8) (not (rest? n2)) (= (note-category n2) C) (= (relative-pitch n2) 1) (pitch< n1 n2))	(multiply-duration 1.0 (transpose-diatonic 1 n1))	(multiply-duration 1.0 (transpose-diatonic #-1 n2))
TR	rel-pitch-6-to-7	1	true	n1 n2	(and (duration>= (duration n1) 8) (not (rest? n1)) (= (note-category n1) C) (= (relative-pitch n1) 6) (duration>= (duration n2) 8) (not (rest? n2)) (= (note-category n2) C) (= (relative-pitch n2) 7) (pitch< n1 n2))	(multiply-duration 0.6666666666666666 (transpose-diatonic -1 n1))	(multiply-duration 0.3333333333333333 (transpose-diatonic 1 n1))	(multiply-duration 0.3333333333333333 (transpose-diatonic -1 n2))	(multiply-duration 0.6666666666666666 (transpose-diatonic 2 n2))
TR	rel-pitch-6-to-#4	4	true	n1 n2	(and (duration>= (duration n1) 8) (not (rest? n1)) (= (note-category n1) C) (= (relative-pitch n1) 6) (duration>= (duration n2) 8) (not (rest? n2)) (= (note-category n2) C) (= (relative-pitch n2) #4) (pitch>= n1 n2))	(multiply-duration 1.0 (transpose-diatonic 1 n1))	(multiply-duration 1.0 (transpose-diatonic b1 n2))
TR	rel-pitch-6-to-1	1	true	n1 n2	(and (duration>= (duration n1) 8) (not (rest? n1)) (= (note-category n1) C) (= (relative-pitch n1) 6) (duration>= (duration n2) 8) (not (rest? n2)) (= (note-category n2) C) (= (relative-pitch n2) 1) (pitch< n1 n2))	(multiply-duration 1.0 (transpose-diatonic #-1 n1))	(multiply-duration 1.0 (transpose-diatonic 1 n2))
TR	rel-pitch-6-to-#4	1	true	n1 n2	(and (duration>= (duration n1) 8) (not (rest? n1)) (= (note-category n1) C) (= (relative-pitch n1) 6) (duration>= (duration n2) 8) (not (rest? n2)) (= (note-category n2) C) (= (relative-pitch n2) #4) (pitch>= n1 n2))	(multiply-duration 1.0 (transpose-diatonic 1 n1))	(multiply-duration 1.0 (transpose-diatonic 1 n2))
TR	rel-pitch-6-to-1	1	true	n1 n2	(and (duration>= (duration n1) 8) (not (rest? n1)) (= (note-category n1) C) (= (relative-pitch n1) 6) (duration>= (duration n2) 8) (not (rest? n2)) (= (note-category n2) C) (= (relative-pitch n2) 1) (pitch< n1 n2))	(multiply-duration 1.0 (transpose-diatonic 1 n1))	(multiply-duration 1.0 (transpose-diatonic 1 n2))
TR	rel-pitch-6-to-7	1	true	n1 n2	(and (duration>= (duration n1) 8) (not (rest? n1)) (= (note-category n1) C) (= (relative-pitch n1) 6) (duration>= (duration n2) 8) (not (rest? n2)) (= (note-category n2) C) (= (relative-pitch n2) 7) (pitch< n1 n2))	(multiply-duration 1.0 (transpose-diatonic 1 n1))	(multiply-duration 1.0 (transpose-diatonic 1 n2))
TR	rel-pitch-6-to-6	2	true	n1 n2	(and (duration>= (duration n1) 8) (not (rest? n1)) (= (note-category n1) C) (= (relative-pitch n1) 6) (duration>= (duration n2) 8) (not (rest? n2)) (= (note-category n2) C) (= (relative-pitch n2) 6) (pitch>= n1 n2))	(multiply-duration 1.0 (transpose-diatonic 1 n1))	(multiply-duration 1.0 (transpose-diatonic 1 n2))
TR	rel-pitch-6	16	true	n1	(and (duration>= (duration n1) 8) (not (rest? n1)) (= (note-category n1) C) (= (relative-pitch n1) 6))	(multiply-duration 1.0 (transpose-diatonic #-1 n1))
TR	rel-pitch-6	1	true	n1	(and (duration>= (duration n1) 8) (not (rest? n1)) (= (note-category n1) C) (= (relative-pitch n1) 6))	(multiply-duration 0.6666666666666666 (transpose-diatonic -1 n1))	(multiply-duration 0.3333333333333333 (transpose-diatonic 1 n1))
TR	rel-pitch-6	27	true	n1	(and (duration>= (duration n1) 8) (not (rest? n1)) (= (note-category n1) C) (= (relative-pitch n1) 6))	(multiply-duration 1.0 (transpose-diatonic 1 n1))
SUB	eighth-first-rel-pitch-b2	motif	1	true
TR	rel-pitch-b2-to-b2	1	true	n1 n2	(and (duration>= (duration n1) 8) (not (rest? n1)) (= (note-category n1) C) (= (relative-pitch n1) b2) (duration>= (duration n2) 8) (not (rest? n2)) (= (note-category n2) C) (= (relative-pitch n2) b2) (pitch>= n1 n2))	(multiply-duration 1.0 (transpose-diatonic 1 n1))	(multiply-duration 1.0 (transpose-diatonic 1 n2))
TR	rel-pitch-b2-to-b2	4	true	n1 n2	(and (duration>= (duration n1) 8) (not (rest? n1)) (= (note-category n1) C) (= (relative-pitch n1) b2) (duration>= (duration n2) 8) (not (rest? n2)) (= (note-category n2) C) (= (relative-pitch n2) b2) (pitch>= n1 n2))	(multiply-duration 1.0 (transpose-diatonic #1 n1))	(multiply-duration 1.0 (transpose-diatonic #1 n2))
TR	rel-pitch-b2-to-6	3	true	n1 n2	(and (duration>= (duration n1) 8) (not (rest? n1)) (= (note-category n1) C) (= (relative-pitch n1) b2) (duration>= (duration n2) 8) (not (rest? n2)) (= (note-category n2) C) (= (relative-pitch n2) 6) (pitch>= n1 n2))	(multiply-duration 1.0 (transpose-diatonic 1 n1))	(multiply-duration 1.0 (transpose-diatonic 1 n2))
TR	rel-pitch-b2-to-6	1	true	n1 n2	(and (duration>= (duration n1) 8) (not (rest? n1)) (= (note-category n1) C) (= (relative-pitch n1) b2) (duration>= (duration n2) 8) (not (rest? n2)) (= (note-category n2) C) (= (relative-pitch n2) 6) (pitch>= n1 n2))	(multiply-duration 1.0 (transpose-diatonic #1 n1))	(multiply-duration 1.0 (transpose-diatonic 1 n2))
TR	rel-pitch-b2-to-#4	1	true	n1 n2	(and (duration>= (duration n1) 8) (not (rest? n1)) (= (note-category n1) C) (= (relative-pitch n1) b2) (duration>= (duration n2) 8) (not (rest? n2)) (= (note-category n2) C) (= (relative-pitch n2) #4) (pitch< n1 n2))	(multiply-duration 1.0 (transpose-diatonic 1 n1))	(multiply-duration 1.0 (transpose-diatonic 1 n2))
TR	rel-pitch-b2-to-1	1	true	n1 n2	(and (duration>= (duration n1) 8) (not (rest? n1)) (= (note-category n1) C) (= (relative-pitch n1) b2) (duration>= (duration n2) 8) (not (rest? n2)) (= (note-category n2) C) (= (relative-pitch n2) 1) (pitch>= n1 n2))	(multiply-duration 1.0 (transpose-diatonic #1 n1))	(multiply-duration 1.0 (transpose-diatonic 1 n2))
TR	rel-pitch-b2-to-1	2	true	n1 n2	(and (duration>= (duration n1) 8) (not (rest? n1)) (= (note-category n1) C) (= (relative-pitch n1) b2) (duration>= (duration n2) 8) (not (rest? n2)) (= (note-category n2) C) (= (relative-pitch n2) 1) (pitch>= n1 n2))	(multiply-duration 1.0 (transpose-diatonic 1 n1))	(multiply-duration 1.0 (transpose-diatonic 1 n2))
TR	rel-pitch-b2-to-3	1	true	n1 n2	(and (duration>= (duration n1) 8) (not (rest? n1)) (= (note-category n1) C) (= (relative-pitch n1) b2) (duration>= (duration n2) 8) (not (rest? n2)) (= (note-category n2) C) (= (relative-pitch n2) 3) (pitch< n1 n2))	(multiply-duration 1.0 (transpose-diatonic #1 n1))	(multiply-duration 1.0 (transpose-diatonic b1 n2))
TR	rel-pitch-b2-to-3	1	true	n1 n2	(and (duration>= (duration n1) 8) (not (rest? n1)) (= (note-category n1) C) (= (relative-pitch n1) b2) (duration>= (duration n2) 8) (not (rest? n2)) (= (note-category n2) C) (= (relative-pitch n2) 3) (pitch< n1 n2))	(multiply-duration 1.0 (transpose-diatonic #1 n1))	(multiply-duration 1.0 (transpose-diatonic 1 n2))
TR	rel-pitch-b2-to-1	2	true	n1 n2	(and (duration>= (duration n1) 8) (not (rest? n1)) (= (note-category n1) C) (= (relative-pitch n1) b2) (duration>= (duration n2) 8) (not (rest? n2)) (= (note-category n2) C) (= (relative-pitch n2) 1) (pitch>= n1 n2))	(multiply-duration 1.0 (transpose-diatonic 1 n1))	(multiply-duration 1.0 (transpose-diatonic #-1 n2))
TR	rel-pitch-b2-to-3	1	true	n1 n2	(and (duration>= (duration n1) 8) (not (rest? n1)) (= (note-category n1) C) (= (relative-pitch n1) b2) (duration>= (duration n2) 8) (not (rest? n2)) (= (note-category n2) C) (= (relative-pitch n2) 3) (pitch< n1 n2))	(multiply-duration 1.0 (transpose-diatonic 1 n1))	(multiply-duration 1.0 (transpose-diatonic b1 n2))
TR	rel-pitch-b2-to-b2	1	true	n1 n2	(and (duration>= (duration n1) 8) (not (rest? n1)) (= (note-category n1) C) (= (relative-pitch n1) b2) (duration>= (duration n2) 8) (not (rest? n2)) (= (note-category n2) C) (= (relative-pitch n2) b2) (pitch>= n1 n2))	(multiply-duration 1.0 (transpose-diatonic #1 n1))	(multiply-duration 1.0 (transpose-diatonic 1 n2))
TR	rel-pitch-b2-to-7	1	true	n1 n2	(and (duration>= (duration n1) 8) (not (rest? n1)) (= (note-category n1) C) (= (relative-pitch n1) b2) (duration>= (duration n2) 8) (not (rest? n2)) (= (note-category n2) C) (= (relative-pitch n2) 7) (pitch>= n1 n2))	(multiply-duration 1.0 (transpose-diatonic #1 n1))	(multiply-duration 1.0 (transpose-diatonic 1 n2))
TR	rel-pitch-b2-to-7	1	true	n1 n2	(and (duration>= (duration n1) 8) (not (rest? n1)) (= (note-category n1) C) (= (relative-pitch n1) b2) (duration>= (duration n2) 8) (not (rest? n2)) (= (note-category n2) C) (= (relative-pitch n2) 7) (pitch>= n1 n2))	(multiply-duration 1.0 (transpose-diatonic 1 n1))	(multiply-duration 1.0 (transpose-diatonic 1 n2))
TR	rel-pitch-b2-to-1	3	true	n1 n2	(and (duration>= (duration n1) 8) (not (rest? n1)) (= (note-category n1) C) (= (relative-pitch n1) b2) (duration>= (duration n2) 8) (not (rest? n2)) (= (note-category n2) C) (= (relative-pitch n2) 1) (pitch>= n1 n2))	(multiply-duration 1.0 (transpose-diatonic #1 n1))	(multiply-duration 1.0 (transpose-diatonic #-1 n2))
TR	rel-pitch-b2	27	true	n1	(and (duration>= (duration n1) 8) (not (rest? n1)) (= (note-category n1) C) (= (relative-pitch n1) b2))	(multiply-duration 1.0 (transpose-diatonic #1 n1))
TR	rel-pitch-b2	20	true	n1	(and (duration>= (duration n1) 8) (not (rest? n1)) (= (note-category n1) C) (= (relative-pitch n1) b2))	(multiply-duration 1.0 (transpose-diatonic 1 n1))
